user_id,age,gender,country
1,54,Female,CA
2,33,Other,DE
3,38,Male,AU
4,22,Female,CA
5,29,Other,US
6,17,Female,AU
7,39,Female,UK
8,41,Female,UK
9,55,Other,DE
10,44,Male,DE
11,33,Other,DE
12,24,Other,CA
13,37,Female,IN
14,53,Female,US
15,37,Other,IN
16,25,Male,FR
17,36,Female,DE
18,58,Male,US
19,34,Female,DE
20,35,Male,UK
21,33,Female,AU
22,49,Male,AU
23,45,Female,PK
24,44,Male,CA
25,32,Other,CA
26,19,Female,US
27,28,Male,IN
28,58,Other,FR
29,33,Male,FR
30,22,Female,FR
31,44,Other,UK
32,53,Male,US
33,49,Female,IN
34,49,Male,US
35,55,Female,FR
36,24,Other,DE
37,22,Male,DE
38,50,Female,US
39,42,Female,DE
40,17,Male,DE
41,51,Female,UK
42,46,Female,US
43,22,Male,DE
44,37,Male,DE
45,39,Male,PK
46,18,Female,PK
47,56,Female,CA
48,58,Male,US
49,59,Other,US
50,50,Male,PK
51,45,Female,CA
52,56,Other,FR
53,38,Female,AU
54,57,Male,DE
55,46,Female,UK
56,41,Female,IN
57,19,Other,IN
58,48,Male,FR
59,22,Other,DE
60,17,Other,IN
61,25,Female,UK
62,49,Other,PK
63,59,Other,IN
64,45,Female,CA
65,45,Male,IN
66,21,Other,FR
67,45,Male,DE
68,45,Female,UK
69,22,Other,AU
70,56,Female,US
71,51,Other,AU
72,22,Female,AU
73,33,Other,CA
74,59,Other,AU
75,41,Male,DE
76,25,Male,UK
77,41,Male,FR
78,30,Other,FR
79,23,Male,US
80,47,Female,PK
81,34,Male,AU
82,45,Other,FR
83,32,Other,PK
84,51,Other,CA
85,21,Other,FR
86,20,Female,IN
87,21,Male,US
88,44,Female,UK
89,50,Other,PK
90,52,Other,DE
91,43,Male,UK
92,41,Female,PK
93,57,Female,IN
94,50,Other,UK
95,35,Female,FR
96,51,Other,IN
97,34,Male,CA
98,47,Female,US
99,19,Male,PK
100,30,Female,UK
101,27,Female,FR
102,25,Male,DE
103,47,Female,AU
104,33,Male,US
105,46,Male,CA
106,50,Other,AU
107,31,Male,FR
108,45,Female,FR
109,51,Male,FR
110,33,Other,CA
111,42,Male,DE
112,16,Male,CA
113,31,Other,FR
114,40,Male,AU
115,57,Male,FR
116,17,Female,CA
117,31,Male,CA
118,45,Other,UK
119,59,Male,PK
120,49,Other,PK
121,59,Male,IN
122,47,Male,DE
123,21,Male,US
124,28,Female,DE
125,47,Female,US
126,46,Female,IN
127,20,Female,US
128,34,Female,PK
129,24,Other,DE
130,40,Male,US
131,48,Male,UK
132,47,Other,PK
133,33,Female,IN
134,20,Male,US
135,55,Other,DE
136,58,Male,CA
137,41,Other,US
138,53,Other,US
139,50,Female,CA
140,55,Other,US
141,56,Female,US
142,18,Other,AU
143,29,Male,CA
144,28,Female,UK
145,24,Male,PK
146,44,Other,AU
147,18,Other,IN
148,40,Other,PK
149,22,Other,DE
150,34,Male,FR
151,44,Male,AU
152,58,Male,US
153,41,Female,PK
154,52,Female,UK
155,26,Male,IN
156,42,Other,CA
157,27,Other,PK
158,48,Other,DE
159,24,Other,AU
160,34,Other,CA
161,28,Other,DE
162,17,Female,FR
163,50,Other,PK
164,35,Female,AU
165,20,Male,DE
166,50,Female,PK
167,23,Male,FR
168,20,Other,UK
169,51,Male,CA
170,18,Female,PK
171,29,Male,DE
172,39,Male,DE
173,51,Other,CA
174,24,Male,PK
175,20,Male,DE
176,57,Female,UK
177,16,Other,AU
178,18,Male,PK
179,16,Male,DE
180,50,Female,UK
181,23,Male,DE
182,53,Female,AU
183,58,Male,CA
184,31,Female,DE
185,19,Female,US
186,36,Female,US
187,19,Other,PK
188,26,Other,IN
189,16,Other,US
190,49,Other,AU
191,55,Female,UK
192,21,Other,DE
193,48,Other,CA
194,38,Female,IN
195,59,Male,PK
196,31,Female,CA
197,24,Female,US
198,55,Male,UK
199,53,Male,UK
200,31,Other,US
201,49,Female,AU
202,49,Other,UK
203,33,Female,DE
204,59,Other,PK
205,58,Female,AU
206,49,Other,PK
207,42,Male,DE
208,24,Other,AU
209,33,Male,IN
210,20,Other,IN
211,42,Other,IN
212,16,Female,DE
213,37,Male,CA
214,26,Female,FR
215,46,Other,US
216,36,Male,US
217,32,Other,FR
218,18,Other,IN
219,20,Other,DE
220,19,Female,IN
221,34,Other,CA
222,50,Other,DE
223,36,Other,FR
224,53,Other,DE
225,31,Female,PK
226,40,Female,FR
227,41,Female,CA
228,27,Male,UK
229,52,Other,DE
230,49,Other,AU
231,51,Male,DE
232,19,Female,FR
233,41,Male,UK
234,49,Male,DE
235,17,Male,FR
236,22,Female,UK
237,31,Male,UK
238,19,Female,FR
239,37,Female,CA
240,43,Female,UK
241,29,Male,UK
242,51,Female,CA
243,41,Male,CA
244,24,Other,FR
245,19,Other,PK
246,48,Male,IN
247,37,Other,US
248,59,Female,US
249,54,Female,IN
250,36,Female,AU
251,58,Other,FR
252,20,Other,CA
253,18,Other,AU
254,35,Female,DE
255,57,Male,UK
256,55,Other,CA
257,53,Other,PK
258,22,Other,US
259,51,Other,IN
260,43,Female,PK
261,37,Other,AU
262,29,Male,US
263,17,Male,UK
264,36,Male,IN
265,53,Male,AU
266,54,Female,IN
267,59,Female,AU
268,42,Other,DE
269,36,Other,AU
270,22,Female,AU
271,19,Male,DE
272,47,Male,IN
273,29,Male,CA
274,32,Other,CA
275,47,Other,US
276,30,Male,DE
277,23,Male,UK
278,37,Other,FR
279,17,Other,PK
280,45,Female,US
281,42,Female,AU
282,42,Male,US
283,31,Other,AU
284,53,Female,IN
285,47,Other,AU
286,40,Female,FR
287,35,Female,PK
288,33,Female,IN
289,44,Other,DE
290,41,Other,UK
291,32,Male,DE
292,20,Other,CA
293,51,Male,US
294,25,Female,US
295,32,Other,PK
296,34,Female,DE
297,34,Male,DE
298,45,Male,DE
299,45,Female,US
300,50,Other,US
301,45,Female,UK
302,55,Female,PK
303,32,Female,US
304,48,Male,UK
305,36,Other,US
306,39,Other,DE
307,59,Other,CA
308,23,Male,US
309,41,Other,UK
310,31,Female,FR
311,48,Male,IN
312,21,Female,AU
313,18,Other,AU
314,25,Female,FR
315,56,Male,IN
316,34,Male,FR
317,25,Other,CA
318,24,Male,PK
319,41,Other,FR
320,38,Male,IN
321,19,Other,US
322,25,Other,IN
323,55,Male,IN
324,17,Male,UK
325,50,Female,FR
326,39,Other,DE
327,26,Male,AU
328,34,Other,UK
329,32,Female,CA
330,40,Female,CA
331,32,Male,US
332,51,Female,CA
333,46,Male,CA
334,51,Female,CA
335,38,Female,CA
336,54,Female,FR
337,59,Male,UK
338,41,Other,AU
339,34,Other,IN
340,55,Female,IN
341,34,Female,UK
342,20,Female,UK
343,20,Female,CA
344,32,Male,IN
345,37,Female,DE
346,50,Other,CA
347,21,Female,DE
348,48,Male,US
349,46,Male,IN
350,44,Other,AU
351,55,Female,PK
352,57,Female,AU
353,41,Other,CA
354,50,Male,CA
355,32,Other,FR
356,51,Male,PK
357,26,Female,FR
358,22,Male,PK
359,19,Other,UK
360,49,Female,DE
361,56,Male,IN
362,39,Other,PK
363,57,Other,PK
364,18,Other,AU
365,43,Male,CA
366,32,Female,US
367,33,Other,US
368,16,Other,IN
369,50,Other,FR
370,42,Female,PK
371,49,Other,UK
372,35,Female,FR
373,54,Other,IN
374,44,Male,PK
375,21,Female,FR
376,44,Male,FR
377,46,Male,AU
378,53,Other,AU
379,39,Other,US
380,26,Other,AU
381,35,Female,DE
382,51,Other,PK
383,55,Other,DE
384,45,Female,PK
385,53,Female,PK
386,16,Female,DE
387,32,Male,FR
388,26,Other,FR
389,48,Female,UK
390,59,Other,UK
391,42,Female,IN
392,40,Female,IN
393,53,Female,PK
394,38,Female,US
395,58,Female,CA
396,24,Other,US
397,36,Other,DE
398,53,Female,UK
399,21,Male,AU
400,43,Male,FR
401,26,Female,US
402,23,Male,DE
403,40,Female,PK
404,37,Female,CA
405,33,Male,PK
406,26,Other,US
407,43,Other,AU
408,46,Other,CA
409,23,Male,AU
410,30,Female,CA
411,32,Female,AU
412,29,Female,AU
413,19,Other,US
414,19,Male,AU
415,24,Male,FR
416,16,Other,UK
417,44,Male,CA
418,42,Male,UK
419,55,Female,FR
420,38,Other,UK
421,30,Male,AU
422,20,Female,CA
423,40,Female,AU
424,58,Female,FR
425,20,Other,AU
426,43,Male,DE
427,37,Other,US
428,48,Other,IN
429,53,Other,PK
430,25,Other,CA
431,51,Female,CA
432,42,Other,UK
433,50,Other,PK
434,56,Other,FR
435,47,Female,US
436,41,Male,US
437,20,Male,IN
438,57,Male,IN
439,35,Other,DE
440,40,Male,PK
441,46,Female,IN
442,48,Male,US
443,49,Other,UK
444,44,Male,AU
445,47,Other,AU
446,46,Other,PK
447,44,Other,FR
448,52,Male,IN
449,37,Other,FR
450,41,Male,US
451,55,Female,DE
452,28,Female,DE
453,40,Male,US
454,19,Male,IN
455,53,Male,CA
456,20,Other,FR
457,18,Female,UK
458,25,Female,US
459,26,Male,UK
460,24,Male,PK
461,41,Female,PK
462,21,Male,CA
463,30,Female,CA
464,37,Male,AU
465,39,Male,DE
466,53,Female,PK
467,39,Female,IN
468,48,Male,FR
469,41,Other,CA
470,52,Other,DE
471,51,Male,CA
472,20,Male,US
473,58,Other,DE
474,22,Other,UK
475,33,Other,IN
476,35,Female,DE
477,21,Female,IN
478,31,Male,PK
479,54,Other,FR
480,49,Female,UK
481,44,Other,DE
482,51,Other,UK
483,56,Female,DE
484,33,Female,CA
485,42,Male,US
486,19,Female,UK
487,16,Male,DE
488,29,Male,AU
489,43,Male,AU
490,42,Other,DE
491,38,Other,US
492,20,Male,US
493,23,Male,AU
494,51,Female,FR
495,17,Male,DE
496,17,Other,PK
497,37,Female,IN
498,55,Male,CA
499,48,Female,FR
500,38,Other,IN
501,55,Other,IN
502,23,Female,AU
503,49,Other,US
504,38,Other,UK
505,40,Other,CA
506,31,Male,FR
507,36,Male,DE
508,57,Female,AU
509,48,Other,FR
510,21,Male,US
511,21,Other,DE
512,23,Female,FR
513,28,Other,DE
514,53,Female,FR
515,20,Female,CA
516,43,Female,PK
517,25,Other,US
518,56,Other,US
519,21,Male,AU
520,24,Other,DE
521,38,Male,DE
522,20,Other,CA
523,28,Male,IN
524,58,Male,DE
525,47,Male,CA
526,24,Female,US
527,20,Other,US
528,41,Other,DE
529,35,Male,PK
530,21,Female,PK
531,17,Other,AU
532,49,Other,FR
533,35,Male,US
534,34,Other,AU
535,38,Male,UK
536,35,Other,DE
537,38,Other,PK
538,39,Female,DE
539,53,Female,AU
540,42,Other,IN
541,40,Female,DE
542,48,Male,FR
543,52,Other,UK
544,44,Female,AU
545,30,Male,DE
546,57,Female,FR
547,29,Male,AU
548,49,Male,DE
549,25,Male,US
550,32,Other,IN
551,39,Male,PK
552,22,Male,FR
553,23,Other,PK
554,53,Female,FR
555,46,Male,DE
556,41,Male,DE
557,30,Female,US
558,40,Other,IN
559,46,Other,IN
560,25,Female,PK
561,41,Female,AU
562,27,Other,DE
563,45,Other,PK
564,52,Female,UK
565,48,Female,IN
566,38,Other,US
567,44,Other,IN
568,45,Male,AU
569,25,Other,UK
570,50,Female,FR
571,58,Male,DE
572,35,Other,US
573,18,Male,FR
574,21,Female,IN
575,32,Other,IN
576,33,Male,DE
577,41,Male,AU
578,33,Female,FR
579,35,Male,AU
580,18,Male,PK
581,58,Female,FR
582,46,Female,DE
583,21,Female,AU
584,33,Female,CA
585,39,Other,UK
586,27,Female,PK
587,26,Other,PK
588,23,Female,US
589,58,Female,AU
590,51,Female,IN
591,22,Other,AU
592,58,Male,UK
593,37,Male,AU
594,34,Male,IN
595,23,Other,US
596,32,Female,FR
597,41,Male,UK
598,28,Female,UK
599,19,Male,DE
600,35,Other,FR
601,25,Male,IN
602,44,Other,AU
603,58,Female,DE
604,37,Male,UK
605,21,Female,CA
606,28,Female,UK
607,19,Female,DE
608,21,Other,IN
609,41,Female,DE
610,31,Female,UK
611,40,Female,FR
612,57,Male,CA
613,22,Female,FR
614,54,Female,IN
615,42,Female,UK
616,37,Female,CA
617,51,Other,UK
618,26,Other,UK
619,44,Male,AU
620,53,Other,FR
621,54,Other,DE
622,27,Female,DE
623,29,Female,IN
624,24,Other,AU
625,58,Other,US
626,16,Male,DE
627,37,Female,AU
628,16,Other,US
629,24,Other,US
630,32,Female,UK
631,29,Male,US
632,31,Female,AU
633,59,Female,AU
634,56,Other,IN
635,20,Other,AU
636,27,Other,IN
637,41,Other,US
638,16,Other,IN
639,34,Male,AU
640,23,Female,PK
641,25,Female,US
642,58,Male,AU
643,51,Other,DE
644,48,Female,IN
645,22,Male,AU
646,33,Other,DE
647,54,Male,UK
648,50,Male,PK
649,28,Other,DE
650,48,Female,FR
651,21,Other,IN
652,19,Other,CA
653,26,Other,US
654,55,Female,CA
655,59,Female,IN
656,24,Female,IN
657,58,Female,AU
658,23,Male,FR
659,53,Male,FR
660,29,Other,FR
661,23,Female,DE
662,29,Female,AU
663,49,Other,UK
664,23,Female,DE
665,29,Female,DE
666,43,Other,IN
667,31,Male,CA
668,43,Other,US
669,39,Female,UK
670,38,Female,UK
671,31,Male,CA
672,35,Female,UK
673,44,Female,PK
674,33,Female,AU
675,27,Female,CA
676,38,Other,CA
677,30,Male,IN
678,55,Other,DE
679,20,Female,UK
680,33,Male,CA
681,47,Female,DE
682,47,Female,PK
683,38,Other,DE
684,55,Female,AU
685,40,Female,PK
686,49,Female,CA
687,52,Female,CA
688,35,Other,PK
689,53,Other,IN
690,52,Male,UK
691,22,Other,UK
692,58,Other,DE
693,33,Male,IN
694,20,Female,UK
695,21,Male,CA
696,56,Male,UK
697,54,Female,PK
698,51,Male,UK
699,24,Male,IN
700,21,Female,PK
701,58,Male,PK
702,26,Female,US
703,32,Male,FR
704,44,Male,DE
705,22,Male,AU
706,29,Female,US
707,37,Male,UK
708,18,Female,PK
709,27,Female,AU
710,43,Male,DE
711,58,Male,FR
712,20,Other,IN
713,37,Female,FR
714,39,Male,US
715,36,Male,PK
716,51,Female,US
717,28,Male,FR
718,39,Other,UK
719,51,Other,PK
720,46,Female,AU
721,18,Female,PK
722,46,Female,FR
723,42,Female,FR
724,46,Other,UK
725,35,Other,IN
726,57,Female,PK
727,38,Other,IN
728,31,Other,DE
729,20,Other,IN
730,26,Other,IN
731,58,Female,DE
732,51,Other,UK
733,23,Male,CA
734,38,Male,DE
735,31,Female,US
736,24,Other,IN
737,42,Male,DE
738,27,Other,PK
739,57,Other,IN
740,36,Male,CA
741,16,Male,PK
742,24,Female,FR
743,53,Male,DE
744,36,Other,AU
745,51,Other,DE
746,42,Other,CA
747,29,Other,FR
748,59,Male,CA
749,22,Other,AU
750,52,Female,UK
751,27,Male,CA
752,46,Male,AU
753,52,Male,US
754,39,Other,DE
755,33,Male,CA
756,17,Other,UK
757,35,Female,AU
758,41,Male,FR
759,42,Female,DE
760,49,Female,AU
761,57,Male,AU
762,26,Male,IN
763,17,Other,DE
764,49,Female,US
765,52,Other,DE
766,49,Other,AU
767,57,Other,UK
768,24,Female,FR
769,24,Other,DE
770,48,Female,AU
771,40,Other,IN
772,59,Other,IN
773,39,Female,IN
774,54,Female,FR
775,40,Male,IN
776,51,Female,DE
777,31,Other,US
778,24,Male,IN
779,18,Female,UK
780,18,Female,DE
781,44,Female,UK
782,32,Male,US
783,32,Male,AU
784,52,Other,US
785,31,Female,FR
786,33,Male,CA
787,46,Male,FR
788,16,Female,CA
789,23,Female,AU
790,26,Male,FR
791,52,Female,AU
792,27,Female,US
793,32,Other,DE
794,20,Male,PK
795,47,Other,DE
796,31,Female,IN
797,30,Female,AU
798,27,Female,FR
799,30,Other,AU
800,17,Female,IN
801,56,Male,IN
802,57,Other,FR
803,57,Other,AU
804,41,Male,DE
805,36,Female,DE
806,22,Other,AU
807,40,Female,US
808,36,Male,UK
809,19,Other,AU
810,44,Other,PK
811,57,Male,UK
812,17,Other,UK
813,26,Male,IN
814,19,Other,FR
815,24,Other,UK
816,22,Female,UK
817,57,Other,FR
818,51,Male,DE
819,44,Other,AU
820,43,Other,IN
821,32,Female,UK
822,20,Female,FR
823,56,Female,US
824,32,Male,CA
825,31,Female,PK
826,26,Male,US
827,54,Other,UK
828,17,Male,FR
829,47,Male,FR
830,22,Other,DE
831,31,Female,CA
832,31,Other,PK
833,32,Other,AU
834,26,Male,PK
835,26,Male,CA
836,17,Male,US
837,25,Female,PK
838,31,Male,UK
839,55,Other,CA
840,36,Other,US
841,39,Female,CA
842,35,Male,UK
843,22,Male,US
844,45,Other,IN
845,30,Other,IN
846,51,Female,AU
847,44,Other,IN
848,39,Male,IN
849,46,Other,UK
850,20,Other,UK
851,32,Other,UK
852,18,Other,UK
853,24,Male,PK
854,54,Male,IN
855,40,Female,CA
856,59,Female,US
857,41,Male,US
858,38,Other,US
859,41,Male,PK
860,30,Male,UK
861,46,Male,AU
862,44,Female,PK
863,59,Male,DE
864,53,Female,DE
865,26,Male,AU
866,44,Male,UK
867,35,Male,FR
868,33,Male,DE
869,53,Female,CA
870,27,Female,CA
871,24,Male,FR
872,29,Male,US
873,49,Other,US
874,52,Male,CA
875,38,Male,DE
876,37,Female,IN
877,25,Female,AU
878,45,Female,PK
879,27,Other,PK
880,50,Female,FR
881,58,Other,UK
882,32,Male,FR
883,44,Female,FR
884,41,Male,UK
885,22,Male,IN
886,59,Male,AU
887,38,Male,UK
888,38,Other,CA
889,59,Other,AU
890,48,Female,FR
891,28,Other,FR
892,48,Female,IN
893,37,Male,DE
894,33,Female,UK
895,40,Female,CA
896,42,Other,AU
897,20,Male,IN
898,49,Other,PK
899,46,Female,FR
900,28,Other,AU
901,59,Female,UK
902,46,Female,US
903,57,Female,FR
904,35,Female,AU
905,43,Female,IN
906,16,Male,CA
907,57,Male,IN
908,55,Female,CA
909,50,Female,US
910,29,Male,PK
911,16,Other,PK
912,56,Other,PK
913,59,Female,DE
914,45,Male,PK
915,53,Female,UK
916,34,Female,AU
917,20,Other,AU
918,32,Male,DE
919,20,Other,AU
920,47,Female,AU
921,22,Other,CA
922,27,Male,DE
923,48,Male,US
924,34,Male,UK
925,47,Other,DE
926,24,Female,CA
927,53,Male,CA
928,36,Male,FR
929,45,Female,FR
930,30,Female,IN
931,53,Female,AU
932,33,Other,US
933,52,Female,US
934,29,Female,US
935,51,Male,UK
936,42,Female,DE
937,30,Female,PK
938,25,Other,US
939,48,Other,UK
940,28,Other,US
941,46,Male,DE
942,48,Female,US
943,35,Other,DE
944,55,Other,UK
945,50,Male,US
946,16,Female,CA
947,28,Male,FR
948,31,Male,AU
949,36,Male,DE
950,19,Female,PK
951,50,Male,US
952,33,Male,CA
953,35,Other,DE
954,21,Other,PK
955,17,Other,FR
956,19,Male,PK
957,33,Other,AU
958,36,Male,AU
959,50,Other,AU
960,54,Male,DE
961,36,Male,FR
962,49,Female,FR
963,35,Female,CA
964,53,Female,CA
965,55,Male,DE
966,36,Female,UK
967,47,Female,PK
968,22,Female,AU
969,55,Other,AU
970,47,Male,DE
971,18,Male,FR
972,42,Other,AU
973,42,Male,FR
974,51,Male,FR
975,24,Male,PK
976,28,Male,PK
977,17,Other,US
978,41,Other,US
979,48,Female,DE
980,50,Male,IN
981,42,Other,FR
982,35,Female,PK
983,19,Male,UK
984,31,Male,US
985,37,Male,PK
986,43,Male,US
987,37,Female,US
988,35,Female,CA
989,41,Male,AU
990,47,Female,FR
991,51,Male,UK
992,43,Female,UK
993,56,Male,US
994,46,Male,US
995,56,Male,CA
996,39,Other,DE
997,50,Other,US
998,45,Other,IN
999,56,Male,IN
1000,18,Male,US
1001,31,Female,IN
1002,46,Other,IN
1003,18,Male,PK
1004,25,Female,CA
1005,22,Female,IN
1006,19,Other,UK
1007,18,Female,UK
1008,49,Other,UK
1009,59,Female,PK
1010,59,Other,FR
1011,38,Female,FR
1012,43,Other,AU
1013,31,Female,CA
1014,28,Other,DE
1015,20,Male,PK
1016,22,Other,US
1017,22,Female,US
1018,51,Other,DE
1019,35,Female,AU
1020,34,Other,FR
1021,33,Other,PK
1022,42,Male,FR
1023,16,Female,AU
1024,51,Male,IN
1025,56,Male,DE
1026,57,Other,FR
1027,21,Other,FR
1028,20,Other,US
1029,53,Female,CA
1030,40,Other,US
1031,30,Male,UK
1032,43,Other,FR
1033,53,Other,CA
1034,53,Other,DE
1035,52,Other,AU
1036,34,Male,UK
1037,32,Male,IN
1038,22,Other,CA
1039,29,Male,US
1040,52,Female,CA
1041,32,Female,US
1042,56,Male,UK
1043,55,Male,DE
1044,25,Male,AU
1045,36,Male,UK
1046,46,Female,US
1047,25,Male,DE
1048,58,Male,FR
1049,55,Other,CA
1050,16,Other,AU
1051,20,Male,DE
1052,33,Female,AU
1053,55,Female,US
1054,40,Male,CA
1055,49,Other,AU
1056,32,Female,DE
1057,56,Other,AU
1058,54,Male,US
1059,21,Male,UK
1060,22,Female,IN
1061,24,Male,AU
1062,28,Female,US
1063,54,Female,FR
1064,28,Female,US
1065,49,Male,US
1066,26,Male,IN
1067,31,Male,UK
1068,46,Female,CA
1069,21,Male,IN
1070,32,Other,IN
1071,28,Other,DE
1072,51,Male,AU
1073,45,Other,DE
1074,40,Other,US
1075,30,Male,IN
1076,43,Other,UK
1077,32,Female,PK
1078,54,Male,PK
1079,23,Female,UK
1080,21,Other,AU
1081,41,Male,IN
1082,17,Male,FR
1083,46,Male,PK
1084,50,Male,US
1085,42,Other,DE
1086,46,Female,UK
1087,17,Other,US
1088,39,Female,PK
1089,51,Male,PK
1090,25,Other,DE
1091,51,Male,AU
1092,25,Male,PK
1093,54,Female,IN
1094,37,Other,UK
1095,59,Male,AU
1096,47,Female,FR
1097,56,Female,FR
1098,47,Female,PK
1099,32,Female,IN
1100,47,Other,IN
1101,46,Other,IN
1102,47,Male,FR
1103,49,Other,IN
1104,32,Other,FR
1105,21,Other,FR
1106,41,Female,FR
1107,25,Other,PK
1108,25,Other,IN
1109,45,Female,US
1110,30,Female,DE
1111,26,Male,DE
1112,42,Male,PK
1113,53,Male,UK
1114,35,Other,UK
1115,23,Other,FR
1116,55,Other,IN
1117,24,Female,US
1118,50,Other,FR
1119,44,Male,IN
1120,24,Male,AU
1121,26,Male,IN
1122,29,Other,US
1123,20,Male,DE
1124,18,Other,AU
1125,17,Other,DE
1126,21,Male,AU
1127,20,Other,CA
1128,27,Female,IN
1129,27,Other,US
1130,50,Female,UK
1131,26,Male,FR
1132,23,Female,FR
1133,56,Male,FR
1134,35,Female,FR
1135,56,Male,UK
1136,25,Female,PK
1137,44,Female,AU
1138,30,Female,PK
1139,53,Male,CA
1140,31,Male,US
1141,52,Female,UK
1142,31,Female,AU
1143,49,Female,US
1144,47,Other,PK
1145,30,Other,IN
1146,28,Other,UK
1147,49,Male,DE
1148,23,Female,AU
1149,56,Other,AU
1150,38,Female,FR
1151,59,Other,DE
1152,52,Female,UK
1153,20,Male,DE
1154,38,Male,US
1155,24,Female,IN
1156,16,Male,UK
1157,17,Female,FR
1158,27,Male,CA
1159,43,Female,DE
1160,43,Female,AU
1161,38,Female,FR
1162,19,Male,PK
1163,58,Other,PK
1164,35,Female,FR
1165,26,Male,US
1166,25,Other,CA
1167,25,Female,US
1168,34,Male,AU
1169,42,Other,FR
1170,42,Female,IN
1171,45,Other,AU
1172,35,Female,UK
1173,37,Other,FR
1174,17,Other,UK
1175,41,Male,DE
1176,49,Female,AU
1177,17,Other,FR
1178,47,Other,AU
1179,17,Male,US
1180,57,Other,FR
1181,43,Female,IN
1182,59,Female,IN
1183,47,Female,DE
1184,39,Other,CA
1185,34,Male,IN
1186,21,Male,IN
1187,37,Other,PK
1188,47,Other,IN
1189,58,Other,US
1190,51,Female,UK
1191,34,Female,DE
1192,38,Female,IN
1193,24,Female,IN
1194,57,Male,DE
1195,58,Female,PK
1196,58,Male,AU
1197,33,Other,CA
1198,43,Other,FR
1199,39,Female,CA
1200,40,Male,IN
1201,34,Male,CA
1202,20,Male,AU
1203,35,Female,CA
1204,42,Other,DE
1205,19,Male,US
1206,35,Female,DE
1207,48,Other,UK
1208,38,Other,IN
1209,19,Female,DE
1210,34,Other,CA
1211,29,Male,IN
1212,59,Male,DE
1213,42,Other,CA
1214,44,Other,AU
1215,25,Female,FR
1216,57,Other,US
1217,45,Female,PK
1218,49,Female,AU
1219,51,Female,UK
1220,47,Female,FR
1221,53,Female,AU
1222,23,Female,AU
1223,47,Other,IN
1224,53,Male,UK
1225,39,Female,US
1226,26,Female,PK
1227,44,Male,DE
1228,24,Male,US
1229,41,Other,CA
1230,25,Female,US
1231,49,Male,IN
1232,39,Female,US
1233,39,Other,DE
1234,53,Other,PK
1235,32,Other,FR
1236,27,Male,CA
1237,40,Male,FR
1238,51,Male,AU
1239,52,Female,UK
1240,40,Other,CA
1241,23,Other,DE
1242,42,Female,UK
1243,18,Male,UK
1244,20,Male,AU
1245,34,Other,AU
1246,59,Other,CA
1247,34,Other,IN
1248,42,Other,DE
1249,39,Other,US
1250,58,Female,FR
1251,20,Other,UK
1252,52,Female,US
1253,55,Male,PK
1254,31,Male,IN
1255,20,Female,DE
1256,21,Male,AU
1257,27,Other,UK
1258,57,Other,IN
1259,55,Male,DE
1260,32,Other,CA
1261,17,Other,CA
1262,38,Male,DE
1263,58,Female,UK
1264,42,Male,UK
1265,46,Female,AU
1266,51,Male,UK
1267,17,Female,PK
1268,54,Male,AU
1269,35,Other,DE
1270,16,Other,PK
1271,57,Male,AU
1272,42,Female,IN
1273,31,Female,UK
1274,53,Male,CA
1275,25,Female,AU
1276,59,Male,PK
1277,27,Male,FR
1278,37,Female,AU
1279,34,Other,AU
1280,36,Male,PK
1281,43,Female,FR
1282,40,Female,PK
1283,57,Other,AU
1284,43,Other,US
1285,36,Male,UK
1286,33,Female,PK
1287,37,Other,AU
1288,56,Other,US
1289,45,Male,US
1290,29,Male,DE
1291,35,Male,CA
1292,24,Female,FR
1293,44,Male,CA
1294,29,Other,PK
1295,47,Other,IN
1296,44,Male,AU
1297,53,Male,DE
1298,20,Female,AU
1299,25,Female,UK
1300,31,Male,AU
1301,41,Other,AU
1302,43,Female,PK
1303,18,Female,US
1304,31,Other,CA
1305,44,Male,AU
1306,27,Male,PK
1307,21,Other,CA
1308,25,Male,PK
1309,43,Male,IN
1310,52,Other,CA
1311,36,Other,CA
1312,31,Female,FR
1313,41,Other,US
1314,57,Male,US
1315,46,Female,FR
1316,16,Other,UK
1317,20,Male,PK
1318,55,Male,CA
1319,32,Other,AU
1320,26,Female,FR
1321,25,Male,AU
1322,57,Other,UK
1323,28,Female,AU
1324,26,Male,US
1325,59,Female,UK
1326,20,Female,CA
1327,54,Female,FR
1328,57,Male,IN
1329,30,Other,PK
1330,53,Female,DE
1331,40,Male,US
1332,59,Female,FR
1333,21,Male,AU
1334,48,Female,CA
1335,42,Female,PK
1336,37,Female,PK
1337,57,Other,UK
1338,25,Female,CA
1339,22,Male,US
1340,33,Male,US
1341,18,Female,UK
1342,58,Male,FR
1343,43,Other,PK
1344,33,Male,UK
1345,19,Other,IN
1346,57,Other,UK
1347,32,Other,AU
1348,51,Other,CA
1349,30,Other,US
1350,34,Male,US
1351,57,Male,CA
1352,51,Female,AU
1353,22,Other,CA
1354,29,Female,UK
1355,33,Other,IN
1356,48,Female,CA
1357,35,Male,IN
1358,32,Female,CA
1359,17,Female,PK
1360,56,Other,UK
1361,53,Male,IN
1362,42,Other,UK
1363,19,Other,FR
1364,18,Male,FR
1365,49,Male,PK
1366,24,Other,DE
1367,47,Female,US
1368,18,Female,IN
1369,58,Female,PK
1370,21,Other,UK
1371,48,Female,FR
1372,49,Male,AU
1373,52,Male,UK
1374,25,Male,US
1375,32,Other,UK
1376,44,Male,US
1377,50,Other,US
1378,58,Female,FR
1379,16,Male,AU
1380,47,Other,IN
1381,23,Other,UK
1382,43,Other,US
1383,45,Male,IN
1384,23,Male,PK
1385,38,Other,UK
1386,48,Female,IN
1387,31,Male,UK
1388,56,Other,IN
1389,47,Female,US
1390,31,Other,US
1391,59,Other,CA
1392,45,Male,IN
1393,53,Male,IN
1394,34,Other,UK
1395,53,Male,AU
1396,53,Other,CA
1397,44,Other,DE
1398,33,Male,US
1399,51,Female,IN
1400,17,Other,DE
1401,43,Female,UK
1402,20,Male,PK
1403,42,Male,DE
1404,54,Male,FR
1405,41,Male,DE
1406,50,Other,AU
1407,28,Male,PK
1408,42,Female,AU
1409,31,Other,FR
1410,34,Male,AU
1411,26,Other,AU
1412,45,Female,DE
1413,24,Female,US
1414,56,Other,PK
1415,39,Female,FR
1416,51,Other,IN
1417,20,Female,US
1418,19,Other,IN
1419,30,Other,PK
1420,43,Other,PK
1421,44,Other,AU
1422,59,Female,DE
1423,16,Female,CA
1424,48,Female,PK
1425,33,Female,DE
1426,45,Male,PK
1427,27,Other,PK
1428,17,Male,DE
1429,49,Other,FR
1430,36,Male,IN
1431,53,Female,DE
1432,34,Male,CA
1433,36,Other,IN
1434,25,Other,UK
1435,43,Female,FR
1436,42,Male,AU
1437,26,Other,IN
1438,16,Male,UK
1439,48,Male,UK
1440,53,Male,US
1441,22,Female,DE
1442,19,Other,UK
1443,52,Female,FR
1444,20,Other,FR
1445,18,Other,CA
1446,40,Other,FR
1447,40,Other,PK
1448,38,Other,PK
1449,51,Other,PK
1450,36,Male,IN
1451,51,Male,CA
1452,40,Male,CA
1453,25,Other,PK
1454,45,Other,FR
1455,30,Other,DE
1456,47,Other,CA
1457,30,Female,IN
1458,46,Female,UK
1459,59,Female,FR
1460,41,Other,FR
1461,55,Male,AU
1462,30,Female,AU
1463,59,Male,FR
1464,26,Other,US
1465,34,Female,UK
1466,44,Male,FR
1467,45,Other,UK
1468,37,Other,US
1469,24,Other,IN
1470,29,Other,US
1471,23,Male,DE
1472,28,Male,FR
1473,49,Other,UK
1474,39,Female,US
1475,19,Other,US
1476,43,Male,FR
1477,55,Other,IN
1478,20,Male,IN
1479,32,Female,UK
1480,48,Other,AU
1481,28,Male,IN
1482,50,Other,UK
1483,39,Female,PK
1484,58,Male,UK
1485,49,Female,AU
1486,21,Female,DE
1487,33,Other,DE
1488,35,Female,FR
1489,38,Female,AU
1490,32,Male,UK
1491,58,Female,AU
1492,24,Female,CA
1493,33,Other,CA
1494,42,Other,AU
1495,23,Other,UK
1496,27,Male,PK
1497,27,Other,FR
1498,48,Female,AU
1499,46,Male,CA
1500,20,Male,DE
1501,57,Female,UK
1502,45,Other,CA
1503,17,Other,UK
1504,43,Female,FR
1505,54,Female,PK
1506,55,Female,US
1507,18,Male,US
1508,23,Male,CA
1509,43,Female,CA
1510,58,Male,UK
1511,33,Other,DE
1512,37,Male,PK
1513,53,Female,UK
1514,40,Female,PK
1515,40,Male,US
1516,18,Female,UK
1517,25,Other,PK
1518,59,Male,UK
1519,25,Male,CA
1520,40,Male,PK
1521,35,Other,CA
1522,37,Other,PK
1523,21,Male,IN
1524,44,Female,DE
1525,36,Male,IN
1526,57,Male,CA
1527,30,Male,DE
1528,30,Female,UK
1529,49,Female,FR
1530,19,Other,PK
1531,20,Male,UK
1532,19,Other,AU
1533,20,Other,AU
1534,59,Female,DE
1535,41,Male,UK
1536,46,Other,FR
1537,26,Other,UK
1538,51,Female,DE
1539,46,Other,AU
1540,16,Male,DE
1541,27,Male,UK
1542,59,Other,US
1543,58,Other,FR
1544,57,Female,IN
1545,30,Female,PK
1546,24,Other,DE
1547,51,Female,DE
1548,50,Female,AU
1549,33,Other,IN
1550,31,Female,US
1551,28,Male,DE
1552,47,Female,UK
1553,23,Male,FR
1554,59,Male,FR
1555,19,Female,PK
1556,35,Male,UK
1557,44,Female,IN
1558,36,Female,UK
1559,52,Female,PK
1560,48,Male,UK
1561,56,Other,CA
1562,20,Female,PK
1563,57,Female,AU
1564,17,Female,DE
1565,40,Male,US
1566,54,Male,PK
1567,38,Other,CA
1568,30,Female,UK
1569,36,Female,DE
1570,47,Male,PK
1571,39,Female,DE
1572,16,Female,AU
1573,48,Other,PK
1574,59,Male,PK
1575,58,Female,UK
1576,41,Other,CA
1577,41,Female,UK
1578,49,Other,UK
1579,36,Male,FR
1580,58,Male,US
1581,47,Male,FR
1582,42,Male,DE
1583,27,Other,PK
1584,34,Female,PK
1585,36,Male,AU
1586,18,Other,CA
1587,39,Female,DE
1588,56,Female,AU
1589,21,Male,US
1590,50,Male,CA
1591,51,Female,DE
1592,59,Female,AU
1593,17,Female,US
1594,58,Female,AU
1595,40,Other,FR
1596,28,Female,US
1597,55,Female,US
1598,17,Other,AU
1599,23,Other,PK
1600,16,Female,PK
1601,55,Male,UK
1602,39,Male,FR
1603,48,Male,CA
1604,35,Male,IN
1605,20,Female,DE
1606,44,Male,CA
1607,24,Female,IN
1608,59,Other,PK
1609,23,Male,IN
1610,49,Female,CA
1611,39,Female,AU
1612,58,Other,IN
1613,31,Other,IN
1614,25,Female,PK
1615,56,Female,PK
1616,17,Male,PK
1617,34,Male,FR
1618,51,Male,IN
1619,43,Female,AU
1620,28,Female,AU
1621,38,Male,US
1622,28,Male,CA
1623,44,Other,US
1624,42,Male,DE
1625,49,Female,PK
1626,27,Other,AU
1627,54,Male,UK
1628,51,Female,CA
1629,45,Other,DE
1630,21,Other,PK
1631,37,Female,UK
1632,27,Male,IN
1633,28,Female,CA
1634,22,Male,PK
1635,49,Female,UK
1636,16,Female,DE
1637,31,Male,PK
1638,28,Male,DE
1639,48,Female,AU
1640,45,Other,PK
1641,18,Male,DE
1642,54,Other,PK
1643,35,Other,CA
1644,46,Male,UK
1645,24,Other,US
1646,41,Female,DE
1647,39,Female,UK
1648,41,Male,PK
1649,40,Male,PK
1650,40,Male,DE
1651,30,Other,PK
1652,18,Male,UK
1653,52,Male,CA
1654,56,Female,AU
1655,57,Male,FR
1656,36,Other,UK
1657,47,Male,CA
1658,37,Female,UK
1659,48,Male,DE
1660,53,Male,UK
1661,17,Female,CA
1662,54,Other,CA
1663,55,Other,US
1664,35,Male,UK
1665,37,Male,UK
1666,34,Male,DE
1667,33,Other,AU
1668,55,Female,IN
1669,24,Male,PK
1670,35,Female,UK
1671,41,Male,DE
1672,51,Other,IN
1673,16,Female,FR
1674,45,Male,DE
1675,34,Other,AU
1676,48,Female,IN
1677,49,Female,CA
1678,46,Male,IN
1679,35,Male,FR
1680,18,Female,DE
1681,36,Female,US
1682,58,Female,UK
1683,24,Female,DE
1684,46,Female,IN
1685,35,Other,UK
1686,34,Female,DE
1687,18,Male,FR
1688,39,Female,US
1689,33,Female,FR
1690,29,Female,UK
1691,41,Male,IN
1692,35,Female,UK
1693,51,Male,CA
1694,45,Male,CA
1695,17,Female,AU
1696,29,Male,UK
1697,30,Female,DE
1698,52,Male,US
1699,53,Female,US
1700,34,Female,DE
1701,32,Male,DE
1702,58,Male,FR
1703,23,Other,IN
1704,16,Male,DE
1705,57,Other,DE
1706,25,Female,FR
1707,53,Other,UK
1708,59,Other,US
1709,21,Male,CA
1710,22,Other,CA
1711,16,Male,US
1712,43,Male,US
1713,59,Other,DE
1714,52,Female,UK
1715,50,Female,DE
1716,57,Other,AU
1717,37,Female,FR
1718,19,Male,DE
1719,29,Male,IN
1720,46,Female,DE
1721,53,Female,UK
1722,23,Male,IN
1723,34,Other,CA
1724,49,Female,FR
1725,23,Female,US
1726,16,Male,IN
1727,32,Female,US
1728,21,Female,AU
1729,40,Female,DE
1730,59,Female,IN
1731,45,Female,PK
1732,38,Female,FR
1733,49,Other,UK
1734,17,Female,AU
1735,19,Male,IN
1736,39,Other,PK
1737,22,Male,DE
1738,20,Other,UK
1739,52,Male,CA
1740,23,Other,UK
1741,20,Male,AU
1742,34,Female,US
1743,32,Female,FR
1744,47,Female,FR
1745,26,Male,DE
1746,59,Other,IN
1747,16,Other,PK
1748,35,Female,UK
1749,57,Female,US
1750,26,Other,UK
1751,20,Female,CA
1752,27,Male,CA
1753,17,Other,IN
1754,57,Male,UK
1755,49,Female,UK
1756,45,Male,DE
1757,57,Female,FR
1758,44,Male,AU
1759,34,Male,IN
1760,23,Other,IN
1761,36,Other,AU
1762,34,Male,CA
1763,54,Other,DE
1764,35,Other,FR
1765,31,Female,PK
1766,50,Male,DE
1767,17,Other,DE
1768,49,Female,UK
1769,21,Other,DE
1770,46,Other,DE
1771,53,Other,UK
1772,52,Female,DE
1773,35,Other,DE
1774,21,Male,UK
1775,34,Other,UK
1776,33,Other,DE
1777,26,Other,IN
1778,22,Female,US
1779,22,Male,US
1780,27,Female,IN
1781,37,Other,AU
1782,29,Female,IN
1783,28,Male,UK
1784,21,Female,US
1785,46,Male,UK
1786,25,Male,CA
1787,59,Female,DE
1788,37,Female,IN
1789,55,Male,AU
1790,57,Other,FR
1791,48,Male,IN
1792,49,Other,IN
1793,16,Male,DE
1794,46,Male,AU
1795,47,Male,PK
1796,36,Other,IN
1797,34,Other,AU
1798,57,Other,US
1799,45,Other,DE
1800,52,Male,CA
1801,24,Female,DE
1802,24,Other,IN
1803,29,Other,IN
1804,47,Other,DE
1805,55,Male,US
1806,41,Female,AU
1807,57,Male,CA
1808,22,Male,AU
1809,41,Male,PK
1810,29,Male,DE
1811,59,Male,FR
1812,17,Male,IN
1813,32,Male,UK
1814,42,Other,DE
1815,46,Female,FR
1816,53,Other,AU
1817,16,Male,DE
1818,19,Other,FR
1819,51,Male,AU
1820,43,Other,IN
1821,59,Male,CA
1822,52,Female,US
1823,51,Other,PK
1824,26,Female,IN
1825,26,Female,UK
1826,20,Other,IN
1827,33,Female,FR
1828,56,Other,UK
1829,33,Male,AU
1830,31,Male,IN
1831,58,Male,DE
1832,22,Other,US
1833,48,Female,FR
1834,17,Male,AU
1835,35,Other,DE
1836,39,Other,DE
1837,16,Male,UK
1838,48,Female,AU
1839,42,Other,UK
1840,20,Female,AU
1841,26,Female,PK
1842,37,Other,US
1843,51,Male,PK
1844,42,Male,UK
1845,25,Female,CA
1846,18,Male,CA
1847,19,Male,FR
1848,23,Female,FR
1849,17,Female,DE
1850,22,Male,CA
1851,20,Female,CA
1852,30,Female,AU
1853,31,Other,DE
1854,17,Male,US
1855,28,Other,IN
1856,24,Other,PK
1857,32,Female,FR
1858,26,Female,IN
1859,42,Female,AU
1860,39,Male,UK
1861,19,Other,FR
1862,22,Other,US
1863,55,Other,DE
1864,51,Male,PK
1865,42,Other,UK
1866,35,Other,IN
1867,34,Other,CA
1868,45,Female,AU
1869,27,Male,AU
1870,36,Other,CA
1871,37,Male,IN
1872,21,Other,FR
1873,57,Female,IN
1874,56,Female,PK
1875,58,Other,UK
1876,33,Male,PK
1877,57,Male,FR
1878,37,Male,US
1879,51,Other,DE
1880,23,Female,UK
1881,56,Male,US
1882,54,Other,DE
1883,43,Male,FR
1884,22,Other,IN
1885,47,Male,CA
1886,45,Other,FR
1887,18,Male,US
1888,56,Other,DE
1889,55,Other,DE
1890,48,Male,AU
1891,22,Male,US
1892,28,Male,AU
1893,45,Other,AU
1894,58,Other,IN
1895,31,Other,DE
1896,42,Other,PK
1897,58,Other,AU
1898,48,Male,CA
1899,58,Female,AU
1900,38,Male,DE
1901,18,Other,FR
1902,28,Male,US
1903,44,Male,FR
1904,37,Other,US
1905,18,Other,US
1906,19,Other,IN
1907,24,Male,AU
1908,43,Female,AU
1909,16,Other,IN
1910,20,Other,DE
1911,22,Female,IN
1912,43,Other,DE
1913,27,Other,CA
1914,38,Male,AU
1915,31,Female,IN
1916,29,Other,PK
1917,59,Other,DE
1918,34,Other,PK
1919,24,Male,PK
1920,37,Other,IN
1921,30,Male,UK
1922,27,Other,US
1923,40,Female,UK
1924,50,Male,UK
1925,41,Male,US
1926,31,Male,AU
1927,29,Other,DE
1928,31,Male,CA
1929,19,Other,UK
1930,33,Other,FR
1931,30,Female,CA
1932,34,Other,PK
1933,18,Female,US
1934,26,Male,PK
1935,26,Male,FR
1936,51,Male,US
1937,24,Other,DE
1938,54,Female,FR
1939,50,Other,AU
1940,59,Male,CA
1941,26,Female,US
1942,55,Female,PK
1943,36,Other,CA
1944,35,Other,UK
1945,19,Other,US
1946,27,Male,DE
1947,47,Male,CA
1948,47,Female,CA
1949,40,Other,UK
1950,25,Male,US
1951,29,Female,CA
1952,21,Female,IN
1953,38,Male,DE
1954,46,Female,CA
1955,47,Male,UK
1956,51,Other,CA
1957,52,Female,AU
1958,59,Other,FR
1959,43,Female,US
1960,24,Female,UK
1961,30,Female,UK
1962,45,Male,CA
1963,46,Female,AU
1964,36,Other,DE
1965,50,Other,IN
1966,37,Other,CA
1967,50,Female,AU
1968,26,Male,FR
1969,24,Male,US
1970,46,Other,AU
1971,52,Female,PK
1972,53,Female,UK
1973,56,Other,FR
1974,39,Male,DE
1975,30,Other,IN
1976,23,Other,AU
1977,39,Female,CA
1978,55,Female,FR
1979,28,Male,FR
1980,31,Male,CA
1981,46,Male,UK
1982,20,Other,FR
1983,50,Female,US
1984,55,Male,FR
1985,40,Male,UK
1986,54,Other,DE
1987,19,Male,DE
1988,40,Female,AU
1989,41,Female,PK
1990,22,Other,US
1991,19,Female,AU
1992,20,Male,CA
1993,50,Other,AU
1994,36,Other,FR
1995,34,Other,DE
1996,56,Male,DE
1997,51,Male,US
1998,36,Male,DE
1999,50,Male,UK
2000,28,Female,CA
2001,34,Other,FR
2002,17,Other,FR
2003,49,Female,PK
2004,44,Male,DE
2005,34,Other,FR
2006,40,Other,PK
2007,51,Other,US
2008,47,Male,PK
2009,38,Male,DE
2010,20,Female,IN
2011,58,Female,PK
2012,30,Male,AU
2013,36,Other,CA
2014,58,Male,IN
2015,26,Female,FR
2016,29,Male,PK
2017,30,Female,US
2018,21,Female,FR
2019,29,Other,US
2020,34,Other,PK
2021,27,Female,DE
2022,20,Female,DE
2023,29,Other,UK
2024,23,Other,DE
2025,28,Male,PK
2026,59,Male,DE
2027,25,Male,PK
2028,45,Female,IN
2029,35,Male,IN
2030,37,Other,IN
2031,41,Male,PK
2032,56,Other,CA
2033,41,Other,PK
2034,18,Other,DE
2035,39,Male,CA
2036,28,Female,FR
2037,47,Female,UK
2038,58,Other,PK
2039,45,Female,US
2040,40,Other,UK
2041,24,Other,IN
2042,44,Female,US
2043,57,Other,PK
2044,49,Male,PK
2045,29,Female,DE
2046,37,Other,UK
2047,25,Female,PK
2048,53,Male,US
2049,20,Other,IN
2050,17,Other,AU
2051,33,Other,PK
2052,55,Female,CA
2053,26,Other,AU
2054,49,Other,DE
2055,28,Other,PK
2056,32,Other,PK
2057,54,Male,CA
2058,57,Other,CA
2059,43,Female,CA
2060,39,Other,FR
2061,18,Female,DE
2062,35,Female,IN
2063,53,Other,AU
2064,58,Female,US
2065,56,Female,CA
2066,59,Other,CA
2067,59,Female,IN
2068,42,Female,CA
2069,29,Male,PK
2070,36,Female,FR
2071,42,Female,DE
2072,53,Other,DE
2073,26,Female,FR
2074,50,Other,US
2075,57,Female,US
2076,54,Other,US
2077,16,Male,PK
2078,16,Female,DE
2079,44,Female,CA
2080,36,Male,CA
2081,20,Female,PK
2082,45,Male,FR
2083,53,Female,CA
2084,17,Female,PK
2085,53,Other,IN
2086,20,Female,UK
2087,31,Female,US
2088,56,Male,US
2089,48,Other,US
2090,20,Other,DE
2091,43,Other,CA
2092,42,Male,UK
2093,23,Other,DE
2094,55,Female,FR
2095,33,Female,DE
2096,27,Female,AU
2097,22,Female,UK
2098,19,Female,IN
2099,50,Female,PK
2100,22,Other,AU
2101,34,Other,FR
2102,44,Male,IN
2103,38,Female,UK
2104,18,Male,IN
2105,23,Male,IN
2106,18,Male,IN
2107,56,Other,PK
2108,57,Female,PK
2109,23,Other,PK
2110,33,Male,AU
2111,24,Other,FR
2112,56,Female,AU
2113,18,Male,UK
2114,31,Other,DE
2115,47,Female,IN
2116,47,Other,AU
2117,25,Other,UK
2118,37,Female,AU
2119,37,Other,UK
2120,38,Male,US
2121,29,Female,FR
2122,16,Male,PK
2123,19,Male,UK
2124,21,Male,UK
2125,41,Other,UK
2126,16,Male,FR
2127,46,Female,UK
2128,48,Male,IN
2129,39,Male,FR
2130,30,Female,FR
2131,58,Other,UK
2132,45,Female,PK
2133,18,Female,US
2134,25,Female,CA
2135,22,Male,CA
2136,29,Male,UK
2137,19,Male,US
2138,33,Other,FR
2139,35,Female,FR
2140,43,Male,FR
2141,19,Female,FR
2142,19,Female,PK
2143,47,Male,FR
2144,57,Female,AU
2145,39,Male,DE
2146,54,Female,US
2147,42,Male,DE
2148,49,Female,DE
2149,48,Male,FR
2150,28,Male,PK
2151,22,Male,DE
2152,41,Female,IN
2153,49,Male,DE
2154,45,Male,DE
2155,47,Female,IN
2156,59,Male,IN
2157,28,Female,AU
2158,44,Male,CA
2159,26,Male,CA
2160,50,Male,CA
2161,50,Male,UK
2162,41,Female,PK
2163,58,Other,US
2164,48,Other,US
2165,39,Other,AU
2166,44,Female,US
2167,21,Female,FR
2168,59,Female,AU
2169,51,Female,UK
2170,17,Other,DE
2171,20,Female,UK
2172,23,Female,FR
2173,36,Male,PK
2174,58,Male,FR
2175,45,Female,IN
2176,17,Female,AU
2177,24,Other,CA
2178,17,Other,CA
2179,49,Female,FR
2180,53,Other,UK
2181,41,Female,US
2182,59,Male,PK
2183,27,Other,FR
2184,22,Female,UK
2185,39,Female,CA
2186,53,Male,DE
2187,29,Male,IN
2188,21,Male,AU
2189,31,Female,IN
2190,16,Other,UK
2191,57,Female,CA
2192,49,Male,CA
2193,17,Male,AU
2194,54,Other,FR
2195,25,Female,DE
2196,57,Female,IN
2197,32,Other,DE
2198,45,Other,CA
2199,34,Male,PK
2200,58,Female,AU
2201,56,Female,FR
2202,38,Other,UK
2203,49,Female,AU
2204,24,Female,UK
2205,59,Other,US
2206,45,Male,FR
2207,41,Male,PK
2208,34,Female,DE
2209,27,Female,UK
2210,58,Female,PK
2211,47,Other,IN
2212,47,Other,AU
2213,55,Other,FR
2214,16,Other,UK
2215,42,Male,FR
2216,21,Female,CA
2217,22,Other,UK
2218,23,Female,DE
2219,55,Female,AU
2220,33,Other,PK
2221,57,Other,IN
2222,33,Male,FR
2223,42,Other,PK
2224,48,Female,FR
2225,43,Male,US
2226,39,Female,FR
2227,22,Female,UK
2228,34,Other,PK
2229,28,Male,IN
2230,17,Female,CA
2231,30,Male,FR
2232,16,Male,CA
2233,16,Other,FR
2234,34,Male,UK
2235,57,Male,PK
2236,42,Male,AU
2237,37,Other,CA
2238,31,Other,CA
2239,40,Female,DE
2240,37,Other,UK
2241,56,Female,IN
2242,46,Female,DE
2243,25,Female,IN
2244,28,Female,PK
2245,23,Other,US
2246,54,Other,DE
2247,35,Female,DE
2248,44,Female,UK
2249,50,Other,PK
2250,32,Male,FR
2251,51,Female,FR
2252,58,Male,IN
2253,28,Male,IN
2254,27,Male,IN
2255,54,Female,FR
2256,42,Male,UK
2257,48,Other,PK
2258,28,Female,US
2259,39,Male,FR
2260,49,Other,DE
2261,36,Female,US
2262,20,Male,FR
2263,39,Female,CA
2264,20,Male,UK
2265,59,Male,FR
2266,59,Male,CA
2267,38,Male,AU
2268,47,Female,US
2269,21,Male,AU
2270,24,Female,DE
2271,41,Male,PK
2272,59,Female,DE
2273,42,Female,IN
2274,31,Female,IN
2275,20,Other,IN
2276,53,Male,FR
2277,46,Female,FR
2278,59,Male,CA
2279,46,Female,FR
2280,38,Female,FR
2281,24,Female,UK
2282,32,Male,CA
2283,30,Other,PK
2284,25,Male,FR
2285,32,Other,DE
2286,36,Female,US
2287,51,Male,AU
2288,32,Female,DE
2289,24,Female,US
2290,24,Female,IN
2291,48,Female,CA
2292,27,Other,DE
2293,35,Other,UK
2294,51,Other,FR
2295,40,Female,FR
2296,21,Female,AU
2297,46,Female,DE
2298,40,Female,CA
2299,42,Other,AU
2300,58,Male,US
2301,51,Female,IN
2302,53,Other,IN
2303,22,Other,AU
2304,45,Other,DE
2305,22,Other,US
2306,44,Female,PK
2307,31,Male,DE
2308,44,Male,DE
2309,52,Female,PK
2310,24,Female,AU
2311,30,Other,US
2312,34,Female,CA
2313,32,Male,CA
2314,58,Female,US
2315,39,Female,DE
2316,43,Female,UK
2317,27,Other,AU
2318,23,Other,US
2319,36,Female,US
2320,47,Male,FR
2321,49,Male,DE
2322,30,Other,AU
2323,49,Female,IN
2324,53,Other,US
2325,40,Male,IN
2326,57,Male,DE
2327,50,Male,UK
2328,57,Female,PK
2329,33,Other,US
2330,39,Male,PK
2331,51,Male,UK
2332,44,Other,CA
2333,47,Male,IN
2334,53,Other,UK
2335,55,Male,DE
2336,47,Other,AU
2337,49,Male,FR
2338,22,Other,FR
2339,31,Other,US
2340,32,Other,FR
2341,48,Female,UK
2342,17,Female,FR
2343,42,Female,CA
2344,22,Male,UK
2345,32,Male,FR
2346,26,Male,US
2347,45,Female,PK
2348,38,Female,CA
2349,38,Female,AU
2350,41,Other,AU
2351,24,Male,PK
2352,35,Male,AU
2353,23,Other,IN
2354,27,Female,DE
2355,18,Male,US
2356,55,Female,FR
2357,21,Male,US
2358,48,Male,CA
2359,20,Female,IN
2360,32,Female,AU
2361,42,Female,AU
2362,19,Other,AU
2363,22,Female,DE
2364,50,Female,DE
2365,52,Male,CA
2366,31,Male,CA
2367,23,Other,IN
2368,31,Female,UK
2369,16,Other,CA
2370,39,Female,FR
2371,26,Female,IN
2372,45,Other,US
2373,50,Other,IN
2374,57,Female,PK
2375,47,Male,IN
2376,57,Other,FR
2377,32,Female,PK
2378,33,Male,PK
2379,35,Male,IN
2380,37,Other,AU
2381,35,Male,CA
2382,34,Male,UK
2383,37,Male,US
2384,47,Female,FR
2385,28,Female,DE
2386,43,Other,AU
2387,58,Male,CA
2388,53,Male,IN
2389,47,Male,DE
2390,53,Other,AU
2391,34,Male,PK
2392,37,Male,UK
2393,37,Male,US
2394,58,Other,PK
2395,23,Female,IN
2396,21,Male,IN
2397,22,Female,PK
2398,59,Male,IN
2399,48,Other,DE
2400,30,Other,CA
2401,55,Male,IN
2402,52,Male,AU
2403,44,Male,IN
2404,26,Female,AU
2405,32,Male,CA
2406,55,Male,PK
2407,57,Other,PK
2408,50,Other,US
2409,21,Male,FR
2410,25,Other,FR
2411,28,Female,DE
2412,45,Other,IN
2413,52,Female,US
2414,44,Female,US
2415,16,Other,IN
2416,35,Other,CA
2417,19,Male,FR
2418,41,Other,DE
2419,16,Male,US
2420,39,Female,CA
2421,24,Male,IN
2422,53,Male,IN
2423,58,Female,UK
2424,48,Male,UK
2425,39,Male,US
2426,37,Male,DE
2427,32,Female,PK
2428,57,Other,US
2429,52,Female,FR
2430,37,Male,AU
2431,34,Male,UK
2432,44,Male,CA
2433,32,Female,PK
2434,17,Female,UK
2435,49,Female,AU
2436,31,Male,DE
2437,26,Male,IN
2438,37,Other,IN
2439,30,Female,IN
2440,22,Male,AU
2441,52,Male,DE
2442,45,Female,UK
2443,54,Female,FR
2444,35,Male,DE
2445,30,Other,IN
2446,20,Female,FR
2447,33,Other,AU
2448,50,Male,IN
2449,41,Other,CA
2450,37,Other,DE
2451,42,Male,PK
2452,53,Other,UK
2453,22,Male,FR
2454,19,Female,US
2455,22,Male,AU
2456,30,Other,PK
2457,51,Male,DE
2458,16,Female,UK
2459,29,Male,UK
2460,51,Female,US
2461,53,Female,UK
2462,30,Female,DE
2463,35,Male,DE
2464,46,Female,US
2465,47,Other,FR
2466,17,Other,FR
2467,47,Other,US
2468,28,Female,FR
2469,41,Other,CA
2470,43,Male,CA
2471,56,Other,US
2472,59,Male,UK
2473,47,Other,US
2474,28,Other,PK
2475,31,Other,DE
2476,40,Female,PK
2477,19,Other,CA
2478,53,Male,FR
2479,59,Other,AU
2480,17,Other,PK
2481,46,Female,AU
2482,38,Other,DE
2483,44,Other,IN
2484,16,Male,AU
2485,18,Male,FR
2486,20,Female,DE
2487,25,Male,US
2488,33,Other,CA
2489,41,Female,DE
2490,37,Female,CA
2491,52,Other,US
2492,36,Male,US
2493,39,Female,US
2494,28,Other,CA
2495,38,Male,UK
2496,35,Other,FR
2497,30,Male,CA
2498,43,Male,FR
2499,29,Other,US
2500,42,Female,UK
2501,38,Male,US
2502,38,Other,DE
2503,58,Female,AU
2504,47,Male,FR
2505,26,Female,US
2506,45,Female,FR
2507,18,Female,DE
2508,27,Male,DE
2509,58,Female,AU
2510,42,Other,PK
2511,50,Female,PK
2512,25,Male,US
2513,31,Male,PK
2514,25,Female,CA
2515,22,Female,DE
2516,51,Other,CA
2517,46,Other,UK
2518,45,Female,FR
2519,53,Other,UK
2520,23,Female,IN
2521,21,Female,UK
2522,28,Female,CA
2523,21,Other,IN
2524,37,Other,UK
2525,33,Female,DE
2526,50,Female,UK
2527,17,Female,FR
2528,51,Female,CA
2529,46,Female,US
2530,39,Female,US
2531,45,Female,DE
2532,59,Female,UK
2533,16,Male,IN
2534,17,Female,UK
2535,58,Male,US
2536,26,Other,FR
2537,46,Female,IN
2538,52,Female,UK
2539,39,Female,AU
2540,54,Male,CA
2541,17,Other,PK
2542,26,Other,FR
2543,52,Other,AU
2544,52,Male,PK
2545,39,Other,AU
2546,54,Other,FR
2547,51,Female,DE
2548,17,Other,CA
2549,51,Male,UK
2550,35,Male,AU
2551,18,Other,UK
2552,48,Other,AU
2553,17,Male,IN
2554,37,Other,IN
2555,29,Male,IN
2556,33,Female,CA
2557,22,Other,UK
2558,48,Other,FR
2559,52,Female,IN
2560,57,Male,AU
2561,27,Other,FR
2562,25,Other,IN
2563,27,Female,US
2564,41,Other,IN
2565,56,Male,IN
2566,43,Female,FR
2567,51,Male,PK
2568,56,Male,IN
2569,38,Male,US
2570,16,Male,DE
2571,54,Female,FR
2572,43,Other,CA
2573,29,Female,AU
2574,30,Male,UK
2575,17,Other,UK
2576,50,Other,DE
2577,43,Other,AU
2578,19,Other,PK
2579,34,Female,UK
2580,53,Male,FR
2581,31,Other,AU
2582,25,Other,PK
2583,23,Other,US
2584,41,Male,US
2585,37,Male,IN
2586,34,Other,FR
2587,42,Female,US
2588,54,Other,DE
2589,37,Female,PK
2590,38,Other,IN
2591,40,Female,CA
2592,42,Female,AU
2593,46,Female,US
2594,22,Other,US
2595,52,Other,PK
2596,53,Male,DE
2597,16,Male,FR
2598,33,Female,AU
2599,19,Male,PK
2600,30,Female,FR
2601,48,Other,IN
2602,45,Other,UK
2603,57,Female,UK
2604,57,Other,CA
2605,33,Female,PK
2606,44,Other,CA
2607,49,Other,PK
2608,34,Other,DE
2609,38,Female,AU
2610,30,Female,US
2611,33,Other,UK
2612,47,Female,PK
2613,23,Other,AU
2614,41,Female,PK
2615,30,Other,PK
2616,28,Female,DE
2617,17,Female,AU
2618,52,Female,PK
2619,55,Female,CA
2620,20,Other,DE
2621,44,Female,IN
2622,56,Other,AU
2623,53,Other,AU
2624,42,Female,FR
2625,38,Male,US
2626,18,Female,CA
2627,53,Other,FR
2628,49,Male,IN
2629,41,Male,FR
2630,47,Other,UK
2631,26,Male,US
2632,30,Female,AU
2633,56,Female,FR
2634,52,Other,AU
2635,20,Other,AU
2636,38,Other,US
2637,46,Male,DE
2638,18,Other,AU
2639,39,Female,US
2640,38,Other,FR
2641,33,Male,UK
2642,57,Other,IN
2643,27,Male,CA
2644,46,Male,PK
2645,45,Female,FR
2646,45,Other,FR
2647,20,Other,IN
2648,26,Other,CA
2649,20,Female,DE
2650,38,Other,DE
2651,56,Male,DE
2652,28,Female,FR
2653,33,Other,DE
2654,19,Other,IN
2655,38,Female,UK
2656,50,Female,US
2657,58,Male,AU
2658,55,Male,DE
2659,38,Male,CA
2660,44,Male,AU
2661,59,Other,US
2662,51,Male,FR
2663,21,Male,PK
2664,28,Other,CA
2665,54,Male,FR
2666,17,Female,PK
2667,32,Other,FR
2668,57,Female,FR
2669,28,Other,CA
2670,48,Female,PK
2671,47,Male,UK
2672,56,Male,CA
2673,59,Male,DE
2674,31,Other,UK
2675,49,Female,FR
2676,46,Female,AU
2677,37,Male,CA
2678,41,Other,AU
2679,23,Female,UK
2680,35,Female,DE
2681,29,Female,UK
2682,18,Female,FR
2683,23,Female,US
2684,53,Female,DE
2685,27,Male,AU
2686,22,Male,CA
2687,30,Other,US
2688,49,Female,CA
2689,55,Male,UK
2690,55,Female,US
2691,22,Other,DE
2692,19,Male,DE
2693,47,Male,UK
2694,26,Female,AU
2695,25,Male,AU
2696,41,Female,CA
2697,22,Other,FR
2698,41,Female,PK
2699,39,Other,UK
2700,56,Female,US
2701,17,Other,IN
2702,41,Female,DE
2703,43,Male,FR
2704,22,Other,DE
2705,48,Female,DE
2706,26,Other,FR
2707,57,Other,PK
2708,29,Female,DE
2709,17,Male,IN
2710,43,Male,FR
2711,33,Other,FR
2712,45,Other,UK
2713,56,Male,IN
2714,49,Other,AU
2715,37,Female,IN
2716,34,Other,PK
2717,28,Female,AU
2718,28,Male,CA
2719,19,Male,US
2720,26,Other,AU
2721,24,Other,IN
2722,17,Male,IN
2723,34,Other,FR
2724,51,Male,DE
2725,51,Other,UK
2726,43,Female,AU
2727,56,Other,FR
2728,18,Male,AU
2729,50,Female,IN
2730,50,Other,PK
2731,22,Male,DE
2732,24,Male,AU
2733,59,Male,UK
2734,20,Other,FR
2735,37,Male,FR
2736,30,Female,CA
2737,37,Other,IN
2738,21,Other,PK
2739,56,Female,DE
2740,46,Male,CA
2741,32,Male,FR
2742,23,Other,CA
2743,53,Other,CA
2744,16,Other,FR
2745,48,Female,US
2746,34,Other,UK
2747,54,Female,FR
2748,30,Female,US
2749,25,Male,US
2750,40,Female,AU
2751,46,Other,UK
2752,52,Female,DE
2753,51,Other,DE
2754,29,Male,UK
2755,54,Female,AU
2756,19,Other,US
2757,35,Female,DE
2758,33,Male,PK
2759,27,Female,IN
2760,19,Other,IN
2761,16,Male,AU
2762,19,Female,US
2763,34,Other,IN
2764,17,Female,CA
2765,19,Male,DE
2766,40,Female,US
2767,41,Other,AU
2768,19,Female,PK
2769,18,Other,CA
2770,22,Other,FR
2771,53,Male,UK
2772,32,Female,UK
2773,18,Other,IN
2774,29,Male,IN
2775,33,Other,FR
2776,43,Other,UK
2777,46,Other,CA
2778,16,Male,IN
2779,19,Female,UK
2780,29,Male,US
2781,52,Other,CA
2782,19,Female,AU
2783,43,Other,US
2784,50,Male,AU
2785,28,Male,UK
2786,29,Female,IN
2787,30,Male,PK
2788,32,Male,UK
2789,47,Other,US
2790,32,Female,AU
2791,34,Female,AU
2792,25,Female,UK
2793,29,Other,CA
2794,34,Other,PK
2795,19,Male,FR
2796,17,Female,AU
2797,45,Male,FR
2798,44,Female,PK
2799,44,Other,US
2800,54,Male,DE
2801,54,Other,UK
2802,52,Male,CA
2803,26,Other,UK
2804,56,Other,CA
2805,30,Other,CA
2806,25,Female,CA
2807,21,Male,UK
2808,18,Other,PK
2809,52,Male,AU
2810,26,Female,US
2811,41,Female,IN
2812,29,Female,IN
2813,21,Other,UK
2814,43,Other,FR
2815,38,Male,US
2816,48,Female,IN
2817,32,Female,US
2818,24,Female,AU
2819,35,Male,FR
2820,42,Other,IN
2821,43,Male,FR
2822,55,Male,US
2823,32,Male,AU
2824,49,Female,FR
2825,36,Female,FR
2826,46,Male,AU
2827,52,Other,UK
2828,30,Female,PK
2829,36,Other,UK
2830,22,Other,DE
2831,55,Female,CA
2832,36,Female,US
2833,47,Female,IN
2834,34,Male,US
2835,23,Other,FR
2836,46,Other,FR
2837,36,Male,UK
2838,40,Male,PK
2839,47,Female,PK
2840,18,Female,IN
2841,28,Female,UK
2842,17,Other,AU
2843,29,Male,AU
2844,26,Female,FR
2845,22,Male,UK
2846,52,Female,PK
2847,41,Male,UK
2848,39,Male,PK
2849,51,Female,DE
2850,32,Male,IN
2851,30,Female,PK
2852,25,Female,UK
2853,44,Other,DE
2854,18,Female,UK
2855,57,Other,UK
2856,32,Male,DE
2857,25,Male,AU
2858,40,Female,US
2859,33,Other,CA
2860,42,Female,FR
2861,39,Female,UK
2862,52,Other,UK
2863,26,Other,DE
2864,38,Female,DE
2865,39,Female,UK
2866,57,Male,IN
2867,44,Other,AU
2868,36,Other,UK
2869,34,Female,FR
2870,44,Other,DE
2871,23,Female,UK
2872,33,Female,PK
2873,53,Male,US
2874,44,Male,CA
2875,53,Male,US
2876,38,Other,US
2877,21,Other,FR
2878,53,Female,US
2879,54,Other,CA
2880,57,Other,DE
2881,47,Female,PK
2882,22,Male,CA
2883,31,Other,FR
2884,37,Other,FR
2885,58,Other,CA
2886,49,Female,US
2887,54,Female,UK
2888,16,Male,AU
2889,24,Male,UK
2890,43,Female,AU
2891,28,Female,DE
2892,23,Male,CA
2893,46,Other,DE
2894,18,Other,DE
2895,47,Female,AU
2896,55,Male,US
2897,34,Other,UK
2898,49,Male,CA
2899,45,Female,FR
2900,54,Male,US
2901,26,Other,IN
2902,58,Other,CA
2903,29,Female,IN
2904,38,Female,IN
2905,50,Female,US
2906,24,Female,UK
2907,39,Female,PK
2908,16,Other,FR
2909,22,Female,FR
2910,57,Male,US
2911,28,Other,PK
2912,48,Other,UK
2913,48,Female,FR
2914,46,Other,US
2915,46,Female,CA
2916,36,Other,US
2917,37,Male,UK
2918,25,Other,IN
2919,21,Female,US
2920,29,Male,US
2921,52,Female,IN
2922,30,Male,CA
2923,26,Other,US
2924,16,Other,UK
2925,42,Female,IN
2926,59,Male,AU
2927,48,Male,US
2928,25,Other,AU
2929,47,Female,CA
2930,25,Female,AU
2931,30,Other,US
2932,31,Male,IN
2933,37,Female,PK
2934,40,Male,US
2935,24,Other,DE
2936,40,Female,IN
2937,57,Other,CA
2938,40,Other,PK
2939,41,Other,PK
2940,31,Male,FR
2941,59,Female,UK
2942,44,Other,CA
2943,33,Female,US
2944,32,Female,FR
2945,38,Male,DE
2946,52,Female,DE
2947,22,Female,FR
2948,52,Female,FR
2949,51,Female,UK
2950,29,Female,AU
2951,35,Male,UK
2952,23,Female,PK
2953,34,Other,US
2954,57,Female,US
2955,51,Other,CA
2956,19,Female,IN
2957,38,Other,UK
2958,40,Other,DE
2959,29,Other,DE
2960,34,Female,PK
2961,23,Male,CA
2962,30,Other,US
2963,49,Female,DE
2964,46,Female,AU
2965,36,Male,AU
2966,27,Male,CA
2967,34,Female,AU
2968,37,Male,PK
2969,38,Female,IN
2970,36,Male,PK
2971,56,Male,PK
2972,35,Male,CA
2973,22,Female,IN
2974,44,Other,DE
2975,45,Male,PK
2976,39,Other,PK
2977,41,Female,UK
2978,52,Other,PK
2979,26,Female,AU
2980,18,Male,AU
2981,41,Male,IN
2982,29,Other,PK
2983,51,Male,PK
2984,42,Male,CA
2985,55,Male,UK
2986,33,Other,US
2987,57,Other,IN
2988,32,Other,FR
2989,28,Male,UK
2990,29,Other,IN
2991,56,Other,IN
2992,51,Male,PK
2993,39,Female,UK
2994,59,Female,IN
2995,37,Male,UK
2996,56,Female,IN
2997,18,Other,US
2998,29,Female,AU
2999,39,Other,FR
3000,45,Male,US
3001,25,Male,AU
3002,19,Male,US
3003,31,Other,UK
3004,40,Male,CA
3005,22,Female,PK
3006,54,Other,PK
3007,50,Other,US
3008,53,Male,AU
3009,54,Female,FR
3010,47,Male,AU
3011,35,Other,FR
3012,29,Male,AU
3013,54,Other,FR
3014,47,Female,US
3015,19,Female,DE
3016,37,Male,AU
3017,48,Male,UK
3018,41,Male,CA
3019,55,Other,AU
3020,28,Male,AU
3021,38,Other,UK
3022,54,Male,PK
3023,30,Female,CA
3024,56,Female,FR
3025,43,Male,AU
3026,43,Female,AU
3027,54,Other,UK
3028,39,Other,PK
3029,28,Other,IN
3030,34,Female,PK
3031,21,Male,CA
3032,19,Male,DE
3033,26,Female,PK
3034,57,Other,US
3035,39,Male,CA
3036,28,Female,CA
3037,30,Other,DE
3038,18,Other,CA
3039,51,Male,PK
3040,27,Other,IN
3041,42,Other,CA
3042,51,Female,UK
3043,51,Other,FR
3044,57,Other,CA
3045,22,Other,UK
3046,37,Female,DE
3047,34,Male,US
3048,59,Male,DE
3049,21,Male,US
3050,20,Male,IN
3051,52,Male,FR
3052,41,Male,DE
3053,51,Female,IN
3054,55,Other,AU
3055,59,Female,IN
3056,56,Female,PK
3057,22,Female,CA
3058,20,Female,UK
3059,19,Other,UK
3060,42,Male,IN
3061,47,Male,DE
3062,54,Other,US
3063,49,Other,DE
3064,43,Other,AU
3065,41,Other,UK
3066,30,Female,PK
3067,41,Other,AU
3068,43,Female,IN
3069,53,Female,AU
3070,24,Other,IN
3071,17,Male,FR
3072,32,Female,FR
3073,18,Female,PK
3074,34,Male,FR
3075,34,Other,IN
3076,56,Female,DE
3077,38,Female,PK
3078,50,Other,UK
3079,30,Other,CA
3080,51,Male,PK
3081,34,Male,CA
3082,18,Other,IN
3083,42,Male,PK
3084,23,Female,PK
3085,18,Male,US
3086,45,Female,AU
3087,26,Male,DE
3088,18,Male,AU
3089,50,Female,IN
3090,42,Other,PK
3091,40,Female,FR
3092,50,Female,UK
3093,28,Male,US
3094,36,Female,CA
3095,24,Male,FR
3096,48,Female,CA
3097,43,Other,UK
3098,22,Female,IN
3099,35,Male,AU
3100,47,Female,UK
3101,30,Other,PK
3102,37,Female,UK
3103,36,Other,AU
3104,39,Male,CA
3105,55,Female,US
3106,18,Female,DE
3107,19,Female,PK
3108,50,Other,CA
3109,57,Male,IN
3110,51,Female,FR
3111,34,Female,IN
3112,23,Female,PK
3113,32,Other,US
3114,37,Female,DE
3115,21,Male,FR
3116,43,Other,CA
3117,38,Male,FR
3118,59,Male,US
3119,20,Other,FR
3120,52,Female,US
3121,40,Female,CA
3122,28,Other,IN
3123,49,Female,IN
3124,26,Female,AU
3125,16,Other,IN
3126,37,Female,DE
3127,46,Other,PK
3128,40,Male,IN
3129,41,Other,CA
3130,38,Male,AU
3131,51,Male,UK
3132,23,Female,US
3133,18,Other,FR
3134,34,Male,PK
3135,28,Female,US
3136,51,Other,CA
3137,54,Female,FR
3138,26,Male,IN
3139,27,Other,IN
3140,41,Female,US
3141,49,Male,AU
3142,21,Other,UK
3143,31,Other,DE
3144,55,Other,UK
3145,16,Female,PK
3146,45,Male,IN
3147,48,Other,PK
3148,21,Male,IN
3149,21,Male,IN
3150,19,Other,FR
3151,35,Male,AU
3152,35,Female,FR
3153,52,Female,US
3154,52,Male,UK
3155,53,Other,US
3156,35,Other,CA
3157,35,Male,UK
3158,17,Other,PK
3159,48,Female,CA
3160,59,Female,US
3161,51,Male,FR
3162,25,Other,PK
3163,18,Male,IN
3164,43,Female,CA
3165,18,Female,UK
3166,20,Female,AU
3167,36,Female,PK
3168,16,Female,CA
3169,38,Male,CA
3170,24,Male,DE
3171,22,Other,AU
3172,30,Other,UK
3173,18,Female,AU
3174,24,Female,PK
3175,27,Female,UK
3176,37,Female,FR
3177,44,Male,DE
3178,24,Male,FR
3179,37,Other,FR
3180,41,Other,US
3181,44,Other,UK
3182,37,Female,UK
3183,54,Female,US
3184,33,Other,CA
3185,32,Other,UK
3186,25,Female,CA
3187,22,Male,AU
3188,53,Other,DE
3189,36,Other,FR
3190,22,Other,US
3191,42,Female,PK
3192,45,Female,US
3193,34,Male,FR
3194,39,Female,UK
3195,22,Male,US
3196,48,Female,CA
3197,29,Male,FR
3198,16,Male,AU
3199,42,Male,DE
3200,27,Male,CA
3201,32,Other,IN
3202,29,Male,UK
3203,29,Other,PK
3204,33,Other,IN
3205,23,Male,IN
3206,59,Male,US
3207,55,Other,US
3208,37,Other,FR
3209,48,Female,DE
3210,23,Other,AU
3211,17,Male,FR
3212,40,Female,US
3213,58,Other,DE
3214,57,Other,US
3215,55,Female,AU
3216,16,Female,AU
3217,56,Male,CA
3218,27,Female,US
3219,29,Female,IN
3220,55,Other,FR
3221,19,Female,DE
3222,38,Other,UK
3223,44,Other,PK
3224,19,Male,CA
3225,22,Female,UK
3226,56,Male,IN
3227,42,Other,DE
3228,53,Female,IN
3229,46,Male,CA
3230,55,Other,UK
3231,21,Female,UK
3232,23,Other,US
3233,20,Female,IN
3234,40,Female,FR
3235,35,Other,CA
3236,30,Female,PK
3237,20,Male,IN
3238,47,Male,FR
3239,59,Female,PK
3240,41,Other,DE
3241,18,Female,UK
3242,58,Female,UK
3243,27,Male,US
3244,45,Other,US
3245,38,Male,IN
3246,33,Male,CA
3247,32,Female,AU
3248,26,Other,AU
3249,51,Female,DE
3250,41,Female,UK
3251,26,Male,AU
3252,48,Male,IN
3253,19,Other,PK
3254,32,Other,DE
3255,35,Male,AU
3256,17,Other,DE
3257,20,Other,IN
3258,25,Other,UK
3259,47,Female,FR
3260,47,Male,DE
3261,27,Other,AU
3262,50,Male,DE
3263,47,Other,IN
3264,31,Male,FR
3265,45,Male,IN
3266,20,Female,UK
3267,47,Other,UK
3268,33,Other,US
3269,43,Female,DE
3270,30,Female,IN
3271,59,Other,PK
3272,50,Female,PK
3273,28,Male,US
3274,47,Other,UK
3275,41,Female,FR
3276,56,Other,PK
3277,23,Male,UK
3278,58,Female,PK
3279,49,Female,DE
3280,43,Male,PK
3281,16,Female,US
3282,59,Other,CA
3283,22,Other,CA
3284,40,Male,US
3285,24,Female,IN
3286,35,Female,FR
3287,24,Female,PK
3288,41,Other,IN
3289,39,Female,IN
3290,21,Male,FR
3291,37,Other,CA
3292,51,Male,PK
3293,16,Female,FR
3294,50,Other,CA
3295,42,Male,UK
3296,21,Female,IN
3297,41,Other,IN
3298,21,Female,US
3299,58,Other,FR
3300,39,Female,FR
3301,42,Other,AU
3302,21,Male,CA
3303,44,Male,PK
3304,54,Female,IN
3305,19,Female,IN
3306,44,Female,AU
3307,42,Male,CA
3308,52,Other,PK
3309,49,Male,PK
3310,41,Female,DE
3311,58,Other,IN
3312,33,Female,DE
3313,57,Other,UK
3314,40,Male,US
3315,37,Male,IN
3316,21,Female,AU
3317,49,Other,FR
3318,33,Male,US
3319,33,Male,UK
3320,28,Other,AU
3321,53,Male,PK
3322,40,Male,DE
3323,33,Other,IN
3324,45,Female,UK
3325,24,Other,CA
3326,26,Female,UK
3327,49,Male,UK
3328,47,Female,IN
3329,22,Other,PK
3330,57,Female,FR
3331,42,Male,US
3332,55,Other,IN
3333,53,Male,FR
3334,21,Male,UK
3335,51,Female,CA
3336,40,Other,IN
3337,30,Female,FR
3338,17,Other,US
3339,56,Male,UK
3340,37,Male,AU
3341,18,Female,US
3342,29,Other,DE
3343,33,Other,CA
3344,32,Male,US
3345,21,Male,CA
3346,52,Other,AU
3347,43,Other,PK
3348,45,Female,IN
3349,59,Other,DE
3350,45,Male,IN
3351,35,Other,CA
3352,16,Female,FR
3353,46,Other,DE
3354,56,Male,US
3355,34,Male,PK
3356,54,Other,CA
3357,52,Other,CA
3358,49,Male,CA
3359,54,Other,UK
3360,22,Other,DE
3361,41,Female,IN
3362,17,Male,US
3363,23,Male,CA
3364,23,Other,UK
3365,24,Other,IN
3366,55,Female,US
3367,32,Male,AU
3368,38,Female,AU
3369,35,Male,UK
3370,35,Other,IN
3371,40,Female,US
3372,36,Female,IN
3373,49,Male,AU
3374,40,Other,IN
3375,38,Female,PK
3376,55,Male,US
3377,33,Female,PK
3378,29,Male,US
3379,33,Other,UK
3380,16,Female,AU
3381,48,Female,CA
3382,33,Male,CA
3383,50,Other,DE
3384,24,Male,FR
3385,21,Female,AU
3386,55,Female,PK
3387,47,Other,US
3388,59,Male,PK
3389,49,Other,PK
3390,50,Other,FR
3391,27,Male,FR
3392,31,Male,PK
3393,18,Female,UK
3394,55,Female,IN
3395,23,Male,FR
3396,33,Male,CA
3397,35,Other,CA
3398,57,Other,IN
3399,57,Male,US
3400,48,Male,FR
3401,37,Female,UK
3402,38,Male,FR
3403,17,Male,UK
3404,59,Male,AU
3405,24,Female,US
3406,51,Other,UK
3407,50,Other,DE
3408,55,Female,CA
3409,16,Other,FR
3410,22,Other,CA
3411,21,Female,PK
3412,43,Other,US
3413,19,Other,AU
3414,43,Female,PK
3415,27,Male,AU
3416,38,Other,IN
3417,41,Other,AU
3418,40,Female,AU
3419,38,Female,DE
3420,30,Female,FR
3421,54,Other,UK
3422,42,Male,IN
3423,42,Male,AU
3424,52,Female,US
3425,24,Male,CA
3426,50,Female,CA
3427,29,Female,US
3428,28,Female,UK
3429,26,Male,AU
3430,19,Other,PK
3431,53,Male,DE
3432,56,Male,IN
3433,19,Male,DE
3434,58,Female,UK
3435,21,Female,PK
3436,22,Male,PK
3437,30,Other,IN
3438,42,Female,DE
3439,54,Male,IN
3440,36,Male,US
3441,40,Other,US
3442,42,Other,UK
3443,47,Other,PK
3444,31,Female,UK
3445,16,Other,IN
3446,18,Male,AU
3447,57,Male,US
3448,40,Female,DE
3449,58,Other,DE
3450,22,Female,UK
3451,22,Other,AU
3452,48,Other,CA
3453,42,Other,AU
3454,39,Other,DE
3455,40,Other,AU
3456,19,Male,AU
3457,55,Male,DE
3458,35,Male,UK
3459,59,Female,US
3460,28,Male,PK
3461,45,Female,PK
3462,26,Male,FR
3463,55,Male,IN
3464,49,Male,PK
3465,21,Female,PK
3466,25,Other,CA
3467,49,Male,PK
3468,41,Male,US
3469,52,Female,CA
3470,34,Other,IN
3471,16,Other,PK
3472,46,Female,AU
3473,17,Male,IN
3474,43,Female,IN
3475,44,Male,IN
3476,26,Female,CA
3477,27,Other,DE
3478,20,Other,FR
3479,48,Female,FR
3480,48,Other,AU
3481,24,Female,DE
3482,34,Male,US
3483,42,Female,CA
3484,31,Other,AU
3485,48,Female,IN
3486,35,Female,US
3487,53,Other,IN
3488,19,Male,DE
3489,59,Female,DE
3490,33,Other,US
3491,50,Other,PK
3492,36,Other,FR
3493,49,Male,UK
3494,48,Other,IN
3495,31,Female,US
3496,51,Other,PK
3497,17,Female,UK
3498,20,Female,UK
3499,16,Male,DE
3500,45,Other,AU
3501,19,Male,AU
3502,39,Other,AU
3503,31,Male,UK
3504,48,Female,IN
3505,36,Male,US
3506,56,Male,IN
3507,52,Male,FR
3508,59,Male,PK
3509,58,Other,US
3510,57,Male,FR
3511,29,Other,AU
3512,50,Male,UK
3513,34,Male,DE
3514,18,Other,US
3515,31,Male,UK
3516,23,Female,UK
3517,54,Female,DE
3518,43,Other,PK
3519,52,Male,CA
3520,55,Male,UK
3521,46,Other,UK
3522,45,Other,US
3523,19,Male,DE
3524,49,Female,UK
3525,58,Other,IN
3526,52,Male,FR
3527,24,Male,CA
3528,47,Male,US
3529,42,Male,DE
3530,16,Female,PK
3531,55,Male,IN
3532,50,Male,IN
3533,29,Female,CA
3534,29,Male,UK
3535,35,Other,PK
3536,48,Other,PK
3537,38,Other,FR
3538,41,Female,DE
3539,50,Female,UK
3540,45,Female,CA
3541,42,Other,US
3542,29,Other,PK
3543,37,Male,DE
3544,19,Female,IN
3545,57,Other,FR
3546,43,Male,UK
3547,40,Female,US
3548,30,Female,US
3549,33,Female,PK
3550,56,Male,DE
3551,21,Female,AU
3552,26,Female,CA
3553,36,Other,FR
3554,27,Other,IN
3555,20,Female,CA
3556,38,Male,FR
3557,29,Male,US
3558,46,Other,PK
3559,52,Female,US
3560,23,Female,PK
3561,18,Male,CA
3562,44,Male,FR
3563,49,Other,AU
3564,27,Other,CA
3565,45,Other,US
3566,22,Other,DE
3567,57,Female,FR
3568,34,Other,DE
3569,36,Other,UK
3570,45,Male,PK
3571,45,Female,AU
3572,50,Male,DE
3573,22,Female,PK
3574,59,Female,US
3575,25,Other,UK
3576,44,Male,AU
3577,32,Male,IN
3578,57,Other,AU
3579,30,Male,DE
3580,20,Other,CA
3581,23,Other,AU
3582,26,Female,CA
3583,21,Female,IN
3584,33,Male,PK
3585,56,Female,CA
3586,58,Female,IN
3587,36,Other,IN
3588,16,Male,DE
3589,44,Female,PK
3590,23,Female,US
3591,44,Female,PK
3592,44,Female,IN
3593,51,Female,US
3594,48,Other,DE
3595,39,Other,DE
3596,59,Other,UK
3597,55,Male,US
3598,49,Female,US
3599,31,Female,AU
3600,43,Other,PK
3601,52,Male,PK
3602,35,Other,CA
3603,26,Female,DE
3604,21,Male,FR
3605,44,Male,IN
3606,35,Male,CA
3607,45,Male,CA
3608,41,Male,AU
3609,41,Male,US
3610,25,Other,DE
3611,58,Female,FR
3612,41,Female,IN
3613,30,Other,DE
3614,20,Other,DE
3615,17,Other,IN
3616,16,Male,IN
3617,23,Male,CA
3618,26,Female,IN
3619,49,Male,DE
3620,18,Other,DE
3621,29,Other,CA
3622,34,Other,UK
3623,46,Male,UK
3624,57,Male,IN
3625,25,Female,AU
3626,34,Other,CA
3627,45,Male,FR
3628,35,Female,US
3629,50,Male,UK
3630,48,Other,PK
3631,17,Female,DE
3632,56,Female,DE
3633,30,Male,US
3634,58,Male,CA
3635,54,Other,PK
3636,27,Male,CA
3637,33,Male,CA
3638,39,Other,UK
3639,50,Other,IN
3640,29,Other,CA
3641,37,Other,AU
3642,21,Other,US
3643,24,Male,US
3644,29,Male,UK
3645,16,Male,US
3646,56,Male,UK
3647,36,Male,FR
3648,40,Female,FR
3649,38,Male,US
3650,41,Female,DE
3651,49,Male,PK
3652,26,Male,DE
3653,24,Male,PK
3654,29,Female,DE
3655,20,Female,UK
3656,37,Other,AU
3657,36,Male,CA
3658,49,Male,AU
3659,39,Other,CA
3660,42,Female,CA
3661,47,Other,US
3662,45,Female,PK
3663,42,Other,FR
3664,28,Female,IN
3665,24,Other,DE
3666,45,Male,US
3667,58,Female,FR
3668,39,Female,CA
3669,41,Female,CA
3670,35,Other,AU
3671,27,Male,PK
3672,21,Other,UK
3673,19,Female,US
3674,21,Other,DE
3675,51,Other,US
3676,39,Female,UK
3677,25,Female,US
3678,39,Female,PK
3679,43,Male,IN
3680,19,Female,PK
3681,30,Male,DE
3682,55,Male,DE
3683,46,Other,PK
3684,23,Female,US
3685,33,Male,DE
3686,18,Male,PK
3687,47,Male,UK
3688,51,Female,PK
3689,16,Other,FR
3690,53,Female,CA
3691,19,Male,DE
3692,47,Male,PK
3693,53,Female,US
3694,58,Other,IN
3695,26,Female,AU
3696,29,Other,UK
3697,57,Male,DE
3698,58,Female,AU
3699,54,Other,AU
3700,23,Female,AU
3701,36,Male,FR
3702,48,Female,DE
3703,49,Female,AU
3704,34,Female,CA
3705,43,Female,PK
3706,17,Female,PK
3707,53,Female,AU
3708,19,Male,PK
3709,29,Other,CA
3710,37,Other,DE
3711,39,Other,AU
3712,50,Male,PK
3713,30,Male,UK
3714,27,Male,DE
3715,19,Male,DE
3716,21,Male,US
3717,49,Other,PK
3718,32,Other,PK
3719,46,Other,CA
3720,22,Male,FR
3721,46,Male,US
3722,35,Other,IN
3723,42,Male,CA
3724,25,Male,DE
3725,58,Other,CA
3726,57,Female,AU
3727,54,Female,AU
3728,45,Other,FR
3729,42,Male,IN
3730,22,Other,IN
3731,22,Female,IN
3732,35,Other,CA
3733,26,Other,IN
3734,36,Female,UK
3735,31,Female,PK
3736,50,Other,US
3737,48,Female,PK
3738,54,Female,UK
3739,52,Female,IN
3740,17,Female,UK
3741,56,Male,CA
3742,17,Male,PK
3743,49,Other,CA
3744,56,Female,AU
3745,30,Female,FR
3746,21,Male,UK
3747,23,Female,IN
3748,55,Female,AU
3749,48,Male,FR
3750,35,Female,AU
3751,43,Male,PK
3752,47,Male,DE
3753,25,Other,FR
3754,44,Female,FR
3755,51,Male,UK
3756,43,Male,IN
3757,46,Other,DE
3758,38,Female,FR
3759,37,Female,US
3760,51,Male,AU
3761,27,Other,IN
3762,41,Other,AU
3763,58,Female,AU
3764,59,Male,DE
3765,56,Male,PK
3766,32,Male,AU
3767,48,Male,US
3768,24,Female,IN
3769,40,Female,PK
3770,42,Male,FR
3771,57,Female,DE
3772,21,Female,IN
3773,30,Male,UK
3774,39,Other,AU
3775,47,Female,IN
3776,56,Female,PK
3777,43,Other,AU
3778,19,Female,FR
3779,30,Other,CA
3780,35,Female,DE
3781,48,Other,FR
3782,32,Female,PK
3783,37,Male,PK
3784,23,Male,US
3785,43,Other,DE
3786,51,Other,IN
3787,42,Female,UK
3788,57,Male,IN
3789,46,Other,PK
3790,52,Female,PK
3791,21,Female,UK
3792,45,Other,PK
3793,21,Male,FR
3794,41,Female,PK
3795,22,Male,UK
3796,49,Female,PK
3797,37,Male,IN
3798,31,Other,FR
3799,47,Other,IN
3800,53,Male,PK
3801,57,Female,DE
3802,19,Female,PK
3803,53,Male,IN
3804,43,Male,AU
3805,59,Other,UK
3806,24,Other,CA
3807,32,Female,US
3808,47,Female,IN
3809,35,Female,DE
3810,22,Male,UK
3811,17,Male,US
3812,16,Female,FR
3813,41,Female,CA
3814,21,Male,US
3815,30,Female,UK
3816,37,Other,DE
3817,19,Female,AU
3818,41,Female,IN
3819,56,Male,PK
3820,55,Female,US
3821,43,Female,UK
3822,22,Male,AU
3823,44,Female,CA
3824,53,Other,FR
3825,37,Other,FR
3826,18,Other,DE
3827,26,Male,IN
3828,25,Male,DE
3829,55,Other,PK
3830,43,Male,FR
3831,18,Male,PK
3832,52,Male,PK
3833,25,Other,AU
3834,56,Other,AU
3835,31,Male,UK
3836,33,Other,AU
3837,53,Male,DE
3838,53,Female,PK
3839,56,Other,PK
3840,47,Other,US
3841,24,Female,US
3842,55,Other,UK
3843,37,Male,FR
3844,19,Female,FR
3845,32,Male,UK
3846,29,Female,UK
3847,35,Male,PK
3848,20,Other,IN
3849,42,Male,CA
3850,22,Female,DE
3851,16,Male,UK
3852,50,Male,AU
3853,20,Other,US
3854,38,Male,UK
3855,54,Female,AU
3856,49,Female,UK
3857,43,Male,IN
3858,34,Other,AU
3859,54,Female,UK
3860,39,Other,FR
3861,48,Male,UK
3862,43,Male,DE
3863,39,Other,IN
3864,51,Other,DE
3865,59,Male,FR
3866,36,Male,IN
3867,54,Female,CA
3868,59,Other,AU
3869,35,Male,UK
3870,36,Male,PK
3871,22,Other,IN
3872,42,Male,DE
3873,51,Other,CA
3874,40,Female,DE
3875,20,Other,AU
3876,41,Female,FR
3877,36,Male,PK
3878,34,Male,DE
3879,26,Male,US
3880,17,Female,UK
3881,22,Other,AU
3882,46,Female,PK
3883,37,Female,US
3884,59,Other,IN
3885,47,Female,US
3886,57,Female,UK
3887,54,Male,UK
3888,18,Other,UK
3889,59,Male,PK
3890,51,Female,AU
3891,17,Female,AU
3892,28,Other,CA
3893,40,Other,CA
3894,57,Other,DE
3895,54,Female,US
3896,59,Male,AU
3897,23,Male,CA
3898,25,Male,US
3899,29,Female,US
3900,46,Female,IN
3901,35,Other,IN
3902,39,Female,UK
3903,16,Other,IN
3904,35,Female,CA
3905,59,Other,IN
3906,31,Female,FR
3907,36,Male,PK
3908,28,Male,FR
3909,40,Other,UK
3910,55,Male,CA
3911,34,Female,US
3912,40,Female,IN
3913,48,Male,DE
3914,23,Other,UK
3915,50,Female,AU
3916,55,Male,UK
3917,36,Other,US
3918,40,Male,DE
3919,42,Female,US
3920,21,Other,AU
3921,16,Female,IN
3922,52,Male,PK
3923,59,Other,CA
3924,43,Male,IN
3925,53,Male,US
3926,16,Other,FR
3927,54,Other,PK
3928,45,Male,FR
3929,50,Other,CA
3930,27,Female,CA
3931,36,Male,IN
3932,36,Other,PK
3933,26,Male,UK
3934,30,Female,FR
3935,39,Female,CA
3936,24,Female,US
3937,31,Other,US
3938,31,Female,FR
3939,32,Other,PK
3940,51,Female,PK
3941,50,Female,IN
3942,23,Female,DE
3943,55,Other,DE
3944,54,Other,US
3945,24,Male,AU
3946,56,Female,FR
3947,23,Male,DE
3948,19,Female,FR
3949,22,Male,FR
3950,22,Other,IN
3951,26,Male,DE
3952,36,Female,CA
3953,49,Female,US
3954,20,Other,CA
3955,16,Female,AU
3956,17,Female,DE
3957,54,Female,UK
3958,50,Male,US
3959,32,Male,UK
3960,25,Other,CA
3961,34,Male,DE
3962,27,Male,UK
3963,49,Other,DE
3964,17,Other,AU
3965,27,Male,IN
3966,42,Male,IN
3967,55,Male,US
3968,51,Male,AU
3969,24,Female,UK
3970,47,Other,FR
3971,28,Other,US
3972,57,Other,DE
3973,16,Other,UK
3974,57,Other,PK
3975,34,Female,PK
3976,27,Other,CA
3977,49,Other,US
3978,29,Other,FR
3979,46,Female,CA
3980,46,Female,PK
3981,42,Male,AU
3982,54,Male,US
3983,44,Other,IN
3984,25,Male,DE
3985,54,Male,US
3986,36,Male,US
3987,25,Other,AU
3988,34,Other,IN
3989,33,Female,US
3990,35,Female,PK
3991,49,Male,PK
3992,22,Other,PK
3993,27,Male,FR
3994,46,Other,FR
3995,40,Other,US
3996,35,Other,FR
3997,37,Female,IN
3998,42,Female,AU
3999,43,Other,FR
4000,50,Male,UK
4001,31,Other,AU
4002,30,Female,US
4003,39,Female,AU
4004,49,Other,UK
4005,58,Female,CA
4006,45,Other,PK
4007,42,Male,CA
4008,37,Other,US
4009,27,Female,PK
4010,52,Other,US
4011,50,Male,US
4012,51,Female,US
4013,51,Female,AU
4014,52,Female,FR
4015,19,Other,DE
4016,43,Male,US
4017,30,Female,CA
4018,22,Female,PK
4019,29,Other,US
4020,32,Other,DE
4021,28,Male,US
4022,44,Female,PK
4023,45,Female,PK
4024,41,Female,FR
4025,58,Other,PK
4026,18,Male,UK
4027,16,Male,FR
4028,45,Other,PK
4029,22,Female,UK
4030,35,Other,US
4031,46,Other,DE
4032,47,Female,AU
4033,17,Female,US
4034,57,Other,US
4035,33,Male,CA
4036,16,Male,UK
4037,28,Other,AU
4038,52,Male,FR
4039,46,Other,IN
4040,22,Male,CA
4041,38,Female,DE
4042,39,Male,AU
4043,33,Other,CA
4044,21,Male,DE
4045,45,Female,US
4046,34,Other,CA
4047,33,Male,US
4048,55,Female,CA
4049,27,Other,CA
4050,37,Female,FR
4051,34,Other,US
4052,21,Female,AU
4053,30,Other,DE
4054,16,Other,UK
4055,20,Male,DE
4056,31,Other,PK
4057,18,Male,UK
4058,22,Female,IN
4059,18,Male,US
4060,50,Female,UK
4061,25,Male,PK
4062,49,Female,FR
4063,29,Male,US
4064,26,Male,CA
4065,53,Male,UK
4066,22,Other,US
4067,19,Other,IN
4068,51,Male,US
4069,42,Other,AU
4070,46,Other,AU
4071,17,Male,CA
4072,59,Other,DE
4073,24,Female,PK
4074,51,Female,IN
4075,27,Female,CA
4076,32,Female,US
4077,30,Other,PK
4078,24,Male,PK
4079,22,Female,IN
4080,28,Other,PK
4081,17,Other,FR
4082,43,Male,IN
4083,36,Male,DE
4084,20,Male,PK
4085,43,Male,DE
4086,28,Other,UK
4087,26,Female,CA
4088,20,Female,UK
4089,38,Male,AU
4090,50,Other,CA
4091,32,Other,AU
4092,37,Female,CA
4093,35,Female,DE
4094,40,Male,AU
4095,33,Male,UK
4096,34,Other,DE
4097,38,Other,DE
4098,27,Female,DE
4099,58,Other,DE
4100,19,Male,IN
4101,19,Other,IN
4102,25,Female,FR
4103,56,Female,IN
4104,25,Female,PK
4105,51,Other,DE
4106,17,Other,CA
4107,16,Other,US
4108,48,Male,CA
4109,59,Female,FR
4110,39,Male,UK
4111,20,Other,CA
4112,39,Male,UK
4113,24,Other,US
4114,34,Male,CA
4115,38,Male,US
4116,52,Female,PK
4117,21,Female,IN
4118,44,Other,AU
4119,17,Other,US
4120,43,Male,AU
4121,30,Female,DE
4122,20,Male,IN
4123,47,Other,AU
4124,55,Male,AU
4125,34,Female,PK
4126,18,Other,US
4127,42,Male,DE
4128,39,Male,AU
4129,20,Female,CA
4130,39,Male,UK
4131,49,Male,AU
4132,17,Other,FR
4133,30,Other,UK
4134,29,Male,PK
4135,27,Female,UK
4136,24,Female,AU
4137,35,Other,US
4138,31,Male,FR
4139,37,Male,CA
4140,23,Male,UK
4141,50,Female,PK
4142,34,Male,IN
4143,32,Male,IN
4144,25,Female,AU
4145,32,Female,PK
4146,51,Male,IN
4147,33,Male,UK
4148,48,Female,PK
4149,24,Other,US
4150,43,Male,FR
4151,25,Female,IN
4152,59,Other,DE
4153,19,Male,CA
4154,38,Male,FR
4155,48,Female,PK
4156,30,Female,FR
4157,52,Male,AU
4158,51,Female,UK
4159,49,Female,US
4160,18,Other,CA
4161,42,Male,AU
4162,38,Male,AU
4163,24,Other,DE
4164,36,Female,AU
4165,16,Male,PK
4166,54,Female,AU
4167,40,Female,PK
4168,46,Other,US
4169,31,Female,IN
4170,42,Female,UK
4171,42,Female,US
4172,59,Male,PK
4173,24,Female,AU
4174,21,Female,CA
4175,38,Female,DE
4176,29,Female,US
4177,20,Female,US
4178,44,Other,IN
4179,58,Other,PK
4180,34,Other,CA
4181,36,Male,FR
4182,51,Female,IN
4183,48,Female,DE
4184,44,Male,PK
4185,55,Male,CA
4186,39,Male,PK
4187,34,Other,US
4188,32,Male,AU
4189,30,Other,IN
4190,34,Other,UK
4191,56,Other,AU
4192,24,Male,PK
4193,54,Other,AU
4194,27,Other,FR
4195,33,Male,IN
4196,26,Other,AU
4197,47,Other,DE
4198,16,Female,AU
4199,18,Other,US
4200,28,Other,CA
4201,59,Other,FR
4202,45,Male,PK
4203,57,Male,US
4204,22,Other,FR
4205,28,Male,AU
4206,37,Female,UK
4207,35,Male,PK
4208,57,Female,FR
4209,17,Male,UK
4210,30,Other,AU
4211,33,Female,DE
4212,49,Male,PK
4213,25,Male,UK
4214,41,Other,DE
4215,39,Other,IN
4216,47,Male,AU
4217,59,Female,IN
4218,25,Male,FR
4219,50,Male,IN
4220,29,Female,IN
4221,39,Female,DE
4222,25,Male,CA
4223,49,Male,UK
4224,50,Male,PK
4225,36,Female,FR
4226,56,Female,UK
4227,37,Female,UK
4228,44,Other,FR
4229,42,Other,AU
4230,19,Female,US
4231,52,Female,FR
4232,37,Female,AU
4233,26,Other,DE
4234,58,Female,UK
4235,52,Female,AU
4236,42,Male,PK
4237,56,Other,UK
4238,47,Male,CA
4239,31,Female,CA
4240,41,Female,CA
4241,47,Female,FR
4242,25,Female,AU
4243,20,Male,PK
4244,16,Other,FR
4245,34,Male,PK
4246,24,Other,CA
4247,44,Female,DE
4248,36,Female,AU
4249,30,Other,FR
4250,42,Other,AU
4251,25,Male,AU
4252,58,Other,US
4253,53,Other,DE
4254,23,Other,IN
4255,23,Other,US
4256,25,Other,AU
4257,46,Male,AU
4258,49,Other,FR
4259,56,Female,CA
4260,56,Other,FR
4261,50,Male,DE
4262,48,Female,AU
4263,30,Other,CA
4264,23,Female,FR
4265,50,Other,AU
4266,57,Female,CA
4267,26,Other,IN
4268,18,Female,AU
4269,28,Other,DE
4270,54,Male,US
4271,36,Female,CA
4272,28,Female,US
4273,40,Other,UK
4274,19,Other,UK
4275,33,Female,CA
4276,52,Female,PK
4277,23,Male,FR
4278,34,Other,AU
4279,22,Male,PK
4280,36,Other,DE
4281,52,Male,US
4282,21,Other,FR
4283,30,Female,PK
4284,51,Female,FR
4285,18,Male,IN
4286,43,Other,AU
4287,45,Male,AU
4288,31,Other,PK
4289,20,Female,AU
4290,23,Female,UK
4291,18,Other,CA
4292,45,Other,FR
4293,22,Male,AU
4294,50,Female,AU
4295,49,Other,PK
4296,50,Female,CA
4297,43,Male,DE
4298,25,Male,AU
4299,22,Female,DE
4300,18,Male,AU
4301,52,Female,CA
4302,26,Male,CA
4303,26,Other,UK
4304,41,Other,CA
4305,33,Male,US
4306,19,Other,AU
4307,22,Male,DE
4308,49,Male,DE
4309,46,Male,IN
4310,59,Female,FR
4311,22,Other,IN
4312,18,Male,US
4313,30,Male,US
4314,38,Female,US
4315,28,Female,AU
4316,26,Female,PK
4317,30,Male,UK
4318,24,Male,PK
4319,28,Other,FR
4320,18,Male,DE
4321,21,Male,FR
4322,27,Female,US
4323,55,Male,PK
4324,35,Male,IN
4325,38,Male,FR
4326,24,Male,FR
4327,33,Other,AU
4328,31,Male,FR
4329,57,Other,AU
4330,45,Male,DE
4331,53,Other,FR
4332,45,Other,DE
4333,33,Male,AU
4334,16,Other,IN
4335,36,Female,PK
4336,28,Other,UK
4337,28,Female,US
4338,49,Male,PK
4339,59,Other,PK
4340,53,Male,US
4341,34,Other,DE
4342,20,Female,US
4343,35,Male,DE
4344,16,Female,UK
4345,42,Female,AU
4346,39,Male,FR
4347,31,Male,PK
4348,32,Other,DE
4349,16,Male,CA
4350,51,Male,CA
4351,59,Other,US
4352,45,Other,PK
4353,44,Male,IN
4354,50,Other,PK
4355,25,Female,PK
4356,31,Other,AU
4357,55,Female,PK
4358,43,Female,UK
4359,51,Female,IN
4360,33,Other,AU
4361,47,Female,UK
4362,45,Male,PK
4363,58,Female,CA
4364,32,Female,US
4365,22,Female,PK
4366,47,Female,CA
4367,40,Other,US
4368,40,Male,CA
4369,34,Other,PK
4370,57,Female,PK
4371,30,Other,AU
4372,54,Other,FR
4373,36,Other,AU
4374,19,Female,FR
4375,57,Female,AU
4376,18,Other,US
4377,25,Female,CA
4378,50,Male,AU
4379,16,Male,FR
4380,18,Female,AU
4381,45,Female,AU
4382,45,Other,FR
4383,46,Male,PK
4384,49,Female,US
4385,21,Female,FR
4386,46,Male,DE
4387,32,Male,FR
4388,38,Other,DE
4389,21,Male,FR
4390,27,Other,DE
4391,35,Female,AU
4392,48,Other,AU
4393,52,Female,DE
4394,58,Female,IN
4395,32,Female,PK
4396,28,Male,PK
4397,41,Male,IN
4398,53,Female,AU
4399,47,Male,FR
4400,34,Female,US
4401,45,Male,CA
4402,19,Female,UK
4403,47,Male,DE
4404,45,Male,CA
4405,24,Other,PK
4406,45,Other,FR
4407,30,Male,US
4408,57,Female,CA
4409,50,Other,PK
4410,52,Female,CA
4411,24,Female,AU
4412,59,Female,PK
4413,23,Other,US
4414,36,Other,CA
4415,27,Female,IN
4416,21,Female,DE
4417,33,Male,IN
4418,28,Female,IN
4419,43,Other,US
4420,49,Other,US
4421,23,Female,AU
4422,49,Female,PK
4423,23,Female,CA
4424,46,Other,DE
4425,53,Male,IN
4426,17,Male,PK
4427,35,Other,PK
4428,48,Male,IN
4429,22,Female,UK
4430,22,Male,IN
4431,30,Other,AU
4432,17,Female,IN
4433,58,Male,DE
4434,58,Female,DE
4435,26,Other,US
4436,39,Other,IN
4437,52,Male,CA
4438,34,Male,IN
4439,31,Other,US
4440,21,Male,UK
4441,57,Other,US
4442,33,Male,DE
4443,31,Female,US
4444,17,Male,AU
4445,19,Female,CA
4446,56,Other,PK
4447,52,Female,CA
4448,48,Other,DE
4449,58,Other,AU
4450,22,Other,PK
4451,22,Male,US
4452,16,Male,AU
4453,55,Female,PK
4454,42,Female,PK
4455,54,Male,UK
4456,52,Other,IN
4457,39,Female,PK
4458,55,Female,CA
4459,26,Male,DE
4460,52,Male,US
4461,34,Other,DE
4462,16,Other,IN
4463,31,Female,UK
4464,47,Other,US
4465,30,Other,AU
4466,50,Female,IN
4467,30,Female,IN
4468,20,Male,AU
4469,29,Male,PK
4470,26,Male,FR
4471,45,Other,AU
4472,21,Male,AU
4473,17,Other,US
4474,34,Male,CA
4475,41,Other,UK
4476,47,Other,FR
4477,21,Other,US
4478,44,Female,CA
4479,32,Other,DE
4480,30,Male,IN
4481,19,Male,DE
4482,33,Female,UK
4483,43,Other,CA
4484,52,Male,UK
4485,21,Male,FR
4486,55,Male,AU
4487,59,Male,DE
4488,19,Male,CA
4489,36,Female,UK
4490,33,Female,IN
4491,57,Other,DE
4492,51,Male,DE
4493,51,Male,PK
4494,55,Male,IN
4495,30,Male,AU
4496,41,Male,PK
4497,54,Male,IN
4498,49,Female,IN
4499,27,Male,DE
4500,55,Female,DE
4501,56,Male,AU
4502,45,Female,US
4503,46,Female,PK
4504,31,Other,IN
4505,33,Female,PK
4506,20,Male,PK
4507,26,Female,US
4508,46,Female,PK
4509,31,Other,UK
4510,36,Male,AU
4511,24,Male,CA
4512,51,Other,UK
4513,29,Other,IN
4514,33,Other,US
4515,46,Female,IN
4516,23,Other,IN
4517,19,Other,AU
4518,33,Male,US
4519,24,Other,FR
4520,16,Male,PK
4521,28,Other,CA
4522,58,Female,US
4523,52,Other,IN
4524,58,Other,DE
4525,57,Male,PK
4526,18,Other,PK
4527,42,Male,AU
4528,32,Female,CA
4529,40,Male,FR
4530,53,Male,IN
4531,25,Male,IN
4532,23,Female,UK
4533,40,Male,CA
4534,25,Other,PK
4535,49,Other,AU
4536,28,Female,DE
4537,59,Other,CA
4538,51,Other,US
4539,40,Female,AU
4540,19,Other,UK
4541,33,Male,DE
4542,21,Female,FR
4543,17,Female,UK
4544,38,Female,FR
4545,35,Male,IN
4546,30,Female,CA
4547,37,Other,DE
4548,42,Other,DE
4549,26,Male,UK
4550,24,Other,CA
4551,45,Male,AU
4552,23,Female,FR
4553,56,Other,IN
4554,39,Other,UK
4555,49,Other,DE
4556,20,Other,IN
4557,24,Female,CA
4558,56,Other,FR
4559,23,Female,UK
4560,54,Female,FR
4561,19,Male,DE
4562,32,Female,PK
4563,31,Other,FR
4564,32,Male,FR
4565,29,Other,UK
4566,36,Male,UK
4567,30,Female,UK
4568,51,Other,DE
4569,23,Other,US
4570,55,Other,PK
4571,48,Male,PK
4572,19,Other,AU
4573,44,Other,FR
4574,59,Male,DE
4575,39,Female,CA
4576,59,Male,FR
4577,45,Other,AU
4578,39,Male,CA
4579,31,Other,US
4580,51,Female,PK
4581,18,Male,UK
4582,58,Female,DE
4583,35,Female,UK
4584,45,Other,US
4585,44,Other,IN
4586,20,Female,US
4587,48,Female,AU
4588,50,Female,FR
4589,48,Other,US
4590,46,Female,AU
4591,23,Other,DE
4592,40,Male,DE
4593,27,Male,US
4594,36,Other,FR
4595,56,Male,UK
4596,43,Male,PK
4597,18,Other,DE
4598,23,Male,UK
4599,55,Male,FR
4600,44,Female,DE
4601,42,Male,AU
4602,17,Female,FR
4603,36,Other,IN
4604,44,Female,FR
4605,20,Male,AU
4606,55,Other,UK
4607,28,Other,PK
4608,35,Female,FR
4609,30,Male,US
4610,59,Female,PK
4611,47,Male,FR
4612,46,Other,FR
4613,37,Male,PK
4614,52,Female,US
4615,23,Other,DE
4616,54,Female,UK
4617,49,Female,CA
4618,53,Male,IN
4619,29,Female,FR
4620,33,Other,AU
4621,58,Male,UK
4622,47,Female,AU
4623,22,Male,PK
4624,36,Other,CA
4625,40,Other,DE
4626,28,Other,DE
4627,35,Female,AU
4628,51,Male,US
4629,43,Female,AU
4630,21,Male,US
4631,53,Other,IN
4632,57,Male,AU
4633,27,Male,CA
4634,34,Female,CA
4635,47,Male,IN
4636,38,Male,US
4637,21,Male,IN
4638,17,Male,CA
4639,52,Male,UK
4640,31,Female,AU
4641,28,Other,AU
4642,21,Female,UK
4643,52,Female,PK
4644,22,Other,IN
4645,50,Female,US
4646,23,Other,IN
4647,36,Other,UK
4648,46,Other,IN
4649,51,Female,PK
4650,50,Male,FR
4651,33,Female,AU
4652,28,Other,IN
4653,44,Male,DE
4654,37,Female,FR
4655,31,Other,UK
4656,49,Other,UK
4657,16,Other,US
4658,31,Other,FR
4659,44,Male,CA
4660,48,Male,UK
4661,53,Other,DE
4662,48,Other,US
4663,47,Female,IN
4664,18,Male,FR
4665,48,Female,CA
4666,22,Female,IN
4667,35,Male,UK
4668,42,Male,IN
4669,31,Female,FR
4670,32,Female,AU
4671,37,Male,DE
4672,24,Male,AU
4673,19,Other,DE
4674,38,Other,DE
4675,44,Other,FR
4676,48,Other,AU
4677,56,Female,US
4678,30,Other,CA
4679,17,Male,DE
4680,28,Female,FR
4681,32,Other,US
4682,24,Other,IN
4683,26,Other,UK
4684,22,Female,AU
4685,27,Other,DE
4686,50,Female,UK
4687,37,Male,DE
4688,49,Male,FR
4689,48,Male,US
4690,45,Female,AU
4691,58,Other,FR
4692,35,Other,US
4693,36,Male,FR
4694,33,Female,IN
4695,28,Male,AU
4696,32,Male,IN
4697,34,Male,IN
4698,20,Other,FR
4699,58,Other,UK
4700,30,Other,IN
4701,33,Female,US
4702,34,Other,AU
4703,20,Male,IN
4704,39,Female,PK
4705,28,Male,PK
4706,32,Other,FR
4707,48,Male,CA
4708,49,Male,DE
4709,59,Male,AU
4710,21,Other,AU
4711,18,Female,DE
4712,55,Male,FR
4713,48,Other,US
4714,17,Male,US
4715,36,Female,UK
4716,27,Female,UK
4717,48,Other,FR
4718,20,Female,IN
4719,49,Other,IN
4720,22,Female,FR
4721,54,Other,FR
4722,55,Female,IN
4723,25,Male,DE
4724,36,Female,AU
4725,32,Female,UK
4726,33,Other,AU
4727,58,Other,US
4728,32,Male,DE
4729,41,Male,FR
4730,39,Female,FR
4731,29,Female,US
4732,42,Female,FR
4733,56,Male,FR
4734,29,Female,DE
4735,48,Other,FR
4736,24,Other,UK
4737,44,Other,AU
4738,21,Male,FR
4739,44,Male,DE
4740,25,Female,US
4741,56,Male,US
4742,46,Other,PK
4743,47,Male,FR
4744,18,Female,US
4745,21,Female,DE
4746,56,Male,FR
4747,56,Female,CA
4748,21,Male,FR
4749,48,Female,AU
4750,59,Female,PK
4751,37,Female,AU
4752,44,Female,PK
4753,20,Other,US
4754,50,Other,DE
4755,22,Female,UK
4756,47,Male,CA
4757,37,Female,PK
4758,48,Female,DE
4759,22,Male,AU
4760,58,Female,CA
4761,32,Male,IN
4762,21,Male,FR
4763,28,Other,AU
4764,46,Male,IN
4765,43,Other,AU
4766,22,Male,CA
4767,58,Female,IN
4768,16,Other,DE
4769,55,Female,AU
4770,47,Other,DE
4771,31,Other,FR
4772,58,Female,PK
4773,44,Female,DE
4774,37,Female,PK
4775,23,Male,DE
4776,50,Female,CA
4777,47,Other,IN
4778,50,Male,AU
4779,43,Female,PK
4780,46,Other,IN
4781,36,Male,FR
4782,41,Male,PK
4783,39,Female,CA
4784,50,Male,PK
4785,22,Female,US
4786,49,Other,US
4787,59,Other,IN
4788,57,Female,DE
4789,34,Male,AU
4790,51,Other,UK
4791,46,Other,FR
4792,22,Male,FR
4793,52,Other,DE
4794,50,Female,US
4795,27,Male,US
4796,38,Male,CA
4797,59,Male,AU
4798,45,Other,AU
4799,31,Other,UK
4800,22,Male,PK
4801,24,Other,PK
4802,44,Female,FR
4803,59,Female,US
4804,34,Other,FR
4805,28,Male,US
4806,40,Other,UK
4807,33,Female,CA
4808,27,Other,FR
4809,56,Other,DE
4810,26,Male,US
4811,54,Female,FR
4812,32,Female,AU
4813,26,Female,PK
4814,45,Male,AU
4815,58,Female,CA
4816,32,Male,PK
4817,40,Male,FR
4818,44,Other,DE
4819,17,Male,UK
4820,29,Other,CA
4821,47,Female,FR
4822,24,Female,UK
4823,59,Male,AU
4824,21,Other,CA
4825,17,Female,FR
4826,42,Male,UK
4827,24,Female,IN
4828,28,Male,PK
4829,26,Female,FR
4830,50,Male,IN
4831,21,Male,US
4832,51,Other,PK
4833,30,Male,AU
4834,48,Other,US
4835,19,Female,UK
4836,53,Other,AU
4837,30,Male,UK
4838,16,Female,FR
4839,39,Male,FR
4840,51,Other,AU
4841,33,Male,CA
4842,34,Male,FR
4843,41,Male,CA
4844,57,Other,US
4845,24,Male,AU
4846,24,Male,IN
4847,26,Other,AU
4848,17,Other,DE
4849,26,Female,CA
4850,45,Male,IN
4851,49,Female,IN
4852,48,Male,DE
4853,18,Male,DE
4854,23,Other,IN
4855,45,Female,IN
4856,58,Other,IN
4857,28,Male,CA
4858,48,Male,UK
4859,18,Male,US
4860,47,Male,UK
4861,48,Female,PK
4862,22,Male,US
4863,38,Male,AU
4864,24,Male,US
4865,26,Female,PK
4866,40,Other,US
4867,53,Male,UK
4868,21,Male,UK
4869,39,Male,US
4870,52,Female,PK
4871,40,Other,UK
4872,52,Other,PK
4873,17,Other,CA
4874,19,Other,CA
4875,16,Female,CA
4876,46,Other,US
4877,29,Female,US
4878,26,Female,AU
4879,27,Male,IN
4880,57,Other,CA
4881,20,Female,AU
4882,36,Male,DE
4883,32,Other,IN
4884,47,Male,PK
4885,25,Male,UK
4886,36,Female,US
4887,22,Male,DE
4888,58,Other,PK
4889,50,Male,IN
4890,20,Female,AU
4891,20,Male,UK
4892,53,Male,CA
4893,22,Female,US
4894,58,Other,FR
4895,28,Male,US
4896,37,Female,PK
4897,57,Male,PK
4898,29,Male,PK
4899,32,Female,DE
4900,37,Male,FR
4901,17,Other,IN
4902,35,Other,UK
4903,52,Female,IN
4904,50,Male,US
4905,23,Male,FR
4906,50,Female,FR
4907,51,Male,AU
4908,59,Female,US
4909,39,Other,DE
4910,39,Female,US
4911,37,Male,FR
4912,42,Other,AU
4913,57,Other,FR
4914,16,Male,DE
4915,52,Female,CA
4916,41,Other,CA
4917,19,Male,IN
4918,58,Male,AU
4919,21,Male,UK
4920,45,Other,CA
4921,42,Male,IN
4922,20,Female,PK
4923,33,Female,US
4924,42,Other,AU
4925,49,Male,AU
4926,40,Male,US
4927,44,Female,CA
4928,28,Other,AU
4929,48,Other,IN
4930,35,Female,UK
4931,54,Other,DE
4932,38,Male,IN
4933,47,Female,US
4934,59,Male,PK
4935,55,Other,FR
4936,49,Other,FR
4937,35,Female,US
4938,53,Male,DE
4939,32,Other,DE
4940,50,Female,DE
4941,41,Other,PK
4942,24,Female,UK
4943,46,Other,IN
4944,42,Other,FR
4945,23,Male,FR
4946,42,Male,AU
4947,36,Male,IN
4948,31,Other,US
4949,41,Female,FR
4950,44,Female,UK
4951,50,Male,CA
4952,54,Other,PK
4953,38,Male,AU
4954,57,Female,UK
4955,57,Female,AU
4956,22,Male,UK
4957,18,Other,AU
4958,19,Male,IN
4959,20,Female,PK
4960,38,Other,UK
4961,54,Female,US
4962,23,Male,CA
4963,49,Female,US
4964,56,Other,PK
4965,39,Male,US
4966,57,Male,DE
4967,54,Male,IN
4968,40,Other,AU
4969,22,Male,AU
4970,30,Female,US
4971,23,Other,UK
4972,58,Female,US
4973,47,Female,AU
4974,44,Other,IN
4975,56,Male,US
4976,56,Female,IN
4977,21,Male,DE
4978,17,Female,US
4979,54,Female,US
4980,50,Female,US
4981,17,Male,UK
4982,20,Male,PK
4983,44,Male,FR
4984,27,Female,FR
4985,44,Other,CA
4986,40,Other,AU
4987,41,Male,AU
4988,23,Male,UK
4989,37,Male,FR
4990,40,Other,IN
4991,57,Male,US
4992,36,Other,UK
4993,25,Male,PK
4994,57,Other,AU
4995,23,Female,DE
4996,43,Other,IN
4997,40,Female,IN
4998,16,Female,AU
4999,21,Female,CA
5000,24,Female,UK
5001,19,Other,IN
5002,31,Other,PK
5003,17,Male,PK
5004,59,Male,DE
5005,24,Male,FR
5006,34,Female,DE
5007,21,Male,DE
5008,32,Female,AU
5009,32,Female,PK
5010,58,Female,UK
5011,21,Female,DE
5012,43,Male,DE
5013,41,Female,UK
5014,17,Female,DE
5015,37,Other,FR
5016,20,Male,FR
5017,38,Male,UK
5018,23,Female,US
5019,20,Other,AU
5020,43,Other,PK
5021,47,Female,DE
5022,38,Male,CA
5023,49,Male,IN
5024,45,Male,FR
5025,19,Male,AU
5026,19,Male,DE
5027,33,Other,IN
5028,22,Male,US
5029,24,Male,US
5030,21,Other,IN
5031,51,Other,CA
5032,18,Female,FR
5033,43,Male,AU
5034,16,Other,US
5035,22,Female,DE
5036,38,Other,DE
5037,37,Male,US
5038,37,Female,AU
5039,34,Male,FR
5040,21,Other,US
5041,55,Male,DE
5042,42,Other,FR
5043,57,Other,UK
5044,21,Male,US
5045,19,Female,FR
5046,52,Male,IN
5047,22,Male,AU
5048,20,Other,DE
5049,49,Other,AU
5050,33,Male,US
5051,44,Male,US
5052,36,Female,IN
5053,37,Female,CA
5054,58,Female,AU
5055,39,Male,FR
5056,23,Male,DE
5057,17,Female,DE
5058,24,Female,PK
5059,18,Other,PK
5060,38,Female,AU
5061,44,Male,PK
5062,23,Male,IN
5063,37,Other,IN
5064,17,Female,DE
5065,22,Other,CA
5066,23,Female,US
5067,20,Male,PK
5068,20,Other,DE
5069,59,Female,UK
5070,42,Other,UK
5071,21,Other,CA
5072,47,Other,UK
5073,30,Other,UK
5074,40,Male,DE
5075,24,Male,AU
5076,20,Other,PK
5077,55,Other,IN
5078,30,Other,PK
5079,22,Male,CA
5080,34,Other,CA
5081,39,Male,AU
5082,36,Female,AU
5083,40,Female,AU
5084,57,Female,DE
5085,54,Female,US
5086,21,Other,UK
5087,40,Other,PK
5088,47,Female,AU
5089,33,Other,IN
5090,37,Female,CA
5091,33,Female,UK
5092,16,Female,AU
5093,53,Other,IN
5094,23,Male,FR
5095,46,Female,US
5096,16,Other,IN
5097,51,Other,PK
5098,39,Other,DE
5099,39,Female,DE
5100,26,Female,PK
5101,17,Female,UK
5102,19,Female,FR
5103,59,Male,CA
5104,54,Other,IN
5105,25,Female,US
5106,49,Male,CA
5107,56,Female,DE
5108,31,Female,UK
5109,59,Female,IN
5110,41,Other,CA
5111,44,Female,DE
5112,40,Female,US
5113,19,Female,CA
5114,50,Male,FR
5115,30,Male,AU
5116,54,Female,CA
5117,34,Female,IN
5118,35,Other,CA
5119,56,Male,CA
5120,31,Male,AU
5121,22,Female,AU
5122,49,Female,IN
5123,51,Other,UK
5124,24,Other,UK
5125,44,Male,CA
5126,18,Male,AU
5127,57,Male,PK
5128,38,Other,US
5129,16,Other,FR
5130,40,Female,FR
5131,39,Male,CA
5132,32,Female,PK
5133,51,Other,FR
5134,59,Male,FR
5135,52,Male,US
5136,59,Female,CA
5137,16,Male,AU
5138,22,Female,IN
5139,41,Male,US
5140,49,Female,IN
5141,24,Female,US
5142,38,Other,IN
5143,40,Male,UK
5144,16,Female,UK
5145,28,Male,US
5146,51,Male,UK
5147,48,Other,IN
5148,54,Male,IN
5149,26,Other,IN
5150,44,Other,US
5151,46,Male,IN
5152,27,Female,US
5153,25,Male,DE
5154,30,Male,CA
5155,18,Female,AU
5156,31,Female,US
5157,30,Male,CA
5158,35,Female,AU
5159,42,Other,DE
5160,44,Male,PK
5161,42,Other,DE
5162,27,Male,AU
5163,39,Female,US
5164,32,Other,FR
5165,57,Other,UK
5166,54,Female,DE
5167,19,Male,FR
5168,32,Male,AU
5169,58,Female,IN
5170,38,Female,IN
5171,37,Female,IN
5172,18,Other,PK
5173,32,Male,UK
5174,35,Male,CA
5175,47,Female,PK
5176,45,Male,IN
5177,31,Male,PK
5178,20,Female,PK
5179,52,Other,FR
5180,50,Other,AU
5181,20,Other,FR
5182,36,Other,CA
5183,17,Male,DE
5184,28,Other,IN
5185,29,Other,FR
5186,43,Female,FR
5187,48,Male,AU
5188,40,Other,DE
5189,51,Other,FR
5190,19,Female,DE
5191,57,Male,AU
5192,26,Female,US
5193,49,Other,PK
5194,56,Female,IN
5195,33,Male,DE
5196,44,Male,US
5197,54,Male,PK
5198,19,Male,US
5199,24,Other,DE
5200,43,Male,FR
5201,24,Male,FR
5202,17,Male,CA
5203,41,Female,AU
5204,43,Female,US
5205,51,Other,PK
5206,48,Female,UK
5207,57,Female,UK
5208,30,Female,IN
5209,27,Male,DE
5210,51,Male,AU
5211,39,Male,FR
5212,29,Other,PK
5213,29,Female,AU
5214,19,Female,DE
5215,33,Other,US
5216,21,Other,CA
5217,21,Male,UK
5218,57,Other,PK
5219,18,Female,AU
5220,56,Male,UK
5221,37,Female,UK
5222,31,Female,PK
5223,26,Male,CA
5224,48,Female,US
5225,34,Other,AU
5226,57,Male,US
5227,16,Female,UK
5228,25,Other,PK
5229,23,Female,CA
5230,20,Other,UK
5231,27,Male,CA
5232,28,Female,IN
5233,22,Female,FR
5234,49,Male,US
5235,50,Other,FR
5236,59,Other,IN
5237,46,Male,US
5238,46,Other,AU
5239,59,Male,CA
5240,46,Male,US
5241,25,Male,CA
5242,58,Female,PK
5243,29,Male,US
5244,32,Male,FR
5245,46,Female,PK
5246,30,Female,FR
5247,21,Male,CA
5248,18,Female,AU
5249,28,Female,FR
5250,31,Male,US
5251,55,Other,CA
5252,16,Male,PK
5253,36,Female,PK
5254,55,Other,CA
5255,35,Female,IN
5256,32,Female,IN
5257,54,Other,UK
5258,31,Female,US
5259,43,Female,US
5260,17,Other,CA
5261,45,Male,FR
5262,59,Other,PK
5263,30,Female,AU
5264,16,Other,IN
5265,38,Male,UK
5266,30,Male,US
5267,52,Female,AU
5268,30,Other,DE
5269,37,Male,PK
5270,19,Male,DE
5271,57,Other,CA
5272,49,Female,UK
5273,50,Other,UK
5274,36,Male,PK
5275,32,Female,CA
5276,20,Male,IN
5277,54,Female,IN
5278,32,Female,FR
5279,32,Male,CA
5280,31,Other,UK
5281,31,Female,DE
5282,42,Female,DE
5283,53,Male,CA
5284,19,Other,US
5285,51,Female,UK
5286,18,Male,AU
5287,51,Female,US
5288,27,Female,IN
5289,29,Male,AU
5290,16,Female,US
5291,52,Other,FR
5292,47,Female,DE
5293,21,Female,AU
5294,25,Other,PK
5295,20,Male,IN
5296,59,Male,IN
5297,54,Other,CA
5298,34,Other,US
5299,46,Female,CA
5300,50,Female,US
5301,19,Female,UK
5302,37,Male,FR
5303,53,Other,AU
5304,53,Female,DE
5305,54,Female,DE
5306,33,Male,CA
5307,49,Other,IN
5308,39,Female,AU
5309,32,Other,AU
5310,37,Other,UK
5311,28,Male,UK
5312,36,Other,DE
5313,42,Other,US
5314,22,Female,CA
5315,21,Female,US
5316,54,Female,PK
5317,58,Other,UK
5318,25,Female,FR
5319,37,Male,PK
5320,33,Female,AU
5321,57,Other,US
5322,44,Female,DE
5323,37,Male,UK
5324,46,Female,PK
5325,57,Male,PK
5326,42,Female,DE
5327,25,Male,US
5328,36,Other,AU
5329,56,Female,AU
5330,25,Male,CA
5331,42,Female,CA
5332,36,Male,CA
5333,59,Male,DE
5334,46,Female,UK
5335,33,Female,CA
5336,53,Female,US
5337,58,Male,CA
5338,48,Female,DE
5339,44,Other,US
5340,39,Female,FR
5341,57,Male,US
5342,28,Male,CA
5343,33,Female,AU
5344,17,Other,US
5345,49,Male,IN
5346,48,Male,AU
5347,27,Female,AU
5348,38,Other,CA
5349,54,Other,CA
5350,44,Male,UK
5351,30,Female,PK
5352,52,Female,PK
5353,53,Male,UK
5354,17,Male,CA
5355,20,Female,DE
5356,27,Female,IN
5357,28,Male,UK
5358,35,Female,FR
5359,41,Male,PK
5360,51,Female,FR
5361,19,Female,US
5362,18,Female,DE
5363,51,Female,UK
5364,49,Male,AU
5365,46,Other,PK
5366,31,Male,CA
5367,49,Male,CA
5368,47,Other,FR
5369,21,Female,AU
5370,20,Other,IN
5371,35,Other,PK
5372,37,Other,US
5373,45,Male,CA
5374,49,Other,US
5375,50,Female,UK
5376,39,Male,UK
5377,20,Female,PK
5378,50,Male,DE
5379,39,Female,US
5380,35,Male,PK
5381,40,Female,UK
5382,19,Other,US
5383,52,Female,IN
5384,29,Male,FR
5385,22,Female,UK
5386,45,Other,UK
5387,55,Other,IN
5388,30,Female,DE
5389,55,Male,AU
5390,54,Other,IN
5391,42,Other,AU
5392,42,Female,DE
5393,50,Other,FR
5394,48,Male,AU
5395,56,Male,UK
5396,32,Male,DE
5397,43,Female,UK
5398,57,Female,UK
5399,23,Female,PK
5400,49,Male,CA
5401,44,Male,FR
5402,16,Female,PK
5403,27,Female,IN
5404,37,Female,AU
5405,46,Other,IN
5406,45,Other,CA
5407,19,Male,IN
5408,19,Female,PK
5409,44,Other,IN
5410,27,Other,US
5411,37,Other,AU
5412,16,Male,AU
5413,48,Other,DE
5414,44,Female,AU
5415,56,Male,DE
5416,44,Female,DE
5417,22,Male,AU
5418,18,Male,PK
5419,57,Male,IN
5420,48,Male,IN
5421,33,Male,CA
5422,29,Female,UK
5423,42,Female,PK
5424,16,Female,FR
5425,26,Male,US
5426,16,Male,PK
5427,57,Male,DE
5428,57,Other,FR
5429,33,Male,CA
5430,23,Male,AU
5431,37,Male,IN
5432,46,Other,UK
5433,16,Female,DE
5434,28,Female,DE
5435,25,Male,UK
5436,21,Other,CA
5437,22,Male,FR
5438,33,Other,FR
5439,41,Male,UK
5440,20,Female,PK
5441,17,Female,FR
5442,50,Other,AU
5443,37,Other,DE
5444,49,Other,US
5445,16,Other,AU
5446,48,Male,IN
5447,50,Other,CA
5448,18,Other,FR
5449,53,Female,UK
5450,17,Other,CA
5451,52,Male,FR
5452,48,Female,UK
5453,53,Other,US
5454,37,Male,UK
5455,55,Other,IN
5456,44,Female,US
5457,42,Other,IN
5458,21,Female,DE
5459,50,Female,FR
5460,28,Male,US
5461,33,Male,UK
5462,44,Male,FR
5463,41,Other,PK
5464,21,Other,FR
5465,28,Other,FR
5466,56,Female,IN
5467,40,Other,US
5468,24,Other,AU
5469,22,Other,AU
5470,26,Female,UK
5471,18,Male,UK
5472,54,Male,AU
5473,27,Other,PK
5474,46,Other,UK
5475,21,Male,PK
5476,31,Male,AU
5477,31,Other,UK
5478,53,Male,DE
5479,33,Male,US
5480,52,Male,IN
5481,18,Female,DE
5482,33,Male,AU
5483,55,Male,AU
5484,48,Female,CA
5485,19,Female,AU
5486,58,Male,FR
5487,32,Male,PK
5488,53,Male,US
5489,51,Male,IN
5490,52,Other,US
5491,51,Female,AU
5492,17,Other,PK
5493,50,Other,DE
5494,41,Other,UK
5495,29,Male,US
5496,40,Male,PK
5497,18,Female,AU
5498,48,Male,IN
5499,29,Female,DE
5500,30,Female,US
5501,37,Other,PK
5502,59,Other,PK
5503,48,Male,AU
5504,56,Male,PK
5505,45,Male,UK
5506,36,Male,CA
5507,44,Other,PK
5508,58,Female,PK
5509,25,Male,AU
5510,47,Male,US
5511,25,Female,CA
5512,26,Female,DE
5513,59,Female,DE
5514,41,Other,IN
5515,39,Other,IN
5516,42,Other,PK
5517,37,Other,CA
5518,27,Other,CA
5519,44,Other,US
5520,38,Male,UK
5521,57,Male,IN
5522,47,Female,CA
5523,31,Female,US
5524,38,Female,IN
5525,55,Male,US
5526,24,Male,PK
5527,57,Other,DE
5528,21,Male,US
5529,46,Other,US
5530,58,Male,IN
5531,28,Other,IN
5532,20,Other,UK
5533,26,Male,DE
5534,23,Other,FR
5535,21,Male,CA
5536,36,Female,CA
5537,37,Other,US
5538,28,Other,AU
5539,50,Other,US
5540,52,Female,AU
5541,43,Other,CA
5542,54,Female,UK
5543,47,Male,FR
5544,17,Male,PK
5545,18,Male,AU
5546,43,Male,DE
5547,20,Other,US
5548,38,Female,CA
5549,56,Male,US
5550,32,Male,PK
5551,31,Male,AU
5552,53,Female,US
5553,43,Other,DE
5554,27,Male,US
5555,22,Female,US
5556,51,Female,US
5557,54,Female,US
5558,22,Male,UK
5559,51,Male,IN
5560,58,Male,US
5561,57,Female,FR
5562,19,Female,FR
5563,45,Other,UK
5564,28,Female,FR
5565,54,Male,UK
5566,55,Male,FR
5567,31,Male,FR
5568,44,Female,DE
5569,17,Male,US
5570,45,Female,PK
5571,26,Other,US
5572,52,Other,IN
5573,30,Other,PK
5574,57,Male,UK
5575,44,Other,PK
5576,29,Female,AU
5577,42,Female,CA
5578,21,Male,UK
5579,23,Female,AU
5580,39,Female,DE
5581,19,Female,DE
5582,34,Female,PK
5583,56,Other,UK
5584,42,Other,US
5585,28,Other,IN
5586,19,Male,CA
5587,56,Other,FR
5588,43,Female,DE
5589,55,Other,AU
5590,16,Other,AU
5591,54,Male,AU
5592,32,Female,US
5593,42,Other,UK
5594,55,Female,DE
5595,29,Male,PK
5596,33,Male,US
5597,54,Other,FR
5598,36,Female,CA
5599,57,Male,DE
5600,32,Male,CA
5601,58,Female,US
5602,34,Other,US
5603,56,Male,IN
5604,59,Male,UK
5605,40,Female,PK
5606,58,Female,FR
5607,56,Female,CA
5608,45,Other,PK
5609,34,Male,US
5610,57,Female,PK
5611,24,Other,CA
5612,56,Male,UK
5613,37,Other,PK
5614,25,Female,US
5615,28,Female,IN
5616,30,Female,US
5617,25,Other,AU
5618,57,Female,AU
5619,30,Female,PK
5620,52,Male,CA
5621,52,Other,CA
5622,38,Female,IN
5623,28,Male,DE
5624,28,Female,CA
5625,56,Male,FR
5626,41,Male,PK
5627,36,Other,PK
5628,17,Female,PK
5629,39,Other,IN
5630,50,Other,IN
5631,38,Other,FR
5632,50,Male,PK
5633,33,Male,US
5634,35,Other,IN
5635,55,Other,DE
5636,41,Male,AU
5637,16,Male,AU
5638,29,Other,UK
5639,47,Female,AU
5640,16,Other,US
5641,54,Other,CA
5642,17,Female,AU
5643,42,Other,PK
5644,30,Female,PK
5645,53,Male,US
5646,20,Female,IN
5647,58,Female,CA
5648,35,Female,DE
5649,53,Female,CA
5650,47,Male,FR
5651,24,Male,DE
5652,46,Male,FR
5653,40,Male,US
5654,34,Other,DE
5655,34,Male,AU
5656,29,Other,AU
5657,37,Male,DE
5658,40,Female,PK
5659,55,Female,PK
5660,42,Other,DE
5661,52,Female,IN
5662,45,Female,PK
5663,55,Other,FR
5664,18,Female,DE
5665,25,Male,IN
5666,21,Other,DE
5667,25,Other,AU
5668,51,Other,US
5669,46,Male,IN
5670,49,Male,US
5671,59,Other,IN
5672,33,Female,CA
5673,43,Other,AU
5674,49,Male,UK
5675,34,Male,AU
5676,19,Female,US
5677,56,Other,AU
5678,47,Other,FR
5679,42,Other,IN
5680,58,Female,DE
5681,53,Female,DE
5682,45,Male,FR
5683,50,Other,UK
5684,21,Male,DE
5685,42,Other,AU
5686,50,Male,IN
5687,48,Female,PK
5688,36,Other,CA
5689,21,Other,PK
5690,40,Male,DE
5691,46,Other,US
5692,54,Male,AU
5693,21,Other,CA
5694,34,Other,PK
5695,45,Male,PK
5696,33,Male,AU
5697,32,Female,DE
5698,52,Other,DE
5699,37,Male,AU
5700,49,Female,AU
5701,39,Female,IN
5702,58,Male,UK
5703,29,Female,CA
5704,56,Male,US
5705,38,Male,PK
5706,50,Male,AU
5707,58,Male,UK
5708,53,Male,FR
5709,21,Male,CA
5710,21,Female,AU
5711,46,Other,AU
5712,38,Other,DE
5713,54,Female,UK
5714,34,Other,FR
5715,23,Male,DE
5716,45,Male,UK
5717,24,Female,CA
5718,39,Other,PK
5719,21,Female,DE
5720,16,Female,CA
5721,47,Male,CA
5722,47,Other,IN
5723,16,Male,UK
5724,58,Male,PK
5725,18,Other,IN
5726,32,Other,DE
5727,54,Other,CA
5728,53,Female,PK
5729,36,Male,CA
5730,53,Male,US
5731,27,Female,CA
5732,18,Male,AU
5733,17,Other,AU
5734,57,Other,PK
5735,25,Male,US
5736,48,Male,AU
5737,41,Female,AU
5738,16,Other,UK
5739,52,Female,UK
5740,40,Female,FR
5741,52,Female,CA
5742,49,Other,DE
5743,45,Female,UK
5744,53,Female,FR
5745,20,Other,IN
5746,50,Male,FR
5747,39,Female,PK
5748,58,Male,PK
5749,24,Other,FR
5750,22,Male,US
5751,49,Male,CA
5752,34,Male,CA
5753,32,Female,US
5754,29,Male,IN
5755,20,Other,AU
5756,35,Female,CA
5757,29,Female,AU
5758,47,Female,AU
5759,57,Other,US
5760,48,Female,PK
5761,41,Other,CA
5762,31,Male,IN
5763,42,Other,CA
5764,27,Other,AU
5765,51,Female,PK
5766,45,Other,AU
5767,52,Female,AU
5768,47,Male,FR
5769,46,Female,AU
5770,48,Male,US
5771,20,Female,AU
5772,40,Male,CA
5773,36,Other,AU
5774,57,Other,US
5775,22,Female,AU
5776,54,Female,IN
5777,20,Other,FR
5778,53,Male,PK
5779,26,Female,FR
5780,43,Male,PK
5781,37,Male,UK
5782,24,Other,AU
5783,24,Female,IN
5784,54,Male,US
5785,24,Male,PK
5786,38,Other,AU
5787,44,Female,US
5788,24,Other,DE
5789,34,Male,UK
5790,48,Other,PK
5791,31,Other,CA
5792,52,Other,IN
5793,49,Female,AU
5794,25,Female,DE
5795,36,Other,FR
5796,50,Female,US
5797,37,Female,DE
5798,38,Other,DE
5799,23,Female,DE
5800,56,Male,IN
5801,41,Male,DE
5802,59,Other,FR
5803,16,Other,UK
5804,21,Female,UK
5805,22,Other,FR
5806,58,Male,US
5807,28,Other,FR
5808,16,Female,CA
5809,25,Male,FR
5810,54,Female,PK
5811,17,Male,CA
5812,34,Other,CA
5813,32,Male,US
5814,29,Other,AU
5815,26,Male,IN
5816,52,Male,UK
5817,24,Male,PK
5818,20,Female,CA
5819,56,Other,PK
5820,34,Male,UK
5821,50,Female,CA
5822,36,Female,FR
5823,56,Female,FR
5824,22,Other,DE
5825,25,Female,AU
5826,41,Male,AU
5827,52,Male,IN
5828,35,Other,FR
5829,39,Other,FR
5830,40,Male,IN
5831,24,Other,UK
5832,44,Male,AU
5833,54,Male,AU
5834,46,Other,PK
5835,21,Male,PK
5836,20,Male,IN
5837,24,Female,DE
5838,46,Other,FR
5839,25,Other,UK
5840,34,Other,AU
5841,36,Male,UK
5842,37,Male,US
5843,31,Female,FR
5844,17,Other,DE
5845,58,Male,DE
5846,18,Female,AU
5847,57,Female,AU
5848,31,Male,DE
5849,43,Female,IN
5850,37,Female,US
5851,27,Other,IN
5852,30,Male,AU
5853,51,Male,IN
5854,30,Male,AU
5855,37,Male,US
5856,23,Other,US
5857,32,Male,IN
5858,50,Other,CA
5859,37,Female,AU
5860,37,Other,IN
5861,38,Female,CA
5862,24,Female,CA
5863,42,Male,UK
5864,37,Male,CA
5865,44,Female,FR
5866,18,Other,UK
5867,41,Other,US
5868,16,Male,CA
5869,49,Female,AU
5870,31,Female,UK
5871,23,Male,CA
5872,54,Male,IN
5873,35,Other,IN
5874,33,Male,IN
5875,21,Male,FR
5876,59,Other,PK
5877,39,Other,UK
5878,23,Female,PK
5879,16,Other,CA
5880,57,Male,DE
5881,52,Female,FR
5882,46,Male,UK
5883,42,Male,CA
5884,25,Female,FR
5885,38,Male,US
5886,25,Male,FR
5887,47,Male,CA
5888,38,Female,AU
5889,32,Male,PK
5890,58,Male,UK
5891,27,Female,FR
5892,58,Male,US
5893,57,Female,AU
5894,39,Female,CA
5895,55,Female,CA
5896,21,Male,AU
5897,18,Male,PK
5898,24,Other,US
5899,36,Male,PK
5900,50,Female,DE
5901,26,Other,PK
5902,28,Female,US
5903,45,Male,FR
5904,47,Male,US
5905,36,Male,DE
5906,41,Male,DE
5907,53,Other,IN
5908,50,Female,DE
5909,25,Male,US
5910,40,Other,UK
5911,33,Other,UK
5912,19,Other,FR
5913,36,Other,US
5914,28,Female,DE
5915,50,Male,US
5916,38,Female,FR
5917,55,Female,PK
5918,18,Male,CA
5919,28,Female,CA
5920,47,Female,CA
5921,25,Other,AU
5922,48,Male,IN
5923,43,Other,FR
5924,36,Male,CA
5925,33,Other,US
5926,55,Female,AU
5927,46,Female,FR
5928,45,Male,DE
5929,51,Female,UK
5930,20,Female,FR
5931,30,Male,AU
5932,58,Male,UK
5933,51,Male,IN
5934,37,Other,AU
5935,16,Female,US
5936,36,Female,AU
5937,19,Female,PK
5938,38,Other,UK
5939,22,Male,CA
5940,56,Male,AU
5941,40,Female,AU
5942,58,Other,US
5943,48,Female,CA
5944,42,Female,FR
5945,43,Female,AU
5946,20,Male,US
5947,39,Male,IN
5948,53,Male,US
5949,34,Female,IN
5950,59,Female,FR
5951,28,Female,IN
5952,54,Male,AU
5953,22,Male,US
5954,52,Female,DE
5955,28,Other,CA
5956,30,Other,CA
5957,25,Other,AU
5958,17,Female,UK
5959,51,Male,PK
5960,23,Male,AU
5961,43,Other,PK
5962,25,Female,FR
5963,58,Male,CA
5964,49,Female,DE
5965,34,Other,CA
5966,59,Other,PK
5967,28,Female,IN
5968,31,Female,DE
5969,43,Other,AU
5970,24,Male,IN
5971,55,Other,DE
5972,37,Female,PK
5973,42,Female,AU
5974,35,Male,CA
5975,25,Other,UK
5976,38,Other,IN
5977,56,Male,UK
5978,54,Female,FR
5979,56,Male,CA
5980,46,Other,AU
5981,55,Male,FR
5982,55,Female,AU
5983,21,Male,IN
5984,49,Female,AU
5985,24,Male,FR
5986,23,Other,IN
5987,25,Male,DE
5988,56,Female,AU
5989,54,Male,FR
5990,46,Other,IN
5991,22,Male,DE
5992,55,Male,UK
5993,40,Male,IN
5994,17,Female,DE
5995,49,Other,CA
5996,26,Female,PK
5997,25,Female,AU
5998,57,Male,UK
5999,28,Other,US
6000,21,Female,FR
6001,53,Female,AU
6002,32,Male,DE
6003,28,Male,UK
6004,16,Male,CA
6005,41,Female,CA
6006,45,Other,DE
6007,54,Other,PK
6008,16,Male,AU
6009,46,Other,PK
6010,34,Other,DE
6011,44,Other,FR
6012,18,Other,US
6013,47,Other,AU
6014,48,Other,CA
6015,56,Male,UK
6016,40,Female,US
6017,55,Male,UK
6018,49,Other,PK
6019,53,Other,DE
6020,48,Other,IN
6021,56,Other,DE
6022,57,Female,DE
6023,58,Male,CA
6024,37,Female,IN
6025,18,Other,IN
6026,30,Other,AU
6027,38,Male,US
6028,16,Other,IN
6029,49,Other,IN
6030,32,Female,PK
6031,27,Other,UK
6032,17,Male,FR
6033,54,Male,US
6034,25,Female,FR
6035,30,Male,FR
6036,53,Other,US
6037,18,Female,US
6038,59,Male,IN
6039,20,Male,IN
6040,16,Male,US
6041,21,Female,UK
6042,59,Other,PK
6043,59,Other,US
6044,59,Male,PK
6045,31,Male,UK
6046,23,Female,PK
6047,56,Male,US
6048,52,Female,PK
6049,44,Other,UK
6050,29,Male,US
6051,44,Other,FR
6052,21,Female,IN
6053,43,Other,DE
6054,34,Other,CA
6055,18,Other,IN
6056,35,Other,FR
6057,58,Male,UK
6058,35,Female,FR
6059,47,Other,DE
6060,18,Male,CA
6061,19,Other,CA
6062,28,Other,AU
6063,25,Female,UK
6064,26,Male,CA
6065,39,Other,US
6066,32,Female,CA
6067,18,Other,CA
6068,50,Other,DE
6069,29,Other,AU
6070,54,Female,DE
6071,51,Other,PK
6072,40,Other,UK
6073,48,Male,FR
6074,37,Other,AU
6075,40,Other,CA
6076,23,Male,CA
6077,37,Other,IN
6078,20,Other,UK
6079,43,Other,UK
6080,27,Other,US
6081,24,Other,AU
6082,36,Other,US
6083,23,Other,FR
6084,31,Female,IN
6085,46,Other,FR
6086,40,Female,IN
6087,57,Male,US
6088,59,Other,US
6089,42,Male,US
6090,56,Female,AU
6091,53,Male,FR
6092,59,Male,IN
6093,41,Other,AU
6094,31,Other,FR
6095,41,Male,AU
6096,23,Male,PK
6097,54,Female,CA
6098,26,Male,CA
6099,48,Other,AU
6100,49,Male,US
6101,22,Other,AU
6102,33,Other,DE
6103,18,Female,AU
6104,57,Female,PK
6105,46,Other,UK
6106,34,Female,DE
6107,38,Female,CA
6108,50,Other,PK
6109,21,Male,AU
6110,16,Other,US
6111,54,Male,DE
6112,28,Other,CA
6113,30,Male,PK
6114,16,Other,IN
6115,23,Female,AU
6116,56,Other,DE
6117,55,Male,CA
6118,23,Female,FR
6119,38,Male,FR
6120,17,Male,IN
6121,42,Male,CA
6122,19,Male,PK
6123,40,Male,DE
6124,22,Female,FR
6125,56,Male,UK
6126,18,Female,UK
6127,17,Other,UK
6128,32,Female,CA
6129,49,Male,US
6130,34,Male,DE
6131,18,Other,DE
6132,41,Female,AU
6133,26,Female,DE
6134,34,Other,DE
6135,22,Female,IN
6136,49,Other,CA
6137,30,Other,IN
6138,40,Other,UK
6139,46,Male,US
6140,37,Female,PK
6141,34,Other,CA
6142,22,Female,FR
6143,36,Female,CA
6144,35,Female,US
6145,55,Other,UK
6146,45,Male,IN
6147,32,Female,US
6148,43,Other,CA
6149,52,Other,IN
6150,17,Male,AU
6151,50,Female,US
6152,21,Other,IN
6153,36,Female,AU
6154,48,Male,CA
6155,28,Male,CA
6156,26,Other,UK
6157,36,Female,AU
6158,52,Male,CA
6159,37,Male,US
6160,26,Male,DE
6161,20,Other,IN
6162,53,Male,CA
6163,21,Male,PK
6164,52,Other,DE
6165,54,Male,DE
6166,49,Other,IN
6167,33,Male,IN
6168,47,Male,CA
6169,58,Female,US
6170,43,Male,US
6171,40,Other,CA
6172,42,Other,US
6173,27,Female,UK
6174,49,Female,PK
6175,40,Female,UK
6176,17,Other,CA
6177,16,Male,AU
6178,48,Other,US
6179,39,Female,AU
6180,33,Other,PK
6181,50,Female,AU
6182,38,Female,DE
6183,23,Male,FR
6184,21,Female,UK
6185,33,Other,FR
6186,32,Male,PK
6187,46,Female,FR
6188,34,Other,DE
6189,16,Other,IN
6190,31,Other,AU
6191,38,Other,DE
6192,54,Male,UK
6193,30,Male,FR
6194,50,Other,CA
6195,42,Female,DE
6196,38,Male,US
6197,25,Other,US
6198,42,Male,US
6199,43,Female,AU
6200,52,Male,FR
6201,37,Male,PK
6202,29,Other,PK
6203,52,Female,UK
6204,45,Female,IN
6205,17,Female,DE
6206,52,Male,CA
6207,53,Female,IN
6208,49,Female,AU
6209,50,Male,FR
6210,50,Female,UK
6211,48,Other,IN
6212,24,Female,AU
6213,44,Male,PK
6214,38,Other,CA
6215,30,Other,UK
6216,19,Other,DE
6217,24,Male,UK
6218,53,Female,UK
6219,46,Male,UK
6220,56,Female,FR
6221,50,Other,CA
6222,40,Female,US
6223,36,Female,UK
6224,20,Other,PK
6225,18,Other,CA
6226,20,Other,AU
6227,53,Male,DE
6228,29,Other,IN
6229,52,Other,CA
6230,23,Male,IN
6231,41,Female,FR
6232,31,Male,US
6233,23,Male,IN
6234,45,Female,US
6235,38,Male,PK
6236,44,Other,DE
6237,51,Other,CA
6238,20,Male,FR
6239,46,Female,UK
6240,21,Male,CA
6241,19,Male,IN
6242,36,Female,US
6243,41,Female,PK
6244,29,Other,US
6245,46,Other,DE
6246,59,Female,US
6247,29,Male,CA
6248,47,Female,DE
6249,41,Other,PK
6250,50,Other,CA
6251,16,Female,DE
6252,38,Other,PK
6253,56,Female,PK
6254,19,Other,IN
6255,57,Other,US
6256,27,Other,CA
6257,40,Female,FR
6258,32,Female,FR
6259,16,Female,UK
6260,34,Female,FR
6261,17,Female,US
6262,45,Female,UK
6263,52,Male,PK
6264,22,Female,UK
6265,38,Male,PK
6266,44,Other,US
6267,59,Male,CA
6268,52,Female,DE
6269,54,Other,US
6270,40,Male,IN
6271,55,Male,CA
6272,20,Female,DE
6273,51,Female,CA
6274,32,Other,DE
6275,47,Female,CA
6276,27,Other,FR
6277,18,Other,PK
6278,30,Male,UK
6279,33,Male,US
6280,53,Other,UK
6281,42,Female,CA
6282,50,Female,US
6283,30,Female,DE
6284,38,Female,UK
6285,50,Other,CA
6286,20,Other,DE
6287,18,Male,PK
6288,48,Female,AU
6289,51,Female,FR
6290,57,Female,UK
6291,32,Other,PK
6292,26,Female,CA
6293,46,Other,PK
6294,41,Male,IN
6295,27,Other,IN
6296,30,Female,PK
6297,31,Other,CA
6298,20,Male,AU
6299,45,Other,FR
6300,37,Other,CA
6301,55,Male,FR
6302,29,Male,DE
6303,41,Other,IN
6304,54,Male,CA
6305,45,Other,FR
6306,26,Female,US
6307,53,Male,IN
6308,45,Female,IN
6309,42,Other,US
6310,18,Other,US
6311,52,Male,CA
6312,45,Other,CA
6313,18,Male,US
6314,25,Male,US
6315,50,Female,IN
6316,55,Male,DE
6317,37,Male,DE
6318,42,Female,DE
6319,17,Female,DE
6320,35,Other,AU
6321,39,Male,US
6322,31,Female,PK
6323,57,Male,CA
6324,52,Male,US
6325,31,Other,DE
6326,20,Female,DE
6327,57,Female,CA
6328,33,Other,FR
6329,54,Other,DE
6330,51,Male,AU
6331,54,Female,DE
6332,49,Male,PK
6333,28,Female,AU
6334,38,Female,FR
6335,34,Other,CA
6336,24,Other,PK
6337,57,Other,IN
6338,45,Other,IN
6339,41,Other,UK
6340,37,Other,IN
6341,25,Male,AU
6342,24,Other,FR
6343,27,Other,US
6344,58,Other,AU
6345,39,Male,DE
6346,32,Male,IN
6347,26,Other,CA
6348,20,Male,DE
6349,18,Female,IN
6350,56,Female,US
6351,47,Male,US
6352,18,Male,DE
6353,42,Other,IN
6354,51,Other,FR
6355,23,Male,FR
6356,39,Other,US
6357,17,Female,CA
6358,42,Male,CA
6359,42,Other,UK
6360,27,Other,AU
6361,57,Male,UK
6362,18,Male,PK
6363,55,Other,DE
6364,43,Other,AU
6365,36,Female,US
6366,35,Other,AU
6367,57,Female,PK
6368,51,Other,PK
6369,56,Male,DE
6370,28,Other,CA
6371,59,Male,DE
6372,36,Other,IN
6373,59,Male,AU
6374,53,Male,CA
6375,57,Male,PK
6376,24,Female,CA
6377,38,Female,IN
6378,53,Male,FR
6379,37,Male,UK
6380,26,Female,UK
6381,31,Other,CA
6382,38,Other,UK
6383,33,Male,US
6384,55,Female,PK
6385,30,Male,PK
6386,43,Male,FR
6387,26,Female,FR
6388,57,Male,IN
6389,28,Other,CA
6390,32,Female,IN
6391,56,Other,IN
6392,18,Other,CA
6393,47,Female,CA
6394,35,Female,IN
6395,47,Male,FR
6396,42,Female,PK
6397,44,Other,US
6398,48,Other,FR
6399,48,Male,DE
6400,49,Other,PK
6401,47,Male,AU
6402,58,Other,US
6403,20,Male,DE
6404,47,Male,UK
6405,44,Female,AU
6406,34,Other,FR
6407,24,Other,UK
6408,21,Female,FR
6409,21,Female,US
6410,55,Male,PK
6411,30,Male,AU
6412,41,Male,CA
6413,31,Other,FR
6414,26,Female,UK
6415,17,Male,DE
6416,49,Female,FR
6417,51,Male,FR
6418,32,Male,US
6419,57,Other,FR
6420,59,Female,PK
6421,53,Other,US
6422,57,Male,CA
6423,54,Male,UK
6424,21,Other,UK
6425,31,Female,AU
6426,28,Female,FR
6427,46,Other,UK
6428,23,Female,US
6429,47,Female,PK
6430,38,Other,CA
6431,45,Female,AU
6432,49,Female,AU
6433,43,Male,IN
6434,45,Other,AU
6435,57,Female,CA
6436,17,Other,US
6437,46,Other,AU
6438,59,Other,US
6439,29,Male,IN
6440,51,Male,US
6441,32,Male,DE
6442,21,Other,AU
6443,39,Female,CA
6444,52,Other,FR
6445,25,Other,FR
6446,46,Other,FR
6447,31,Female,PK
6448,45,Male,IN
6449,29,Other,US
6450,20,Female,DE
6451,36,Other,CA
6452,38,Male,AU
6453,41,Female,UK
6454,50,Other,AU
6455,19,Other,DE
6456,54,Other,IN
6457,46,Other,UK
6458,30,Female,US
6459,16,Male,UK
6460,33,Other,US
6461,47,Other,PK
6462,38,Male,FR
6463,43,Other,FR
6464,33,Female,IN
6465,49,Female,FR
6466,50,Female,AU
6467,55,Other,DE
6468,48,Male,FR
6469,51,Male,PK
6470,23,Other,AU
6471,47,Male,DE
6472,42,Female,FR
6473,23,Female,AU
6474,42,Female,AU
6475,28,Female,CA
6476,33,Male,IN
6477,20,Male,CA
6478,47,Female,DE
6479,35,Male,PK
6480,35,Male,PK
6481,54,Male,PK
6482,47,Male,UK
6483,49,Other,DE
6484,44,Female,PK
6485,21,Other,PK
6486,44,Female,AU
6487,49,Other,DE
6488,30,Other,DE
6489,48,Female,AU
6490,38,Other,PK
6491,48,Female,CA
6492,44,Female,PK
6493,26,Female,PK
6494,34,Male,CA
6495,41,Female,UK
6496,44,Male,FR
6497,40,Male,AU
6498,51,Female,FR
6499,48,Other,UK
6500,56,Female,PK
6501,43,Female,FR
6502,47,Other,DE
6503,36,Male,CA
6504,27,Male,FR
6505,53,Male,IN
6506,27,Female,FR
6507,39,Female,AU
6508,39,Male,IN
6509,53,Female,IN
6510,18,Other,UK
6511,20,Other,US
6512,20,Other,US
6513,40,Female,FR
6514,18,Female,IN
6515,37,Other,UK
6516,31,Other,DE
6517,18,Male,IN
6518,48,Female,PK
6519,37,Female,CA
6520,21,Other,PK
6521,38,Other,CA
6522,18,Female,PK
6523,43,Other,IN
6524,51,Other,FR
6525,22,Male,CA
6526,43,Female,AU
6527,33,Male,FR
6528,54,Male,CA
6529,20,Female,PK
6530,18,Female,CA
6531,26,Other,CA
6532,30,Other,CA
6533,22,Male,CA
6534,24,Male,DE
6535,48,Female,DE
6536,31,Male,US
6537,23,Male,US
6538,33,Male,CA
6539,38,Male,US
6540,35,Female,FR
6541,23,Male,DE
6542,19,Male,CA
6543,26,Other,CA
6544,50,Other,AU
6545,25,Other,FR
6546,41,Female,CA
6547,42,Male,DE
6548,53,Female,IN
6549,34,Other,AU
6550,56,Other,IN
6551,31,Other,UK
6552,40,Female,US
6553,20,Other,AU
6554,53,Other,PK
6555,21,Other,CA
6556,30,Male,US
6557,45,Other,FR
6558,18,Other,AU
6559,48,Other,IN
6560,52,Male,IN
6561,28,Female,DE
6562,18,Other,PK
6563,57,Female,AU
6564,26,Female,FR
6565,25,Male,UK
6566,54,Male,IN
6567,20,Male,CA
6568,32,Male,FR
6569,47,Other,CA
6570,32,Male,CA
6571,18,Male,DE
6572,51,Male,US
6573,57,Male,DE
6574,46,Other,DE
6575,20,Male,US
6576,57,Other,FR
6577,53,Other,UK
6578,44,Other,CA
6579,48,Other,PK
6580,54,Other,AU
6581,48,Male,US
6582,48,Other,AU
6583,35,Male,IN
6584,33,Male,FR
6585,21,Male,US
6586,59,Other,PK
6587,58,Other,FR
6588,23,Other,FR
6589,59,Male,UK
6590,22,Male,CA
6591,55,Male,DE
6592,40,Female,AU
6593,36,Male,FR
6594,46,Other,DE
6595,56,Male,CA
6596,28,Other,PK
6597,59,Female,FR
6598,51,Other,UK
6599,27,Male,CA
6600,54,Male,DE
6601,16,Male,CA
6602,18,Female,FR
6603,36,Female,US
6604,50,Male,PK
6605,41,Male,UK
6606,41,Male,PK
6607,25,Female,AU
6608,57,Male,CA
6609,46,Male,IN
6610,53,Other,PK
6611,44,Other,IN
6612,55,Other,UK
6613,58,Male,IN
6614,20,Male,AU
6615,31,Other,IN
6616,49,Other,FR
6617,19,Male,UK
6618,19,Male,UK
6619,35,Other,AU
6620,36,Male,IN
6621,37,Male,US
6622,46,Other,US
6623,24,Other,DE
6624,57,Male,AU
6625,46,Female,CA
6626,41,Female,CA
6627,43,Male,CA
6628,25,Other,UK
6629,35,Male,PK
6630,36,Other,CA
6631,46,Female,DE
6632,26,Male,CA
6633,22,Other,FR
6634,48,Male,UK
6635,30,Female,CA
6636,52,Other,US
6637,39,Other,IN
6638,40,Other,US
6639,36,Male,AU
6640,58,Male,DE
6641,55,Female,PK
6642,49,Other,DE
6643,28,Female,DE
6644,24,Other,FR
6645,41,Other,PK
6646,33,Male,CA
6647,56,Female,UK
6648,26,Male,AU
6649,19,Other,US
6650,50,Female,AU
6651,28,Male,IN
6652,28,Other,IN
6653,55,Other,CA
6654,49,Other,CA
6655,31,Female,CA
6656,19,Male,DE
6657,37,Female,UK
6658,19,Other,IN
6659,44,Male,FR
6660,17,Male,DE
6661,32,Female,DE
6662,35,Female,AU
6663,58,Female,UK
6664,47,Male,UK
6665,58,Female,UK
6666,37,Other,DE
6667,27,Other,PK
6668,46,Other,DE
6669,18,Male,FR
6670,46,Male,CA
6671,43,Male,US
6672,20,Female,IN
6673,53,Male,DE
6674,48,Female,AU
6675,18,Female,UK
6676,39,Other,CA
6677,51,Female,AU
6678,21,Male,AU
6679,47,Female,IN
6680,55,Male,AU
6681,32,Male,US
6682,59,Female,PK
6683,59,Male,FR
6684,26,Male,FR
6685,36,Male,IN
6686,44,Male,AU
6687,47,Female,CA
6688,25,Female,UK
6689,40,Male,US
6690,39,Male,IN
6691,21,Other,FR
6692,56,Other,FR
6693,42,Other,UK
6694,30,Male,DE
6695,19,Other,IN
6696,20,Male,AU
6697,23,Female,FR
6698,24,Other,DE
6699,55,Other,IN
6700,32,Female,AU
6701,38,Female,AU
6702,18,Female,US
6703,59,Other,FR
6704,27,Female,PK
6705,16,Other,IN
6706,40,Other,FR
6707,19,Other,CA
6708,55,Other,UK
6709,51,Other,CA
6710,52,Female,CA
6711,18,Female,DE
6712,53,Female,PK
6713,44,Other,FR
6714,56,Other,AU
6715,38,Other,AU
6716,26,Other,UK
6717,38,Female,PK
6718,29,Female,PK
6719,19,Female,FR
6720,17,Male,US
6721,49,Male,US
6722,46,Male,PK
6723,53,Other,US
6724,33,Female,AU
6725,23,Other,CA
6726,30,Female,PK
6727,57,Female,US
6728,23,Other,FR
6729,17,Other,CA
6730,40,Female,FR
6731,19,Female,IN
6732,44,Male,IN
6733,57,Other,FR
6734,26,Male,FR
6735,48,Other,UK
6736,37,Other,PK
6737,31,Other,US
6738,58,Female,CA
6739,52,Female,AU
6740,41,Other,IN
6741,20,Male,CA
6742,20,Other,PK
6743,52,Female,IN
6744,43,Male,UK
6745,24,Female,IN
6746,36,Female,DE
6747,53,Male,DE
6748,49,Female,US
6749,26,Other,UK
6750,54,Other,AU
6751,35,Male,US
6752,26,Female,DE
6753,30,Female,FR
6754,28,Female,FR
6755,35,Male,AU
6756,57,Female,FR
6757,30,Male,PK
6758,46,Male,FR
6759,48,Female,AU
6760,28,Male,UK
6761,43,Female,IN
6762,43,Other,CA
6763,33,Female,DE
6764,59,Other,CA
6765,28,Male,AU
6766,23,Female,PK
6767,30,Other,DE
6768,21,Female,US
6769,43,Male,IN
6770,56,Female,US
6771,37,Other,DE
6772,36,Other,DE
6773,56,Female,CA
6774,25,Male,AU
6775,42,Other,FR
6776,50,Other,PK
6777,35,Female,US
6778,52,Female,PK
6779,16,Other,IN
6780,53,Male,US
6781,52,Female,DE
6782,42,Other,US
6783,34,Other,AU
6784,27,Female,UK
6785,33,Male,CA
6786,17,Male,US
6787,25,Male,CA
6788,57,Male,UK
6789,18,Female,US
6790,31,Male,FR
6791,17,Female,AU
6792,30,Other,IN
6793,35,Other,AU
6794,56,Male,FR
6795,46,Other,UK
6796,27,Other,CA
6797,31,Female,AU
6798,19,Male,AU
6799,40,Female,FR
6800,26,Male,FR
6801,42,Female,FR
6802,33,Male,UK
6803,59,Other,AU
6804,41,Male,CA
6805,31,Other,CA
6806,31,Male,IN
6807,43,Male,IN
6808,51,Female,PK
6809,45,Female,AU
6810,35,Female,PK
6811,17,Female,AU
6812,32,Male,FR
6813,21,Other,PK
6814,37,Male,UK
6815,25,Female,AU
6816,56,Other,FR
6817,37,Other,PK
6818,31,Male,CA
6819,23,Other,US
6820,31,Other,US
6821,58,Male,AU
6822,43,Other,UK
6823,17,Male,AU
6824,33,Female,IN
6825,32,Other,UK
6826,19,Female,FR
6827,47,Female,AU
6828,44,Male,AU
6829,33,Other,CA
6830,34,Other,UK
6831,19,Male,CA
6832,47,Female,CA
6833,40,Male,FR
6834,59,Male,FR
6835,44,Female,AU
6836,41,Other,US
6837,19,Other,UK
6838,47,Male,CA
6839,34,Female,US
6840,57,Other,IN
6841,42,Other,IN
6842,24,Female,FR
6843,40,Female,PK
6844,58,Male,PK
6845,29,Female,CA
6846,23,Other,PK
6847,46,Female,AU
6848,44,Female,DE
6849,55,Other,IN
6850,55,Other,IN
6851,47,Male,PK
6852,24,Female,IN
6853,38,Female,FR
6854,48,Other,AU
6855,47,Male,FR
6856,46,Other,US
6857,35,Other,US
6858,17,Other,US
6859,52,Other,FR
6860,41,Female,FR
6861,23,Male,IN
6862,25,Male,UK
6863,27,Female,AU
6864,25,Other,IN
6865,50,Female,PK
6866,52,Other,FR
6867,20,Male,PK
6868,52,Male,PK
6869,21,Female,AU
6870,50,Other,UK
6871,48,Male,DE
6872,48,Other,IN
6873,39,Male,AU
6874,33,Other,IN
6875,43,Male,IN
6876,52,Female,DE
6877,52,Other,US
6878,26,Male,PK
6879,53,Male,PK
6880,21,Other,US
6881,18,Male,UK
6882,56,Female,US
6883,57,Male,AU
6884,22,Other,CA
6885,54,Other,DE
6886,38,Female,FR
6887,35,Female,IN
6888,46,Male,PK
6889,48,Male,UK
6890,51,Female,DE
6891,48,Female,CA
6892,55,Male,DE
6893,57,Male,IN
6894,26,Other,FR
6895,44,Male,PK
6896,20,Male,CA
6897,42,Male,PK
6898,23,Other,PK
6899,50,Male,CA
6900,54,Female,AU
6901,18,Female,FR
6902,51,Female,US
6903,34,Other,CA
6904,43,Female,DE
6905,30,Female,UK
6906,57,Other,DE
6907,59,Female,US
6908,50,Male,DE
6909,58,Female,US
6910,21,Male,FR
6911,28,Female,IN
6912,52,Male,IN
6913,27,Female,IN
6914,27,Other,CA
6915,40,Male,IN
6916,37,Male,FR
6917,22,Male,CA
6918,32,Other,AU
6919,33,Male,FR
6920,47,Male,US
6921,30,Female,CA
6922,52,Female,US
6923,41,Female,US
6924,40,Female,PK
6925,58,Male,FR
6926,41,Other,AU
6927,52,Female,DE
6928,37,Other,DE
6929,21,Male,PK
6930,40,Male,CA
6931,25,Female,IN
6932,35,Female,CA
6933,51,Male,UK
6934,52,Other,UK
6935,18,Male,UK
6936,32,Female,PK
6937,56,Female,FR
6938,16,Other,IN
6939,38,Female,PK
6940,20,Female,FR
6941,20,Male,DE
6942,41,Female,IN
6943,54,Male,CA
6944,26,Male,DE
6945,22,Other,DE
6946,34,Male,CA
6947,28,Other,FR
6948,57,Other,CA
6949,57,Male,PK
6950,59,Other,AU
6951,34,Other,DE
6952,31,Other,CA
6953,30,Female,UK
6954,36,Other,AU
6955,21,Female,IN
6956,19,Other,US
6957,57,Female,UK
6958,17,Female,IN
6959,43,Other,US
6960,41,Female,IN
6961,46,Male,PK
6962,44,Other,DE
6963,39,Other,US
6964,39,Other,PK
6965,50,Other,IN
6966,27,Male,AU
6967,35,Male,FR
6968,54,Male,UK
6969,59,Male,CA
6970,25,Other,DE
6971,26,Female,FR
6972,49,Other,IN
6973,49,Female,PK
6974,49,Female,IN
6975,36,Female,IN
6976,45,Male,US
6977,27,Other,AU
6978,39,Other,FR
6979,25,Other,US
6980,40,Female,CA
6981,44,Male,UK
6982,29,Male,CA
6983,48,Other,FR
6984,41,Male,PK
6985,30,Other,IN
6986,35,Male,FR
6987,28,Female,AU
6988,36,Other,PK
6989,57,Other,PK
6990,41,Other,FR
6991,23,Male,CA
6992,37,Male,PK
6993,50,Male,CA
6994,54,Other,PK
6995,53,Other,UK
6996,16,Female,US
6997,58,Female,US
6998,51,Other,AU
6999,16,Male,US
7000,37,Male,UK
7001,49,Female,UK
7002,31,Other,IN
7003,33,Other,AU
7004,37,Other,PK
7005,31,Other,IN
7006,17,Male,CA
7007,16,Male,US
7008,24,Other,PK
7009,22,Female,PK
7010,31,Male,FR
7011,51,Other,AU
7012,53,Female,IN
7013,41,Other,AU
7014,50,Male,PK
7015,31,Female,IN
7016,26,Female,DE
7017,18,Male,CA
7018,48,Female,DE
7019,29,Female,PK
7020,34,Other,DE
7021,20,Other,DE
7022,55,Male,IN
7023,54,Other,PK
7024,22,Other,FR
7025,47,Other,DE
7026,37,Male,IN
7027,44,Male,CA
7028,46,Other,IN
7029,57,Other,US
7030,41,Male,IN
7031,48,Female,PK
7032,59,Female,DE
7033,31,Male,AU
7034,16,Female,DE
7035,34,Male,CA
7036,26,Other,US
7037,30,Other,FR
7038,45,Female,UK
7039,36,Other,AU
7040,30,Male,US
7041,23,Other,PK
7042,51,Male,AU
7043,19,Male,UK
7044,50,Female,CA
7045,45,Other,PK
7046,34,Female,PK
7047,16,Male,US
7048,57,Other,IN
7049,39,Female,FR
7050,23,Female,PK
7051,35,Male,FR
7052,28,Other,UK
7053,29,Female,DE
7054,37,Male,CA
7055,24,Male,IN
7056,46,Other,FR
7057,29,Female,IN
7058,24,Male,US
7059,29,Female,CA
7060,22,Other,PK
7061,36,Male,UK
7062,27,Male,IN
7063,38,Male,IN
7064,51,Female,PK
7065,58,Male,US
7066,36,Other,FR
7067,54,Female,FR
7068,25,Male,AU
7069,30,Other,FR
7070,47,Other,US
7071,58,Other,US
7072,43,Female,PK
7073,17,Other,PK
7074,43,Other,DE
7075,25,Male,DE
7076,19,Other,FR
7077,22,Male,AU
7078,23,Female,CA
7079,21,Other,DE
7080,42,Female,IN
7081,52,Female,DE
7082,28,Other,FR
7083,49,Other,FR
7084,30,Female,US
7085,45,Female,CA
7086,30,Male,FR
7087,43,Other,US
7088,21,Male,FR
7089,53,Other,CA
7090,41,Other,PK
7091,33,Female,UK
7092,53,Male,CA
7093,37,Male,CA
7094,42,Male,UK
7095,54,Female,IN
7096,36,Other,US
7097,46,Male,UK
7098,23,Female,PK
7099,31,Other,IN
7100,47,Male,FR
7101,57,Male,DE
7102,40,Female,US
7103,39,Other,DE
7104,26,Male,US
7105,26,Male,DE
7106,18,Female,IN
7107,29,Male,UK
7108,54,Female,US
7109,55,Male,UK
7110,52,Female,CA
7111,27,Male,DE
7112,54,Female,US
7113,17,Other,AU
7114,54,Male,PK
7115,40,Female,PK
7116,52,Female,US
7117,48,Other,DE
7118,18,Female,CA
7119,18,Other,PK
7120,22,Male,PK
7121,38,Other,AU
7122,58,Female,AU
7123,23,Male,AU
7124,29,Male,PK
7125,29,Male,CA
7126,56,Female,US
7127,58,Other,FR
7128,57,Other,PK
7129,47,Male,CA
7130,37,Other,UK
7131,27,Male,IN
7132,41,Male,DE
7133,46,Male,US
7134,47,Other,AU
7135,38,Female,UK
7136,52,Female,DE
7137,50,Female,US
7138,45,Other,PK
7139,56,Female,US
7140,30,Male,UK
7141,37,Male,AU
7142,23,Male,IN
7143,59,Other,IN
7144,24,Other,DE
7145,40,Other,FR
7146,54,Other,FR
7147,54,Male,AU
7148,41,Male,US
7149,58,Female,AU
7150,40,Female,DE
7151,45,Other,FR
7152,31,Male,IN
7153,55,Other,PK
7154,43,Other,DE
7155,35,Male,CA
7156,36,Male,UK
7157,42,Other,PK
7158,46,Other,PK
7159,40,Other,PK
7160,43,Female,PK
7161,46,Female,AU
7162,39,Female,DE
7163,17,Other,US
7164,40,Male,IN
7165,29,Other,FR
7166,23,Other,DE
7167,52,Male,UK
7168,56,Male,AU
7169,54,Male,UK
7170,53,Female,IN
7171,34,Male,PK
7172,44,Male,PK
7173,16,Other,PK
7174,47,Other,US
7175,39,Other,US
7176,51,Male,IN
7177,59,Female,PK
7178,18,Other,IN
7179,56,Male,UK
7180,52,Female,CA
7181,27,Female,UK
7182,37,Other,CA
7183,27,Other,IN
7184,33,Female,US
7185,49,Other,PK
7186,45,Female,US
7187,32,Other,IN
7188,40,Other,UK
7189,26,Other,DE
7190,20,Other,PK
7191,59,Male,PK
7192,24,Male,FR
7193,52,Male,UK
7194,39,Other,FR
7195,32,Female,AU
7196,57,Male,PK
7197,23,Other,UK
7198,37,Female,DE
7199,52,Female,PK
7200,18,Other,DE
7201,37,Male,US
7202,39,Female,PK
7203,45,Male,UK
7204,51,Other,DE
7205,19,Male,CA
7206,34,Male,UK
7207,21,Female,DE
7208,38,Other,AU
7209,40,Female,US
7210,26,Male,DE
7211,43,Other,IN
7212,18,Male,DE
7213,54,Other,AU
7214,51,Other,IN
7215,54,Male,UK
7216,49,Female,AU
7217,16,Male,FR
7218,44,Female,FR
7219,37,Other,AU
7220,28,Male,UK
7221,50,Other,FR
7222,22,Male,PK
7223,56,Female,CA
7224,28,Other,DE
7225,52,Female,FR
7226,53,Other,IN
7227,32,Male,FR
7228,22,Male,AU
7229,16,Male,US
7230,51,Female,US
7231,37,Female,AU
7232,16,Other,CA
7233,21,Other,IN
7234,18,Male,DE
7235,45,Other,CA
7236,54,Other,DE
7237,38,Male,UK
7238,57,Other,CA
7239,50,Male,DE
7240,52,Other,AU
7241,18,Male,DE
7242,57,Male,FR
7243,35,Male,PK
7244,25,Male,FR
7245,34,Female,US
7246,36,Male,UK
7247,42,Female,PK
7248,20,Female,PK
7249,46,Male,US
7250,27,Other,UK
7251,54,Female,CA
7252,49,Male,IN
7253,55,Male,US
7254,29,Other,UK
7255,46,Female,IN
7256,43,Other,CA
7257,32,Other,AU
7258,56,Other,PK
7259,32,Female,DE
7260,41,Male,PK
7261,51,Female,US
7262,46,Male,IN
7263,24,Female,DE
7264,42,Female,UK
7265,50,Male,CA
7266,41,Other,US
7267,40,Female,IN
7268,44,Male,PK
7269,58,Other,UK
7270,56,Male,PK
7271,52,Other,CA
7272,54,Other,UK
7273,44,Male,DE
7274,56,Other,FR
7275,40,Male,CA
7276,22,Female,IN
7277,49,Female,AU
7278,33,Female,AU
7279,19,Female,UK
7280,35,Female,PK
7281,36,Male,PK
7282,47,Male,CA
7283,37,Female,DE
7284,34,Other,AU
7285,53,Female,UK
7286,48,Female,UK
7287,23,Male,UK
7288,39,Female,US
7289,56,Other,US
7290,20,Other,CA
7291,51,Female,FR
7292,52,Male,US
7293,33,Female,DE
7294,22,Female,PK
7295,29,Female,AU
7296,29,Male,UK
7297,51,Other,DE
7298,53,Other,FR
7299,44,Other,FR
7300,19,Female,IN
7301,52,Other,US
7302,17,Other,UK
7303,26,Other,FR
7304,56,Female,US
7305,23,Other,PK
7306,43,Female,DE
7307,56,Other,PK
7308,33,Other,AU
7309,20,Other,IN
7310,53,Other,UK
7311,29,Female,IN
7312,54,Other,US
7313,35,Female,DE
7314,43,Female,UK
7315,51,Male,PK
7316,52,Male,IN
7317,29,Male,PK
7318,39,Female,IN
7319,25,Male,US
7320,51,Female,PK
7321,21,Male,US
7322,49,Male,PK
7323,44,Other,PK
7324,54,Male,FR
7325,51,Female,PK
7326,16,Other,US
7327,55,Male,FR
7328,30,Male,AU
7329,46,Male,AU
7330,56,Female,AU
7331,51,Other,UK
7332,37,Male,AU
7333,49,Other,PK
7334,39,Male,UK
7335,30,Male,UK
7336,35,Male,US
7337,19,Male,UK
7338,52,Other,PK
7339,30,Female,IN
7340,26,Male,AU
7341,16,Male,FR
7342,34,Male,CA
7343,48,Other,FR
7344,25,Male,IN
7345,32,Male,IN
7346,45,Other,FR
7347,55,Male,DE
7348,55,Other,IN
7349,33,Other,PK
7350,48,Male,FR
7351,55,Other,PK
7352,52,Female,AU
7353,41,Other,AU
7354,17,Other,UK
7355,30,Other,FR
7356,53,Female,UK
7357,30,Other,CA
7358,33,Male,PK
7359,38,Female,DE
7360,44,Other,UK
7361,33,Other,DE
7362,25,Other,AU
7363,32,Female,AU
7364,58,Male,FR
7365,17,Other,FR
7366,55,Other,IN
7367,42,Other,US
7368,59,Female,US
7369,20,Female,CA
7370,29,Male,US
7371,30,Other,CA
7372,38,Male,IN
7373,36,Other,IN
7374,50,Female,IN
7375,32,Male,CA
7376,43,Female,CA
7377,31,Male,FR
7378,47,Other,PK
7379,30,Female,DE
7380,46,Other,DE
7381,16,Other,AU
7382,16,Female,AU
7383,33,Female,IN
7384,19,Other,US
7385,55,Other,US
7386,27,Male,IN
7387,38,Other,US
7388,20,Other,FR
7389,22,Male,IN
7390,53,Female,CA
7391,17,Other,UK
7392,47,Other,AU
7393,38,Other,DE
7394,51,Female,UK
7395,43,Female,AU
7396,39,Other,CA
7397,42,Male,US
7398,36,Other,UK
7399,55,Male,UK
7400,52,Other,US
7401,59,Male,IN
7402,39,Male,IN
7403,51,Other,PK
7404,30,Male,PK
7405,39,Other,IN
7406,43,Male,PK
7407,37,Female,DE
7408,41,Other,US
7409,42,Female,PK
7410,49,Male,US
7411,36,Male,FR
7412,37,Other,CA
7413,40,Female,PK
7414,24,Female,PK
7415,36,Female,UK
7416,50,Other,FR
7417,58,Female,PK
7418,25,Other,IN
7419,58,Male,PK
7420,43,Other,DE
7421,30,Female,UK
7422,33,Female,IN
7423,17,Other,CA
7424,24,Male,DE
7425,42,Male,US
7426,34,Other,DE
7427,47,Male,IN
7428,22,Female,IN
7429,33,Other,FR
7430,41,Female,AU
7431,26,Female,CA
7432,37,Male,UK
7433,28,Other,CA
7434,58,Other,AU
7435,18,Male,US
7436,16,Male,CA
7437,54,Other,IN
7438,48,Male,FR
7439,21,Male,IN
7440,26,Other,IN
7441,24,Male,CA
7442,49,Male,UK
7443,57,Male,FR
7444,22,Male,PK
7445,23,Female,UK
7446,16,Male,DE
7447,57,Female,UK
7448,50,Female,FR
7449,31,Other,AU
7450,44,Female,UK
7451,41,Female,FR
7452,22,Male,PK
7453,36,Female,AU
7454,55,Female,FR
7455,27,Other,CA
7456,23,Female,IN
7457,53,Other,DE
7458,19,Male,DE
7459,35,Male,AU
7460,31,Female,IN
7461,42,Female,US
7462,35,Female,PK
7463,35,Other,FR
7464,57,Other,FR
7465,32,Male,DE
7466,59,Other,PK
7467,34,Other,AU
7468,49,Male,DE
7469,38,Other,AU
7470,30,Other,CA
7471,55,Male,IN
7472,34,Male,PK
7473,52,Female,AU
7474,50,Male,PK
7475,25,Female,IN
7476,43,Other,PK
7477,46,Male,FR
7478,46,Female,PK
7479,54,Male,CA
7480,47,Female,PK
7481,51,Male,CA
7482,42,Male,IN
7483,30,Male,UK
7484,42,Female,AU
7485,53,Male,US
7486,50,Female,DE
7487,48,Male,PK
7488,21,Female,AU
7489,23,Female,PK
7490,40,Male,IN
7491,35,Other,FR
7492,32,Other,FR
7493,29,Male,UK
7494,25,Female,FR
7495,48,Male,PK
7496,46,Male,AU
7497,52,Female,IN
7498,18,Female,AU
7499,35,Male,DE
7500,45,Other,AU
7501,29,Male,IN
7502,27,Female,PK
7503,27,Female,US
7504,49,Other,DE
7505,18,Female,AU
7506,40,Male,IN
7507,44,Other,DE
7508,22,Female,FR
7509,54,Other,AU
7510,30,Female,FR
7511,20,Other,FR
7512,51,Other,IN
7513,40,Other,IN
7514,49,Other,PK
7515,40,Female,IN
7516,36,Male,US
7517,35,Male,FR
7518,30,Male,AU
7519,27,Female,UK
7520,53,Female,FR
7521,42,Male,IN
7522,54,Male,DE
7523,24,Other,DE
7524,20,Female,AU
7525,24,Female,CA
7526,24,Other,AU
7527,58,Female,PK
7528,56,Other,US
7529,56,Other,CA
7530,40,Male,CA
7531,20,Other,DE
7532,47,Male,DE
7533,35,Other,CA
7534,42,Other,AU
7535,20,Other,IN
7536,26,Male,IN
7537,57,Female,IN
7538,47,Male,US
7539,53,Male,UK
7540,20,Male,US
7541,41,Male,IN
7542,22,Male,UK
7543,37,Other,FR
7544,22,Female,IN
7545,42,Female,PK
7546,41,Female,AU
7547,28,Female,IN
7548,42,Male,US
7549,41,Male,DE
7550,49,Other,US
7551,44,Other,CA
7552,18,Male,IN
7553,35,Other,AU
7554,43,Male,US
7555,48,Other,IN
7556,47,Female,DE
7557,34,Other,AU
7558,29,Female,US
7559,18,Other,US
7560,28,Female,FR
7561,50,Male,IN
7562,19,Other,PK
7563,52,Other,CA
7564,37,Other,IN
7565,22,Other,UK
7566,39,Male,UK
7567,59,Male,PK
7568,22,Male,FR
7569,46,Male,DE
7570,39,Other,DE
7571,49,Male,US
7572,40,Other,DE
7573,42,Male,AU
7574,37,Female,IN
7575,51,Female,DE
7576,34,Other,US
7577,46,Male,PK
7578,22,Other,PK
7579,35,Male,PK
7580,58,Male,IN
7581,32,Other,PK
7582,41,Male,AU
7583,30,Male,DE
7584,36,Female,IN
7585,25,Other,CA
7586,49,Other,US
7587,38,Other,IN
7588,28,Male,DE
7589,32,Female,CA
7590,52,Other,AU
7591,24,Female,DE
7592,42,Male,PK
7593,30,Male,US
7594,54,Male,CA
7595,17,Female,PK
7596,53,Other,US
7597,48,Male,FR
7598,44,Female,IN
7599,17,Male,CA
7600,48,Other,CA
7601,42,Female,AU
7602,37,Female,CA
7603,28,Male,FR
7604,17,Female,US
7605,23,Other,DE
7606,45,Female,US
7607,49,Male,FR
7608,53,Other,DE
7609,20,Male,FR
7610,20,Female,US
7611,53,Other,IN
7612,51,Female,UK
7613,35,Other,CA
7614,46,Female,US
7615,56,Other,PK
7616,17,Other,CA
7617,28,Other,PK
7618,34,Other,FR
7619,57,Female,PK
7620,29,Male,US
7621,48,Other,US
7622,39,Female,AU
7623,49,Female,FR
7624,50,Female,US
7625,18,Other,US
7626,43,Female,PK
7627,57,Female,FR
7628,58,Male,AU
7629,52,Female,DE
7630,39,Other,IN
7631,50,Female,FR
7632,39,Other,AU
7633,29,Male,PK
7634,40,Male,PK
7635,16,Other,AU
7636,19,Male,CA
7637,32,Female,UK
7638,51,Other,DE
7639,18,Male,IN
7640,17,Male,FR
7641,55,Male,CA
7642,46,Male,UK
7643,21,Male,DE
7644,36,Other,FR
7645,56,Female,US
7646,41,Other,DE
7647,52,Other,IN
7648,43,Female,FR
7649,33,Male,PK
7650,49,Other,AU
7651,41,Female,UK
7652,35,Male,IN
7653,20,Female,PK
7654,46,Male,AU
7655,49,Male,AU
7656,59,Other,UK
7657,26,Male,US
7658,35,Male,FR
7659,52,Female,UK
7660,41,Female,CA
7661,41,Female,CA
7662,51,Male,IN
7663,58,Female,IN
7664,51,Male,FR
7665,55,Other,US
7666,59,Female,CA
7667,23,Female,UK
7668,20,Other,FR
7669,53,Male,AU
7670,54,Female,AU
7671,59,Female,IN
7672,56,Female,CA
7673,41,Other,CA
7674,43,Female,IN
7675,55,Female,AU
7676,18,Male,FR
7677,53,Male,UK
7678,20,Male,IN
7679,53,Other,PK
7680,32,Male,IN
7681,49,Male,DE
7682,29,Female,CA
7683,58,Female,IN
7684,36,Male,FR
7685,48,Female,UK
7686,26,Female,FR
7687,55,Other,US
7688,28,Male,AU
7689,48,Male,PK
7690,41,Other,UK
7691,28,Female,FR
7692,30,Female,IN
7693,37,Male,UK
7694,35,Female,US
7695,56,Other,PK
7696,32,Male,IN
7697,42,Male,PK
7698,18,Other,IN
7699,37,Female,CA
7700,33,Male,CA
7701,19,Female,UK
7702,32,Other,PK
7703,33,Other,IN
7704,52,Male,UK
7705,32,Male,DE
7706,58,Other,UK
7707,54,Male,DE
7708,35,Other,PK
7709,30,Male,DE
7710,42,Female,FR
7711,55,Female,UK
7712,25,Male,FR
7713,42,Male,US
7714,48,Male,IN
7715,39,Other,CA
7716,26,Other,UK
7717,17,Male,DE
7718,41,Female,UK
7719,19,Male,US
7720,26,Female,US
7721,26,Female,FR
7722,45,Female,CA
7723,46,Male,IN
7724,29,Other,FR
7725,59,Male,UK
7726,50,Male,US
7727,19,Female,DE
7728,36,Other,AU
7729,22,Male,FR
7730,55,Other,IN
7731,26,Other,PK
7732,19,Female,US
7733,20,Female,IN
7734,55,Other,PK
7735,37,Male,FR
7736,52,Female,CA
7737,20,Other,UK
7738,51,Male,FR
7739,22,Female,PK
7740,57,Other,US
7741,52,Other,CA
7742,51,Other,US
7743,16,Other,PK
7744,41,Male,PK
7745,58,Other,FR
7746,38,Female,DE
7747,25,Other,AU
7748,34,Female,UK
7749,30,Other,IN
7750,44,Male,UK
7751,33,Other,DE
7752,27,Male,PK
7753,17,Male,IN
7754,32,Female,CA
7755,38,Male,IN
7756,55,Other,IN
7757,28,Other,CA
7758,41,Female,AU
7759,32,Male,US
7760,43,Female,PK
7761,53,Other,DE
7762,39,Male,IN
7763,48,Female,UK
7764,36,Other,US
7765,40,Male,FR
7766,25,Female,UK
7767,35,Other,US
7768,16,Male,UK
7769,26,Other,US
7770,18,Female,CA
7771,28,Other,DE
7772,58,Other,US
7773,58,Male,US
7774,51,Female,DE
7775,46,Other,FR
7776,39,Male,UK
7777,17,Female,CA
7778,27,Male,CA
7779,39,Other,UK
7780,53,Other,PK
7781,44,Male,CA
7782,41,Other,FR
7783,45,Male,AU
7784,49,Male,AU
7785,26,Other,CA
7786,47,Other,IN
7787,24,Male,IN
7788,38,Female,DE
7789,28,Female,PK
7790,43,Other,UK
7791,20,Female,PK
7792,30,Female,UK
7793,27,Female,AU
7794,55,Female,IN
7795,17,Female,IN
7796,32,Other,US
7797,58,Other,PK
7798,35,Other,US
7799,33,Female,PK
7800,23,Male,IN
7801,38,Other,US
7802,46,Female,FR
7803,21,Other,DE
7804,58,Male,CA
7805,21,Female,DE
7806,23,Other,AU
7807,55,Male,US
7808,59,Female,IN
7809,16,Male,PK
7810,21,Female,FR
7811,44,Other,CA
7812,58,Male,DE
7813,44,Female,PK
7814,30,Other,UK
7815,39,Female,DE
7816,59,Female,FR
7817,43,Other,US
7818,26,Other,FR
7819,36,Female,FR
7820,47,Other,FR
7821,42,Other,IN
7822,58,Other,US
7823,54,Male,AU
7824,52,Female,IN
7825,42,Female,CA
7826,44,Other,DE
7827,53,Other,UK
7828,38,Other,DE
7829,34,Other,PK
7830,30,Female,UK
7831,29,Male,IN
7832,19,Female,IN
7833,59,Female,IN
7834,23,Female,FR
7835,37,Female,IN
7836,18,Female,FR
7837,49,Female,US
7838,39,Other,UK
7839,32,Other,IN
7840,16,Other,CA
7841,23,Male,US
7842,55,Other,FR
7843,31,Female,IN
7844,52,Female,US
7845,59,Female,UK
7846,28,Male,PK
7847,36,Female,UK
7848,25,Female,US
7849,46,Other,DE
7850,22,Female,PK
7851,22,Male,PK
7852,27,Female,IN
7853,36,Other,IN
7854,42,Female,DE
7855,31,Other,DE
7856,47,Female,IN
7857,41,Female,CA
7858,31,Male,IN
7859,36,Female,FR
7860,28,Male,PK
7861,28,Male,US
7862,21,Male,FR
7863,42,Other,IN
7864,37,Female,CA
7865,16,Other,IN
7866,39,Other,US
7867,28,Male,FR
7868,46,Male,PK
7869,48,Other,UK
7870,59,Male,DE
7871,36,Other,DE
7872,18,Female,US
7873,23,Other,US
7874,20,Male,FR
7875,46,Other,UK
7876,19,Other,UK
7877,43,Female,UK
7878,36,Male,DE
7879,47,Female,PK
7880,31,Other,US
7881,25,Male,IN
7882,50,Other,FR
7883,22,Other,FR
7884,45,Female,FR
7885,31,Male,PK
7886,28,Other,DE
7887,37,Male,PK
7888,55,Male,AU
7889,46,Female,AU
7890,34,Female,PK
7891,59,Other,FR
7892,32,Other,CA
7893,41,Female,IN
7894,58,Female,DE
7895,34,Female,AU
7896,58,Male,AU
7897,32,Female,PK
7898,38,Other,DE
7899,28,Other,US
7900,31,Other,DE
7901,21,Female,FR
7902,24,Female,FR
7903,16,Female,US
7904,43,Female,CA
7905,27,Male,UK
7906,27,Other,DE
7907,27,Male,DE
7908,30,Male,PK
7909,36,Female,UK
7910,35,Other,DE
7911,26,Other,PK
7912,57,Female,AU
7913,21,Male,PK
7914,51,Female,UK
7915,16,Female,AU
7916,45,Other,DE
7917,21,Other,FR
7918,56,Female,CA
7919,46,Other,UK
7920,51,Other,PK
7921,46,Male,US
7922,17,Female,CA
7923,49,Female,FR
7924,50,Male,DE
7925,31,Male,FR
7926,59,Female,PK
7927,57,Male,PK
7928,57,Female,AU
7929,33,Male,IN
7930,26,Female,CA
7931,30,Female,US
7932,26,Other,DE
7933,35,Male,AU
7934,43,Male,DE
7935,21,Female,AU
7936,51,Male,CA
7937,34,Other,PK
7938,43,Female,IN
7939,47,Male,IN
7940,21,Male,DE
7941,31,Female,AU
7942,39,Male,FR
7943,20,Other,FR
7944,33,Male,CA
7945,17,Other,PK
7946,47,Female,UK
7947,58,Female,AU
7948,41,Male,IN
7949,52,Male,US
7950,42,Male,AU
7951,41,Other,CA
7952,43,Female,IN
7953,42,Male,IN
7954,49,Female,PK
7955,46,Female,CA
7956,21,Other,DE
7957,56,Male,US
7958,52,Female,AU
7959,38,Female,UK
7960,53,Other,UK
7961,45,Female,AU
7962,33,Male,UK
7963,52,Female,PK
7964,28,Male,UK
7965,51,Other,IN
7966,48,Female,DE
7967,24,Male,CA
7968,31,Female,US
7969,19,Female,US
7970,54,Female,IN
7971,37,Female,US
7972,18,Male,IN
7973,21,Female,PK
7974,20,Other,DE
7975,55,Other,FR
7976,39,Female,PK
7977,58,Female,IN
7978,40,Female,IN
7979,52,Female,FR
7980,54,Male,DE
7981,23,Female,UK
7982,44,Female,FR
7983,57,Male,AU
7984,27,Female,DE
7985,16,Other,PK
7986,36,Male,DE
7987,27,Other,CA
7988,21,Female,US
7989,41,Male,IN
7990,41,Female,DE
7991,50,Male,DE
7992,16,Other,DE
7993,32,Female,CA
7994,29,Other,CA
7995,34,Male,PK
7996,44,Other,DE
7997,34,Male,AU
7998,17,Female,US
7999,34,Female,IN
8000,45,Other,AU
