user_id,subscription_type,listening_time,songs_played_per_day,skip_rate,device_type,ads_listened_per_week,offline_listening,is_churned
1,Free,26,23,0.2,Desktop,31,0,1
2,Family,141,62,0.34,Web,0,1,0
3,Premium,199,38,0.04,Mobile,0,1,1
4,Student,36,2,0.31,Mobile,0,1,0
5,Family,250,57,0.36,Mobile,0,1,1
6,Free,219,35,0.46,Desktop,13,0,0
7,Premium,289,44,0.38,Desktop,0,1,0
8,Free,210,68,0.11,Mobile,5,0,0
9,Student,50,66,0.29,Web,0,1,0
10,Free,278,94,0.38,Mobile,44,0,0
11,Free,86,44,0.11,Web,37,0,0
12,Free,113,24,0.56,Desktop,39,0,1
13,Family,24,86,0.11,Desktop,0,1,0
14,Premium,45,47,0.6,Web,0,1,0
15,Family,114,13,0.44,Web,0,1,1
16,Student,230,25,0.26,Desktop,0,1,0
17,Student,181,93,0.23,Mobile,0,1,0
18,Family,120,8,0.41,Desktop,0,1,0
19,Family,160,32,0.35,Mobile,0,1,0
20,Student,281,51,0.35,Desktop,0,1,0
21,Student,138,60,0.6,Web,0,1,0
22,Premium,20,7,0.45,Desktop,0,1,0
23,Family,138,95,0.1,Desktop,0,1,0
24,Family,134,97,0.42,Web,0,1,0
25,Premium,133,22,0.59,Desktop,0,1,0
26,Student,39,29,0.53,Desktop,0,1,0
27,Free,293,67,0.33,Mobile,23,0,1
28,Free,15,55,0.3,Mobile,35,0,0
29,Free,123,13,0.22,Desktop,7,0,0
30,Premium,18,12,0.39,Mobile,0,1,0
31,Premium,149,45,0.22,Web,0,1,0
32,Student,72,12,0.17,Web,0,1,0
33,Premium,291,74,0.11,Mobile,0,1,0
34,Family,147,52,0.43,Web,0,1,0
35,Premium,18,2,0.04,Mobile,0,1,0
36,Free,59,53,0.18,Web,28,0,1
37,Student,280,99,0.29,Desktop,0,1,0
38,Family,117,98,0.04,Mobile,0,1,0
39,Family,47,59,0.06,Desktop,0,1,0
40,Family,260,44,0.5,Desktop,0,1,1
41,Premium,122,16,0.54,Desktop,0,1,0
42,Student,255,14,0.39,Desktop,0,1,0
43,Family,49,39,0.51,Mobile,0,1,0
44,Family,90,89,0.4,Mobile,0,1,0
45,Family,288,69,0.48,Web,0,1,0
46,Premium,255,3,0.39,Web,0,1,0
47,Student,255,75,0.58,Desktop,0,1,0
48,Family,26,23,0.08,Mobile,0,1,0
49,Family,238,60,0.29,Desktop,0,1,0
50,Free,241,7,0.56,Desktop,22,0,1
51,Premium,124,98,0.36,Desktop,0,1,0
52,Premium,175,67,0.38,Web,0,1,0
53,Free,41,3,0.0,Desktop,43,0,1
54,Free,222,96,0.26,Web,15,0,0
55,Family,121,71,0.32,Desktop,0,1,0
56,Family,277,2,0.59,Web,0,1,0
57,Free,107,82,0.11,Desktop,12,0,1
58,Student,198,63,0.23,Desktop,0,1,0
59,Free,59,51,0.42,Desktop,19,0,0
60,Student,95,79,0.53,Web,0,1,1
61,Premium,262,23,0.17,Web,0,1,0
62,Student,169,26,0.56,Mobile,0,1,0
63,Free,25,32,0.2,Mobile,38,0,0
64,Family,55,67,0.51,Mobile,0,1,1
65,Student,161,42,0.4,Desktop,0,1,1
66,Family,77,42,0.56,Web,0,1,0
67,Free,152,32,0.49,Mobile,14,0,1
68,Free,156,51,0.14,Desktop,18,0,0
69,Student,99,43,0.17,Desktop,0,1,0
70,Free,181,40,0.21,Mobile,10,0,0
71,Student,265,81,0.36,Web,0,1,0
72,Family,131,70,0.35,Web,0,1,0
73,Student,19,68,0.32,Desktop,0,1,1
74,Family,201,15,0.05,Mobile,0,1,0
75,Family,223,53,0.33,Web,0,1,0
76,Premium,111,83,0.19,Desktop,0,1,0
77,Family,81,6,0.47,Mobile,0,1,0
78,Family,124,73,0.43,Mobile,0,1,0
79,Free,13,30,0.24,Mobile,32,0,0
80,Premium,31,72,0.53,Desktop,0,1,1
81,Premium,277,87,0.3,Web,0,1,0
82,Student,181,69,0.59,Web,0,1,0
83,Free,167,4,0.56,Mobile,35,0,0
84,Free,105,11,0.03,Web,29,0,0
85,Student,202,79,0.45,Desktop,0,1,0
86,Family,284,38,0.23,Web,0,1,0
87,Premium,125,82,0.43,Web,0,1,0
88,Free,237,36,0.37,Web,20,0,0
89,Family,99,15,0.15,Mobile,0,1,0
90,Student,224,49,0.38,Desktop,0,1,0
91,Free,195,80,0.17,Web,28,0,0
92,Premium,173,85,0.22,Web,0,1,0
93,Family,210,7,0.25,Web,0,1,0
94,Free,85,7,0.45,Desktop,44,0,0
95,Family,93,1,0.4,Mobile,0,1,0
96,Student,222,97,0.03,Desktop,0,1,1
97,Premium,196,69,0.07,Web,0,1,0
98,Family,215,13,0.02,Mobile,0,1,1
99,Family,22,45,0.29,Web,0,1,1
100,Student,283,13,0.02,Desktop,0,1,0
101,Free,40,15,0.5,Web,16,0,0
102,Student,251,91,0.12,Desktop,0,1,0
103,Family,240,61,0.56,Mobile,0,1,0
104,Family,160,76,0.06,Web,0,1,0
105,Free,114,11,0.24,Web,19,0,0
106,Student,251,9,0.39,Web,0,1,0
107,Student,181,89,0.11,Desktop,0,1,1
108,Premium,215,16,0.26,Web,0,1,0
109,Student,119,11,0.05,Desktop,0,1,0
110,Premium,224,34,0.11,Mobile,0,1,0
111,Premium,31,61,0.29,Mobile,0,1,0
112,Family,17,10,0.27,Desktop,0,1,0
113,Student,174,29,0.13,Desktop,0,1,1
114,Family,31,48,0.33,Web,0,1,0
115,Student,84,40,0.58,Desktop,0,1,0
116,Free,198,31,0.07,Web,6,0,0
117,Student,272,40,0.12,Desktop,0,1,1
118,Family,21,73,0.16,Web,0,1,0
119,Family,251,47,0.14,Mobile,0,1,0
120,Family,95,81,0.36,Mobile,0,1,0
121,Student,169,20,0.18,Desktop,0,1,1
122,Premium,35,20,0.32,Desktop,0,1,1
123,Free,32,34,0.52,Web,14,0,1
124,Free,55,67,0.53,Desktop,7,0,0
125,Family,120,26,0.48,Desktop,0,1,0
126,Free,11,67,0.4,Desktop,36,0,1
127,Premium,194,52,0.2,Mobile,0,1,0
128,Premium,81,85,0.29,Web,0,1,0
129,Free,217,52,0.45,Web,23,0,0
130,Premium,11,11,0.42,Web,0,1,1
131,Free,72,35,0.53,Desktop,22,0,0
132,Premium,162,94,0.29,Desktop,0,1,0
133,Family,271,57,0.36,Mobile,0,1,1
134,Premium,218,6,0.02,Desktop,0,1,1
135,Family,94,24,0.3,Web,0,1,0
136,Student,295,72,0.43,Desktop,0,1,0
137,Premium,286,35,0.42,Desktop,0,1,0
138,Student,298,37,0.5,Mobile,0,1,0
139,Family,261,20,0.39,Desktop,0,1,1
140,Free,201,82,0.5,Desktop,27,0,1
141,Free,40,84,0.56,Web,49,0,0
142,Premium,30,78,0.42,Mobile,0,1,0
143,Student,109,88,0.45,Web,0,1,1
144,Premium,171,19,0.48,Mobile,0,1,1
145,Family,223,31,0.09,Mobile,0,1,0
146,Family,52,17,0.2,Desktop,0,1,0
147,Family,195,94,0.49,Desktop,0,1,0
148,Premium,198,78,0.0,Desktop,0,1,0
149,Student,285,2,0.3,Desktop,0,1,0
150,Premium,278,83,0.24,Desktop,0,1,0
151,Premium,251,57,0.37,Desktop,0,1,0
152,Student,158,52,0.27,Mobile,0,1,0
153,Family,14,41,0.59,Web,0,1,0
154,Premium,280,81,0.27,Desktop,0,1,1
155,Student,257,14,0.13,Web,0,1,0
156,Family,21,76,0.56,Web,0,1,1
157,Free,237,27,0.16,Web,40,0,0
158,Free,224,53,0.07,Mobile,43,0,0
159,Family,216,76,0.28,Mobile,0,1,0
160,Premium,137,97,0.32,Web,0,1,0
161,Free,209,84,0.53,Web,28,0,0
162,Free,36,30,0.19,Mobile,43,0,1
163,Free,95,50,0.49,Desktop,31,0,1
164,Premium,298,25,0.11,Mobile,0,1,1
165,Family,224,51,0.23,Desktop,0,1,1
166,Free,205,43,0.48,Desktop,47,0,0
167,Student,95,31,0.37,Web,0,1,0
168,Free,289,17,0.28,Desktop,35,0,0
169,Premium,168,28,0.54,Web,0,1,0
170,Free,211,48,0.48,Mobile,23,0,1
171,Premium,63,99,0.38,Mobile,0,1,0
172,Free,124,83,0.52,Mobile,35,0,0
173,Family,275,56,0.05,Web,0,1,0
174,Student,120,38,0.11,Mobile,0,1,0
175,Free,64,20,0.16,Mobile,20,0,1
176,Premium,121,86,0.08,Web,0,1,1
177,Free,184,12,0.2,Desktop,15,0,0
178,Family,219,54,0.06,Web,0,1,0
179,Free,184,40,0.01,Mobile,9,0,0
180,Family,30,37,0.25,Desktop,0,1,1
181,Free,55,46,0.41,Desktop,7,0,0
182,Premium,38,4,0.09,Mobile,0,1,0
183,Premium,281,58,0.16,Desktop,0,1,0
184,Premium,140,57,0.35,Mobile,0,1,1
185,Student,130,17,0.35,Desktop,0,1,0
186,Student,238,82,0.35,Web,0,1,1
187,Premium,295,53,0.55,Web,0,1,1
188,Free,265,31,0.41,Web,38,0,0
189,Student,179,80,0.6,Desktop,0,1,0
190,Free,198,4,0.1,Desktop,36,0,0
191,Premium,180,17,0.08,Web,0,1,0
192,Student,267,89,0.52,Web,0,1,0
193,Free,126,22,0.58,Mobile,45,0,0
194,Family,233,94,0.29,Web,0,1,1
195,Student,161,95,0.59,Desktop,0,1,1
196,Student,100,70,0.43,Mobile,0,1,0
197,Student,240,45,0.53,Web,0,1,1
198,Student,170,95,0.45,Mobile,0,1,0
199,Family,150,29,0.18,Desktop,0,1,0
200,Family,203,79,0.15,Web,0,1,0
201,Free,226,31,0.24,Desktop,32,0,0
202,Premium,31,93,0.03,Desktop,0,1,0
203,Premium,81,34,0.09,Mobile,0,1,0
204,Free,62,99,0.55,Mobile,5,0,0
205,Free,202,22,0.45,Mobile,36,0,0
206,Free,207,33,0.09,Web,9,0,1
207,Student,20,38,0.6,Web,0,1,0
208,Free,113,42,0.56,Desktop,32,0,1
209,Free,168,42,0.12,Desktop,49,0,0
210,Student,251,79,0.37,Web,0,1,0
211,Free,222,95,0.04,Desktop,29,0,0
212,Free,74,33,0.12,Mobile,13,0,0
213,Premium,139,71,0.16,Desktop,0,1,0
214,Free,160,23,0.06,Web,45,0,0
215,Premium,37,94,0.37,Web,0,1,0
216,Family,199,4,0.12,Desktop,0,1,0
217,Free,204,87,0.42,Desktop,14,0,0
218,Family,181,67,0.56,Desktop,0,1,1
219,Premium,269,4,0.31,Web,0,1,0
220,Free,245,9,0.07,Mobile,42,0,0
221,Student,50,54,0.59,Web,0,1,0
222,Student,272,46,0.12,Web,0,1,0
223,Family,271,26,0.5,Web,0,1,0
224,Student,252,68,0.04,Web,0,1,1
225,Student,155,2,0.36,Desktop,0,1,1
226,Free,66,80,0.02,Mobile,48,0,1
227,Student,51,26,0.19,Web,0,1,0
228,Free,174,6,0.54,Mobile,7,0,0
229,Student,165,20,0.01,Desktop,0,1,1
230,Premium,73,39,0.11,Mobile,0,1,0
231,Student,10,11,0.09,Web,0,1,0
232,Premium,279,26,0.03,Web,0,1,0
233,Free,222,4,0.06,Mobile,26,0,1
234,Premium,39,6,0.54,Web,0,1,0
235,Premium,40,97,0.08,Mobile,0,1,1
236,Premium,254,86,0.45,Desktop,0,1,1
237,Family,227,23,0.55,Mobile,0,1,1
238,Premium,244,5,0.34,Web,0,1,0
239,Free,113,85,0.23,Mobile,27,0,1
240,Free,218,6,0.01,Mobile,15,0,1
241,Free,144,94,0.33,Desktop,19,0,0
242,Premium,143,48,0.09,Web,0,1,0
243,Premium,110,61,0.44,Mobile,0,1,0
244,Family,283,90,0.53,Web,0,1,0
245,Premium,276,15,0.28,Mobile,0,1,0
246,Premium,178,70,0.29,Desktop,0,1,0
247,Premium,114,13,0.49,Desktop,0,1,0
248,Free,98,24,0.32,Mobile,8,0,0
249,Family,49,27,0.29,Mobile,0,1,0
250,Premium,28,39,0.27,Web,0,1,0
251,Premium,259,67,0.17,Mobile,0,1,0
252,Free,279,84,0.43,Desktop,24,0,0
253,Premium,139,58,0.09,Web,0,1,1
254,Free,53,97,0.45,Desktop,29,0,0
255,Family,255,82,0.19,Mobile,0,1,0
256,Premium,259,20,0.01,Mobile,0,1,0
257,Free,112,33,0.34,Mobile,30,0,0
258,Premium,260,75,0.36,Web,0,1,0
259,Premium,91,3,0.49,Desktop,0,1,0
260,Free,92,18,0.19,Mobile,25,0,0
261,Free,140,14,0.02,Mobile,31,0,0
262,Premium,259,28,0.19,Desktop,0,1,1
263,Student,119,73,0.22,Desktop,0,1,0
264,Student,99,92,0.54,Web,0,1,1
265,Free,265,49,0.2,Desktop,41,0,1
266,Premium,299,93,0.27,Mobile,0,1,1
267,Free,255,75,0.56,Web,38,0,0
268,Family,157,96,0.48,Web,0,1,1
269,Family,176,15,0.11,Mobile,0,1,0
270,Student,146,45,0.44,Mobile,0,1,0
271,Family,211,64,0.15,Mobile,0,1,0
272,Premium,191,42,0.52,Mobile,0,1,1
273,Premium,218,72,0.29,Mobile,0,1,0
274,Family,128,94,0.48,Web,0,1,0
275,Free,30,10,0.38,Web,37,0,0
276,Family,176,17,0.35,Mobile,0,1,0
277,Premium,50,45,0.08,Mobile,0,1,0
278,Free,267,72,0.12,Desktop,38,0,0
279,Student,20,84,0.45,Web,0,1,0
280,Family,134,92,0.31,Mobile,0,1,0
281,Student,282,57,0.31,Mobile,0,1,0
282,Premium,52,55,0.05,Web,0,1,1
283,Premium,97,37,0.59,Web,0,1,0
284,Free,58,63,0.45,Mobile,45,0,0
285,Premium,126,71,0.29,Desktop,0,1,1
286,Premium,172,48,0.54,Web,0,1,0
287,Free,258,36,0.2,Desktop,24,0,1
288,Free,291,31,0.29,Desktop,39,0,0
289,Free,27,96,0.04,Desktop,27,0,1
290,Family,262,32,0.47,Desktop,0,1,0
291,Premium,52,52,0.47,Desktop,0,1,1
292,Student,108,26,0.17,Web,0,1,0
293,Premium,235,5,0.28,Desktop,0,1,0
294,Student,213,36,0.28,Web,0,1,0
295,Premium,169,6,0.13,Web,0,1,1
296,Student,158,84,0.1,Mobile,0,1,1
297,Premium,293,30,0.16,Desktop,0,1,0
298,Premium,99,84,0.58,Web,0,1,1
299,Student,194,40,0.59,Desktop,0,1,0
300,Premium,126,86,0.52,Mobile,0,1,0
301,Family,102,18,0.08,Mobile,0,1,0
302,Free,210,32,0.15,Web,29,0,1
303,Free,134,71,0.43,Mobile,14,0,0
304,Premium,62,25,0.53,Web,0,1,0
305,Premium,183,29,0.53,Web,0,1,0
306,Premium,279,97,0.36,Mobile,0,1,0
307,Premium,159,48,0.21,Mobile,0,1,1
308,Premium,187,22,0.14,Desktop,0,1,1
309,Family,57,3,0.41,Mobile,0,1,0
310,Family,133,88,0.07,Desktop,0,1,0
311,Student,168,78,0.41,Desktop,0,1,0
312,Family,251,47,0.55,Mobile,0,1,0
313,Family,71,18,0.0,Web,0,1,0
314,Student,178,84,0.32,Desktop,0,1,0
315,Student,206,64,0.1,Mobile,0,1,1
316,Free,36,12,0.22,Mobile,44,0,0
317,Family,122,69,0.09,Web,0,1,0
318,Premium,158,51,0.26,Web,0,1,0
319,Student,223,79,0.05,Mobile,0,1,0
320,Student,251,65,0.44,Desktop,0,1,0
321,Family,294,5,0.44,Web,0,1,0
322,Student,12,2,0.34,Web,0,1,1
323,Family,218,58,0.36,Desktop,0,1,0
324,Free,49,26,0.54,Desktop,12,0,0
325,Student,66,13,0.58,Mobile,0,1,1
326,Free,295,20,0.09,Mobile,21,0,1
327,Student,131,98,0.24,Desktop,0,1,0
328,Free,203,10,0.1,Desktop,42,0,0
329,Premium,201,38,0.44,Web,0,1,0
330,Student,59,35,0.37,Desktop,0,1,0
331,Family,119,39,0.45,Web,0,1,0
332,Premium,219,96,0.51,Web,0,1,1
333,Family,152,83,0.58,Mobile,0,1,0
334,Premium,157,9,0.57,Web,0,1,0
335,Free,89,59,0.15,Mobile,21,0,0
336,Family,63,68,0.21,Mobile,0,1,0
337,Premium,93,36,0.39,Desktop,0,1,0
338,Student,97,78,0.02,Web,0,1,0
339,Premium,289,79,0.09,Desktop,0,1,0
340,Family,291,39,0.3,Mobile,0,1,1
341,Family,291,70,0.22,Desktop,0,1,0
342,Student,218,76,0.58,Web,0,1,1
343,Premium,56,55,0.18,Web,0,1,0
344,Student,157,12,0.48,Web,0,1,1
345,Student,171,65,0.52,Web,0,1,1
346,Family,16,64,0.05,Web,0,1,0
347,Family,207,21,0.18,Web,0,1,1
348,Premium,123,37,0.27,Web,0,1,0
349,Premium,55,48,0.47,Web,0,1,1
350,Free,49,43,0.25,Desktop,5,0,0
351,Free,62,57,0.58,Web,7,0,0
352,Student,85,32,0.0,Desktop,0,1,0
353,Family,78,33,0.04,Desktop,0,1,0
354,Free,107,7,0.42,Desktop,27,0,1
355,Free,202,29,0.14,Web,41,0,0
356,Family,211,25,0.51,Mobile,0,1,0
357,Free,73,27,0.19,Web,26,0,1
358,Premium,229,70,0.02,Desktop,0,1,0
359,Free,164,21,0.53,Desktop,8,0,0
360,Family,61,33,0.48,Desktop,0,1,1
361,Free,164,66,0.3,Desktop,34,0,0
362,Free,232,2,0.14,Mobile,27,0,0
363,Student,146,98,0.06,Mobile,0,1,1
364,Premium,42,27,0.22,Web,0,1,1
365,Free,265,89,0.56,Desktop,28,0,0
366,Family,275,47,0.59,Mobile,0,1,1
367,Student,295,1,0.03,Desktop,0,1,1
368,Free,269,13,0.54,Desktop,40,0,0
369,Family,224,18,0.09,Desktop,0,1,0
370,Free,51,60,0.22,Desktop,17,0,0
371,Family,100,49,0.37,Desktop,0,1,1
372,Premium,267,63,0.6,Web,0,1,0
373,Free,102,35,0.06,Mobile,40,0,0
374,Free,84,64,0.57,Web,23,0,1
375,Free,289,92,0.2,Mobile,27,0,1
376,Family,173,30,0.38,Desktop,0,1,0
377,Family,42,77,0.34,Web,0,1,0
378,Family,261,76,0.41,Desktop,0,1,0
379,Free,163,2,0.03,Web,38,0,1
380,Student,175,9,0.37,Web,0,1,0
381,Student,259,96,0.48,Mobile,0,1,1
382,Premium,103,58,0.06,Mobile,0,1,0
383,Family,148,52,0.43,Desktop,0,1,0
384,Premium,50,19,0.02,Mobile,0,1,0
385,Family,187,27,0.11,Desktop,0,1,1
386,Student,57,48,0.52,Web,0,1,0
387,Free,51,70,0.38,Web,19,0,0
388,Free,146,4,0.59,Mobile,16,0,0
389,Free,210,60,0.05,Desktop,42,0,1
390,Family,58,55,0.25,Web,0,1,0
391,Family,124,11,0.16,Mobile,0,1,0
392,Student,273,80,0.26,Mobile,0,1,1
393,Free,49,74,0.47,Mobile,19,0,0
394,Student,119,73,0.11,Web,0,1,0
395,Student,225,10,0.08,Web,0,1,0
396,Free,203,75,0.26,Desktop,27,0,0
397,Family,21,11,0.28,Web,0,1,0
398,Student,120,66,0.25,Mobile,0,1,1
399,Student,59,34,0.11,Web,0,1,0
400,Family,272,5,0.24,Desktop,0,1,0
401,Premium,228,24,0.12,Mobile,0,1,0
402,Student,131,23,0.32,Desktop,0,1,0
403,Student,103,39,0.08,Web,0,1,1
404,Free,152,87,0.57,Desktop,23,0,0
405,Family,261,18,0.28,Desktop,0,1,1
406,Family,276,46,0.2,Mobile,0,1,1
407,Family,58,22,0.37,Desktop,0,1,0
408,Premium,118,98,0.53,Web,0,1,0
409,Free,256,83,0.17,Mobile,29,0,0
410,Free,84,22,0.25,Mobile,5,0,0
411,Premium,51,8,0.29,Desktop,0,1,0
412,Free,107,23,0.52,Web,17,0,1
413,Free,289,61,0.31,Desktop,18,0,0
414,Premium,264,89,0.35,Web,0,1,0
415,Premium,227,97,0.03,Web,0,1,0
416,Free,97,86,0.15,Desktop,26,0,0
417,Premium,168,40,0.56,Mobile,0,1,1
418,Premium,23,66,0.49,Desktop,0,1,0
419,Premium,271,98,0.5,Desktop,0,1,1
420,Premium,104,59,0.01,Web,0,1,1
421,Free,251,59,0.11,Desktop,28,0,0
422,Student,105,75,0.25,Desktop,0,1,0
423,Student,281,77,0.38,Web,0,1,0
424,Free,93,50,0.18,Mobile,39,0,0
425,Family,146,74,0.33,Web,0,1,0
426,Premium,170,73,0.48,Desktop,0,1,0
427,Premium,40,91,0.57,Mobile,0,1,0
428,Student,171,31,0.4,Desktop,0,1,0
429,Family,36,67,0.21,Mobile,0,1,0
430,Free,274,57,0.05,Web,38,0,0
431,Family,79,71,0.11,Desktop,0,1,0
432,Family,91,81,0.52,Mobile,0,1,0
433,Premium,69,20,0.13,Mobile,0,1,1
434,Family,14,93,0.07,Desktop,0,1,1
435,Premium,55,7,0.54,Web,0,1,0
436,Free,88,34,0.3,Web,48,0,0
437,Premium,236,78,0.35,Mobile,0,1,0
438,Free,214,85,0.58,Desktop,17,0,0
439,Free,172,5,0.05,Desktop,27,0,0
440,Family,163,11,0.3,Mobile,0,1,0
441,Premium,123,9,0.27,Desktop,0,1,0
442,Free,251,28,0.49,Web,46,0,0
443,Free,191,92,0.49,Web,29,0,0
444,Family,35,14,0.44,Web,0,1,0
445,Student,250,86,0.0,Mobile,0,1,1
446,Student,247,67,0.32,Desktop,0,1,1
447,Premium,18,51,0.38,Web,0,1,1
448,Student,296,35,0.22,Web,0,1,0
449,Free,25,62,0.47,Mobile,14,0,0
450,Premium,166,86,0.03,Desktop,0,1,0
451,Student,98,17,0.17,Desktop,0,1,1
452,Student,288,86,0.16,Mobile,0,1,1
453,Premium,10,54,0.5,Web,0,1,0
454,Premium,188,15,0.27,Desktop,0,1,0
455,Free,65,55,0.56,Desktop,33,0,0
456,Family,210,82,0.51,Web,0,1,0
457,Student,128,28,0.33,Mobile,0,1,1
458,Family,72,32,0.32,Desktop,0,1,1
459,Student,150,40,0.06,Desktop,0,1,0
460,Student,57,35,0.48,Web,0,1,0
461,Student,199,12,0.4,Web,0,1,1
462,Student,211,96,0.57,Desktop,0,1,0
463,Family,115,68,0.49,Desktop,0,1,0
464,Free,260,30,0.51,Web,37,0,0
465,Free,110,17,0.58,Desktop,24,0,0
466,Free,224,11,0.11,Mobile,12,0,0
467,Family,63,96,0.32,Mobile,0,1,0
468,Family,40,62,0.01,Mobile,0,1,0
469,Student,163,45,0.47,Web,0,1,1
470,Free,211,48,0.47,Desktop,27,0,0
471,Premium,72,82,0.44,Web,0,1,0
472,Premium,16,82,0.09,Web,0,1,0
473,Premium,205,11,0.47,Mobile,0,1,0
474,Premium,290,17,0.43,Mobile,0,1,0
475,Student,86,30,0.55,Web,0,1,0
476,Free,34,1,0.45,Desktop,30,0,1
477,Premium,192,95,0.3,Desktop,0,1,0
478,Premium,65,7,0.04,Desktop,0,1,0
479,Free,225,60,0.19,Mobile,17,0,1
480,Free,266,2,0.46,Desktop,16,0,1
481,Premium,196,36,0.42,Web,0,1,0
482,Free,294,73,0.28,Mobile,15,0,0
483,Family,38,82,0.31,Desktop,0,1,1
484,Student,123,23,0.31,Desktop,0,1,0
485,Premium,102,95,0.14,Web,0,1,0
486,Premium,43,30,0.32,Desktop,0,1,0
487,Student,112,81,0.07,Mobile,0,1,1
488,Student,150,27,0.1,Desktop,0,1,0
489,Premium,28,41,0.17,Web,0,1,0
490,Student,256,12,0.51,Mobile,0,1,1
491,Premium,205,38,0.38,Web,0,1,0
492,Student,174,85,0.5,Web,0,1,0
493,Student,181,89,0.29,Mobile,0,1,1
494,Student,299,71,0.58,Desktop,0,1,1
495,Student,292,27,0.17,Mobile,0,1,0
496,Premium,141,15,0.45,Web,0,1,0
497,Family,184,14,0.59,Mobile,0,1,0
498,Student,118,13,0.42,Desktop,0,1,0
499,Premium,164,70,0.15,Mobile,0,1,0
500,Free,283,69,0.01,Desktop,35,0,0
501,Student,47,24,0.59,Mobile,0,1,0
502,Student,101,88,0.45,Web,0,1,1
503,Free,270,92,0.38,Web,26,0,0
504,Free,208,18,0.38,Desktop,46,0,0
505,Student,172,21,0.36,Desktop,0,1,0
506,Premium,236,11,0.13,Web,0,1,0
507,Premium,265,25,0.19,Web,0,1,0
508,Free,54,65,0.01,Mobile,35,0,1
509,Family,191,78,0.32,Mobile,0,1,0
510,Family,251,94,0.12,Desktop,0,1,0
511,Premium,260,97,0.25,Desktop,0,1,0
512,Premium,213,64,0.34,Web,0,1,1
513,Family,152,11,0.15,Web,0,1,0
514,Free,226,99,0.05,Desktop,49,0,0
515,Free,115,28,0.09,Desktop,29,0,0
516,Free,55,64,0.07,Web,46,0,1
517,Family,123,18,0.56,Mobile,0,1,0
518,Free,110,42,0.4,Desktop,16,0,1
519,Premium,164,90,0.55,Desktop,0,1,0
520,Premium,185,77,0.54,Desktop,0,1,0
521,Premium,262,5,0.31,Mobile,0,1,0
522,Premium,230,32,0.04,Desktop,0,1,0
523,Student,17,64,0.42,Web,0,1,1
524,Student,274,18,0.03,Desktop,0,1,0
525,Family,75,19,0.28,Mobile,0,1,0
526,Free,250,81,0.27,Desktop,16,0,0
527,Premium,35,61,0.33,Web,0,1,0
528,Premium,33,1,0.08,Web,0,1,1
529,Free,270,39,0.29,Web,30,0,0
530,Student,192,52,0.46,Web,0,1,1
531,Family,195,60,0.26,Desktop,0,1,0
532,Family,288,46,0.05,Web,0,1,0
533,Student,155,84,0.21,Web,0,1,1
534,Family,136,3,0.04,Mobile,0,1,1
535,Premium,137,38,0.02,Desktop,0,1,0
536,Free,111,62,0.47,Web,13,0,1
537,Family,211,72,0.35,Desktop,0,1,0
538,Premium,168,69,0.54,Desktop,0,1,1
539,Student,86,27,0.15,Mobile,0,1,0
540,Premium,219,2,0.04,Mobile,0,1,0
541,Family,66,51,0.3,Mobile,0,1,0
542,Premium,73,97,0.41,Mobile,0,1,1
543,Premium,274,56,0.09,Desktop,0,1,0
544,Family,169,69,0.06,Web,0,1,0
545,Family,88,58,0.33,Web,0,1,0
546,Family,286,87,0.53,Desktop,0,1,0
547,Premium,23,98,0.36,Web,0,1,0
548,Premium,296,69,0.35,Web,0,1,0
549,Student,264,51,0.09,Mobile,0,1,0
550,Family,167,56,0.19,Web,0,1,0
551,Free,87,62,0.12,Web,46,0,0
552,Student,92,70,0.51,Web,0,1,0
553,Student,101,96,0.41,Mobile,0,1,1
554,Student,139,1,0.54,Mobile,0,1,0
555,Family,159,93,0.47,Desktop,0,1,1
556,Premium,229,15,0.56,Mobile,0,1,0
557,Premium,281,63,0.02,Desktop,0,1,0
558,Free,286,44,0.58,Mobile,46,0,0
559,Free,261,12,0.6,Web,47,0,0
560,Premium,295,56,0.17,Web,0,1,0
561,Student,256,51,0.57,Desktop,0,1,0
562,Student,173,27,0.52,Desktop,0,1,0
563,Free,124,49,0.05,Web,22,0,1
564,Premium,230,12,0.11,Mobile,0,1,0
565,Premium,292,21,0.26,Mobile,0,1,0
566,Free,205,25,0.02,Desktop,33,0,0
567,Student,48,61,0.26,Mobile,0,1,0
568,Family,271,6,0.09,Desktop,0,1,0
569,Premium,166,5,0.4,Web,0,1,0
570,Free,285,46,0.4,Web,46,0,0
571,Premium,175,33,0.37,Web,0,1,1
572,Free,205,71,0.28,Mobile,16,0,0
573,Free,101,95,0.17,Web,22,0,0
574,Free,134,80,0.23,Mobile,41,0,0
575,Premium,12,38,0.24,Mobile,0,1,0
576,Family,147,82,0.5,Web,0,1,0
577,Premium,174,8,0.17,Web,0,1,1
578,Premium,86,57,0.26,Mobile,0,1,0
579,Student,99,19,0.01,Mobile,0,1,1
580,Free,78,92,0.26,Web,32,0,0
581,Premium,274,60,0.45,Web,0,1,0
582,Premium,28,53,0.02,Desktop,0,1,0
583,Premium,211,86,0.09,Desktop,0,1,0
584,Student,121,41,0.08,Desktop,0,1,0
585,Student,32,34,0.48,Web,0,1,0
586,Student,246,65,0.6,Web,0,1,1
587,Student,15,15,0.46,Mobile,0,1,0
588,Family,55,10,0.19,Mobile,0,1,0
589,Premium,40,72,0.42,Web,0,1,0
590,Free,143,35,0.08,Mobile,23,0,0
591,Premium,263,74,0.18,Mobile,0,1,0
592,Premium,178,98,0.43,Desktop,0,1,0
593,Premium,30,38,0.16,Mobile,0,1,0
594,Premium,278,29,0.42,Web,0,1,0
595,Premium,230,75,0.29,Mobile,0,1,1
596,Student,215,39,0.4,Desktop,0,1,0
597,Free,196,51,0.35,Web,14,0,0
598,Free,125,94,0.33,Mobile,28,0,0
599,Premium,222,80,0.46,Mobile,0,1,0
600,Premium,233,41,0.14,Mobile,0,1,0
601,Family,177,24,0.01,Web,0,1,0
602,Student,99,9,0.53,Web,0,1,0
603,Student,34,58,0.16,Mobile,0,1,0
604,Free,138,87,0.29,Mobile,31,0,1
605,Student,254,22,0.22,Desktop,0,1,1
606,Family,233,63,0.03,Desktop,0,1,1
607,Student,219,39,0.28,Web,0,1,0
608,Family,91,20,0.56,Web,0,1,0
609,Premium,31,21,0.09,Web,0,1,0
610,Free,205,64,0.24,Desktop,42,0,0
611,Premium,21,91,0.14,Desktop,0,1,0
612,Free,11,52,0.49,Mobile,37,0,1
613,Premium,222,93,0.33,Mobile,0,1,0
614,Family,123,27,0.26,Mobile,0,1,0
615,Student,287,96,0.08,Mobile,0,1,1
616,Family,197,19,0.22,Mobile,0,1,0
617,Premium,267,12,0.48,Web,0,1,1
618,Student,12,62,0.44,Mobile,0,1,0
619,Premium,243,17,0.42,Web,0,1,0
620,Premium,140,28,0.4,Mobile,0,1,0
621,Premium,111,87,0.36,Mobile,0,1,0
622,Premium,238,54,0.3,Desktop,0,1,1
623,Premium,225,40,0.53,Web,0,1,0
624,Premium,214,4,0.25,Web,0,1,0
625,Free,112,1,0.17,Mobile,12,0,0
626,Free,85,98,0.51,Mobile,21,0,0
627,Family,192,7,0.39,Desktop,0,1,0
628,Student,216,27,0.31,Mobile,0,1,0
629,Student,283,88,0.3,Mobile,0,1,0
630,Free,113,88,0.01,Desktop,45,0,0
631,Family,60,15,0.17,Desktop,0,1,0
632,Student,115,84,0.1,Web,0,1,1
633,Premium,180,84,0.35,Desktop,0,1,1
634,Free,290,84,0.05,Desktop,30,0,0
635,Free,106,10,0.19,Mobile,10,0,0
636,Premium,296,79,0.27,Desktop,0,1,0
637,Family,68,8,0.34,Mobile,0,1,0
638,Student,177,34,0.15,Desktop,0,1,0
639,Student,198,17,0.54,Desktop,0,1,0
640,Student,78,68,0.37,Web,0,1,1
641,Student,290,76,0.4,Web,0,1,0
642,Family,36,57,0.02,Web,0,1,0
643,Student,108,14,0.5,Desktop,0,1,0
644,Premium,98,88,0.18,Desktop,0,1,0
645,Free,287,17,0.42,Mobile,40,0,0
646,Student,172,51,0.51,Web,0,1,0
647,Free,89,95,0.36,Desktop,38,0,0
648,Free,200,14,0.28,Desktop,46,0,0
649,Student,289,11,0.55,Mobile,0,1,1
650,Family,23,76,0.58,Desktop,0,1,1
651,Student,170,51,0.53,Mobile,0,1,1
652,Premium,227,48,0.56,Desktop,0,1,0
653,Family,290,66,0.36,Mobile,0,1,0
654,Premium,200,50,0.04,Web,0,1,0
655,Student,34,63,0.39,Desktop,0,1,1
656,Family,105,3,0.01,Mobile,0,1,0
657,Premium,216,31,0.33,Desktop,0,1,1
658,Family,105,55,0.55,Desktop,0,1,0
659,Family,244,64,0.24,Mobile,0,1,0
660,Family,30,41,0.39,Mobile,0,1,0
661,Student,126,34,0.57,Web,0,1,1
662,Student,106,55,0.35,Desktop,0,1,0
663,Free,295,17,0.4,Web,31,0,0
664,Premium,230,52,0.43,Mobile,0,1,0
665,Family,102,74,0.32,Mobile,0,1,0
666,Family,152,55,0.3,Desktop,0,1,0
667,Student,77,80,0.35,Mobile,0,1,0
668,Premium,78,48,0.21,Mobile,0,1,0
669,Free,220,18,0.05,Mobile,18,0,0
670,Free,245,12,0.52,Desktop,48,0,1
671,Free,30,42,0.06,Mobile,44,0,0
672,Student,226,55,0.25,Desktop,0,1,1
673,Free,133,18,0.4,Mobile,11,0,0
674,Family,118,36,0.58,Desktop,0,1,0
675,Premium,115,61,0.31,Desktop,0,1,0
676,Premium,155,80,0.07,Mobile,0,1,0
677,Premium,125,65,0.37,Web,0,1,0
678,Family,190,5,0.58,Desktop,0,1,0
679,Premium,164,33,0.34,Desktop,0,1,1
680,Family,126,49,0.45,Desktop,0,1,0
681,Free,272,8,0.32,Mobile,44,0,0
682,Family,263,79,0.58,Web,0,1,1
683,Student,127,4,0.0,Web,0,1,0
684,Free,281,21,0.12,Mobile,42,0,0
685,Free,210,64,0.56,Web,13,0,0
686,Premium,206,27,0.41,Web,0,1,0
687,Family,285,82,0.57,Mobile,0,1,0
688,Premium,29,18,0.42,Web,0,1,1
689,Student,67,87,0.28,Desktop,0,1,0
690,Free,252,44,0.34,Mobile,24,0,0
691,Student,291,97,0.24,Mobile,0,1,0
692,Student,136,57,0.47,Mobile,0,1,0
693,Premium,154,52,0.32,Web,0,1,0
694,Family,279,67,0.4,Desktop,0,1,0
695,Premium,199,85,0.19,Desktop,0,1,0
696,Free,30,66,0.35,Mobile,31,0,0
697,Family,158,2,0.34,Desktop,0,1,0
698,Student,83,10,0.33,Mobile,0,1,0
699,Premium,161,23,0.45,Web,0,1,1
700,Premium,183,20,0.21,Mobile,0,1,0
701,Student,131,47,0.06,Mobile,0,1,0
702,Premium,126,52,0.22,Web,0,1,1
703,Family,282,22,0.19,Mobile,0,1,1
704,Premium,240,46,0.11,Mobile,0,1,1
705,Student,169,52,0.1,Mobile,0,1,1
706,Student,238,61,0.09,Web,0,1,0
707,Family,276,17,0.4,Mobile,0,1,0
708,Student,101,8,0.43,Web,0,1,0
709,Family,176,20,0.05,Web,0,1,1
710,Premium,161,84,0.08,Mobile,0,1,0
711,Student,153,24,0.29,Desktop,0,1,0
712,Family,199,52,0.22,Web,0,1,0
713,Free,252,58,0.41,Web,28,0,0
714,Free,79,5,0.37,Mobile,7,0,0
715,Premium,15,11,0.49,Desktop,0,1,0
716,Student,73,81,0.1,Mobile,0,1,0
717,Family,20,16,0.1,Mobile,0,1,0
718,Student,141,49,0.54,Web,0,1,0
719,Free,250,72,0.12,Web,40,0,1
720,Premium,191,45,0.01,Mobile,0,1,0
721,Free,157,48,0.44,Mobile,18,0,1
722,Student,53,28,0.08,Web,0,1,0
723,Student,64,70,0.05,Web,0,1,1
724,Family,160,17,0.5,Desktop,0,1,0
725,Student,227,39,0.44,Web,0,1,0
726,Premium,183,58,0.0,Desktop,0,1,0
727,Free,186,46,0.07,Mobile,30,0,0
728,Premium,176,37,0.29,Web,0,1,1
729,Premium,274,54,0.6,Desktop,0,1,0
730,Student,183,65,0.52,Desktop,0,1,0
731,Family,293,47,0.06,Desktop,0,1,0
732,Family,70,51,0.45,Mobile,0,1,0
733,Premium,64,85,0.16,Web,0,1,0
734,Student,291,75,0.33,Desktop,0,1,0
735,Premium,218,60,0.06,Desktop,0,1,0
736,Student,211,76,0.52,Mobile,0,1,0
737,Family,126,90,0.03,Web,0,1,0
738,Premium,231,59,0.12,Web,0,1,0
739,Family,290,16,0.17,Mobile,0,1,0
740,Free,77,85,0.0,Web,46,0,0
741,Premium,154,29,0.34,Mobile,0,1,0
742,Student,105,48,0.38,Mobile,0,1,1
743,Student,113,65,0.38,Mobile,0,1,0
744,Premium,174,11,0.29,Mobile,0,1,0
745,Premium,32,59,0.02,Mobile,0,1,0
746,Premium,271,99,0.34,Web,0,1,0
747,Premium,97,26,0.44,Desktop,0,1,0
748,Student,266,90,0.06,Desktop,0,1,0
749,Free,276,11,0.13,Desktop,9,0,0
750,Family,81,16,0.37,Desktop,0,1,0
751,Family,116,39,0.44,Desktop,0,1,1
752,Family,251,63,0.34,Web,0,1,0
753,Student,270,67,0.22,Web,0,1,0
754,Premium,246,37,0.17,Mobile,0,1,1
755,Free,100,8,0.02,Mobile,45,0,0
756,Free,206,27,0.42,Desktop,49,0,0
757,Family,81,90,0.19,Desktop,0,1,0
758,Family,26,42,0.19,Mobile,0,1,0
759,Student,208,67,0.06,Desktop,0,1,0
760,Student,295,93,0.13,Mobile,0,1,1
761,Family,13,89,0.16,Desktop,0,1,0
762,Premium,120,68,0.34,Desktop,0,1,0
763,Free,125,77,0.26,Desktop,18,0,0
764,Premium,104,74,0.57,Mobile,0,1,1
765,Premium,225,94,0.01,Desktop,0,1,1
766,Family,261,15,0.17,Mobile,0,1,0
767,Premium,79,2,0.22,Desktop,0,1,0
768,Premium,240,39,0.23,Web,0,1,0
769,Family,28,62,0.04,Web,0,1,0
770,Premium,91,37,0.34,Desktop,0,1,0
771,Premium,212,66,0.27,Mobile,0,1,1
772,Premium,172,69,0.41,Desktop,0,1,0
773,Family,55,37,0.5,Desktop,0,1,0
774,Student,130,46,0.26,Desktop,0,1,0
775,Family,97,57,0.43,Mobile,0,1,0
776,Family,71,15,0.58,Mobile,0,1,1
777,Family,18,3,0.36,Web,0,1,0
778,Family,212,7,0.58,Mobile,0,1,0
779,Family,14,49,0.5,Desktop,0,1,0
780,Free,213,1,0.35,Desktop,5,0,1
781,Student,207,62,0.23,Desktop,0,1,0
782,Premium,71,53,0.54,Web,0,1,0
783,Premium,36,2,0.52,Web,0,1,0
784,Premium,120,84,0.5,Web,0,1,0
785,Premium,272,71,0.15,Mobile,0,1,1
786,Premium,212,43,0.05,Web,0,1,0
787,Free,193,94,0.18,Mobile,17,0,0
788,Premium,150,74,0.01,Desktop,0,1,1
789,Student,213,20,0.5,Web,0,1,0
790,Student,293,15,0.39,Web,0,1,1
791,Family,80,13,0.56,Web,0,1,0
792,Student,222,73,0.17,Mobile,0,1,1
793,Family,100,16,0.3,Desktop,0,1,1
794,Family,185,79,0.37,Web,0,1,0
795,Student,94,57,0.18,Mobile,0,1,0
796,Family,47,19,0.05,Desktop,0,1,0
797,Premium,173,95,0.44,Web,0,1,0
798,Premium,185,6,0.18,Desktop,0,1,0
799,Student,175,17,0.33,Web,0,1,0
800,Student,134,6,0.51,Desktop,0,1,0
801,Premium,253,15,0.54,Desktop,0,1,1
802,Premium,161,56,0.6,Desktop,0,1,0
803,Family,47,59,0.09,Web,0,1,1
804,Premium,286,72,0.14,Web,0,1,0
805,Student,194,12,0.02,Desktop,0,1,0
806,Student,87,39,0.5,Web,0,1,0
807,Family,92,65,0.04,Mobile,0,1,0
808,Premium,242,7,0.04,Web,0,1,0
809,Free,26,2,0.58,Web,35,0,1
810,Family,255,36,0.09,Desktop,0,1,0
811,Family,204,21,0.3,Mobile,0,1,0
812,Premium,62,25,0.25,Mobile,0,1,1
813,Student,19,68,0.1,Desktop,0,1,0
814,Free,197,33,0.17,Web,41,0,0
815,Family,49,21,0.22,Desktop,0,1,0
816,Free,87,60,0.34,Desktop,41,0,0
817,Family,39,24,0.16,Web,0,1,1
818,Premium,24,73,0.07,Desktop,0,1,0
819,Premium,162,52,0.25,Web,0,1,1
820,Family,61,20,0.05,Mobile,0,1,0
821,Student,138,67,0.3,Web,0,1,1
822,Free,181,81,0.12,Mobile,43,0,0
823,Student,37,33,0.11,Mobile,0,1,0
824,Premium,146,57,0.36,Desktop,0,1,1
825,Family,82,95,0.46,Desktop,0,1,0
826,Family,82,93,0.05,Mobile,0,1,0
827,Family,194,66,0.43,Mobile,0,1,1
828,Student,61,15,0.56,Web,0,1,0
829,Premium,191,10,0.21,Desktop,0,1,1
830,Family,107,13,0.55,Web,0,1,0
831,Student,293,55,0.52,Desktop,0,1,0
832,Premium,64,83,0.18,Desktop,0,1,1
833,Family,262,20,0.37,Desktop,0,1,0
834,Family,172,8,0.4,Mobile,0,1,0
835,Family,206,5,0.1,Desktop,0,1,0
836,Free,250,80,0.27,Web,12,0,0
837,Free,118,77,0.57,Web,43,0,0
838,Student,173,28,0.42,Desktop,0,1,0
839,Premium,85,53,0.06,Mobile,0,1,0
840,Premium,130,78,0.47,Mobile,0,1,1
841,Free,162,4,0.49,Web,5,0,0
842,Student,192,90,0.56,Web,0,1,1
843,Premium,80,58,0.18,Desktop,0,1,0
844,Family,13,44,0.12,Mobile,0,1,0
845,Premium,45,61,0.34,Web,0,1,1
846,Family,71,95,0.18,Mobile,0,1,0
847,Family,84,83,0.04,Web,0,1,0
848,Student,226,92,0.04,Mobile,0,1,0
849,Premium,74,66,0.02,Desktop,0,1,0
850,Family,22,58,0.03,Mobile,0,1,1
851,Student,106,8,0.52,Mobile,0,1,0
852,Family,174,49,0.57,Mobile,0,1,0
853,Family,297,18,0.22,Web,0,1,0
854,Free,48,26,0.56,Mobile,5,0,0
855,Free,89,5,0.39,Web,30,0,0
856,Premium,204,47,0.11,Desktop,0,1,0
857,Premium,286,61,0.02,Desktop,0,1,1
858,Premium,163,54,0.42,Desktop,0,1,0
859,Premium,95,13,0.23,Mobile,0,1,1
860,Premium,14,88,0.03,Desktop,0,1,0
861,Student,252,60,0.31,Web,0,1,0
862,Student,196,6,0.29,Desktop,0,1,0
863,Student,250,12,0.56,Web,0,1,0
864,Family,299,67,0.38,Web,0,1,0
865,Student,18,12,0.38,Mobile,0,1,0
866,Free,58,61,0.26,Desktop,14,0,0
867,Family,73,7,0.12,Desktop,0,1,1
868,Free,239,17,0.25,Web,28,0,1
869,Student,107,38,0.36,Mobile,0,1,0
870,Free,230,13,0.24,Mobile,46,0,1
871,Free,119,67,0.08,Mobile,11,0,0
872,Student,296,56,0.12,Mobile,0,1,1
873,Free,132,31,0.22,Desktop,6,0,0
874,Free,251,30,0.29,Desktop,37,0,0
875,Premium,276,32,0.35,Mobile,0,1,0
876,Premium,180,40,0.28,Web,0,1,0
877,Premium,63,37,0.15,Desktop,0,1,1
878,Free,221,6,0.48,Mobile,21,0,1
879,Student,235,78,0.6,Web,0,1,1
880,Premium,207,5,0.3,Desktop,0,1,0
881,Student,171,78,0.19,Mobile,0,1,0
882,Family,108,52,0.11,Mobile,0,1,1
883,Student,119,51,0.1,Web,0,1,0
884,Premium,187,13,0.42,Mobile,0,1,0
885,Family,140,52,0.36,Desktop,0,1,0
886,Free,51,99,0.55,Web,8,0,1
887,Premium,224,78,0.23,Desktop,0,1,1
888,Premium,111,49,0.12,Desktop,0,1,0
889,Premium,253,19,0.18,Desktop,0,1,0
890,Free,246,27,0.41,Web,24,0,0
891,Free,26,59,0.25,Desktop,5,0,0
892,Free,134,79,0.16,Mobile,31,0,0
893,Student,113,50,0.51,Web,0,1,0
894,Free,288,13,0.59,Desktop,39,0,1
895,Family,266,71,0.31,Web,0,1,0
896,Premium,214,25,0.3,Desktop,0,1,0
897,Student,247,87,0.14,Web,0,1,0
898,Student,236,9,0.6,Web,0,1,1
899,Family,217,42,0.13,Mobile,0,1,0
900,Student,33,67,0.12,Desktop,0,1,1
901,Premium,118,50,0.26,Desktop,0,1,0
902,Premium,50,82,0.14,Web,0,1,0
903,Free,206,97,0.39,Desktop,38,0,1
904,Family,149,17,0.12,Mobile,0,1,0
905,Student,273,12,0.31,Mobile,0,1,1
906,Free,183,71,0.1,Mobile,22,0,0
907,Free,212,90,0.22,Mobile,14,0,0
908,Premium,63,75,0.46,Mobile,0,1,1
909,Free,210,48,0.25,Desktop,21,0,0
910,Free,128,5,0.25,Web,7,0,0
911,Premium,114,27,0.44,Desktop,0,1,0
912,Family,138,47,0.56,Desktop,0,1,1
913,Student,233,57,0.59,Web,0,1,0
914,Free,254,75,0.56,Web,31,0,0
915,Student,270,29,0.13,Web,0,1,0
916,Premium,267,26,0.21,Mobile,0,1,1
917,Family,160,16,0.5,Mobile,0,1,1
918,Premium,271,34,0.28,Web,0,1,1
919,Free,170,8,0.29,Desktop,46,0,0
920,Free,208,49,0.3,Mobile,45,0,0
921,Premium,224,99,0.3,Web,0,1,1
922,Student,275,34,0.13,Mobile,0,1,0
923,Free,243,48,0.6,Desktop,33,0,1
924,Family,221,45,0.49,Desktop,0,1,0
925,Free,271,94,0.52,Desktop,31,0,1
926,Premium,275,23,0.25,Web,0,1,0
927,Premium,269,43,0.19,Web,0,1,0
928,Student,236,70,0.02,Web,0,1,1
929,Premium,246,52,0.35,Desktop,0,1,0
930,Family,222,13,0.31,Web,0,1,0
931,Family,112,24,0.48,Web,0,1,1
932,Premium,18,73,0.22,Mobile,0,1,0
933,Premium,109,11,0.2,Web,0,1,0
934,Student,246,2,0.23,Web,0,1,0
935,Premium,102,50,0.48,Desktop,0,1,0
936,Student,180,63,0.57,Web,0,1,0
937,Family,16,51,0.41,Desktop,0,1,0
938,Family,155,98,0.48,Mobile,0,1,1
939,Free,287,79,0.13,Desktop,24,0,1
940,Free,67,67,0.13,Web,44,0,0
941,Student,241,7,0.14,Web,0,1,0
942,Premium,105,13,0.29,Desktop,0,1,0
943,Family,65,83,0.08,Web,0,1,0
944,Premium,102,60,0.59,Web,0,1,1
945,Student,198,81,0.49,Desktop,0,1,0
946,Student,156,16,0.14,Mobile,0,1,0
947,Premium,266,51,0.32,Mobile,0,1,1
948,Student,33,21,0.16,Web,0,1,1
949,Premium,42,79,0.51,Mobile,0,1,0
950,Family,34,18,0.06,Mobile,0,1,0
951,Student,234,90,0.13,Mobile,0,1,1
952,Family,44,40,0.01,Desktop,0,1,0
953,Family,273,50,0.36,Desktop,0,1,0
954,Family,28,82,0.06,Desktop,0,1,0
955,Student,46,17,0.17,Mobile,0,1,0
956,Family,291,5,0.1,Mobile,0,1,1
957,Family,174,74,0.16,Web,0,1,1
958,Family,255,92,0.44,Desktop,0,1,0
959,Premium,157,32,0.42,Desktop,0,1,0
960,Family,281,16,0.36,Web,0,1,0
961,Free,102,71,0.34,Web,20,0,0
962,Premium,184,33,0.35,Desktop,0,1,0
963,Premium,173,48,0.57,Web,0,1,0
964,Free,266,33,0.23,Desktop,32,0,1
965,Free,236,34,0.38,Mobile,47,0,0
966,Student,35,82,0.2,Web,0,1,0
967,Family,192,18,0.54,Web,0,1,1
968,Family,99,63,0.56,Desktop,0,1,0
969,Premium,100,31,0.07,Mobile,0,1,0
970,Premium,164,42,0.38,Mobile,0,1,0
971,Free,30,29,0.03,Mobile,46,0,0
972,Free,121,14,0.41,Desktop,37,0,0
973,Family,166,80,0.29,Web,0,1,1
974,Free,272,20,0.17,Desktop,11,0,0
975,Student,160,56,0.11,Desktop,0,1,0
976,Premium,96,53,0.44,Web,0,1,0
977,Free,125,30,0.25,Desktop,25,0,0
978,Premium,219,54,0.21,Web,0,1,1
979,Premium,115,19,0.25,Web,0,1,1
980,Family,128,60,0.1,Mobile,0,1,0
981,Premium,257,34,0.0,Mobile,0,1,0
982,Student,48,5,0.44,Web,0,1,0
983,Family,274,96,0.57,Mobile,0,1,0
984,Premium,75,4,0.04,Web,0,1,0
985,Free,287,94,0.5,Mobile,28,0,0
986,Free,58,3,0.22,Desktop,20,0,1
987,Free,195,27,0.11,Desktop,31,0,0
988,Premium,119,98,0.51,Desktop,0,1,0
989,Free,248,79,0.37,Mobile,16,0,0
990,Free,212,50,0.44,Desktop,39,0,1
991,Premium,296,10,0.21,Desktop,0,1,0
992,Free,197,77,0.43,Mobile,27,0,1
993,Premium,245,60,0.35,Desktop,0,1,0
994,Premium,159,52,0.09,Web,0,1,0
995,Free,252,98,0.48,Web,19,0,0
996,Free,142,46,0.45,Web,40,0,0
997,Family,43,11,0.36,Mobile,0,1,1
998,Premium,56,14,0.44,Desktop,0,1,1
999,Student,56,54,0.54,Web,0,1,1
1000,Student,174,41,0.46,Desktop,0,1,0
1001,Premium,292,54,0.26,Mobile,0,1,0
1002,Student,216,74,0.25,Mobile,0,1,0
1003,Student,272,21,0.57,Web,0,1,0
1004,Free,31,15,0.01,Mobile,38,0,0
1005,Student,16,24,0.36,Mobile,0,1,1
1006,Family,68,90,0.0,Mobile,0,1,0
1007,Student,255,68,0.19,Web,0,1,0
1008,Premium,137,43,0.31,Desktop,0,1,0
1009,Family,86,17,0.12,Mobile,0,1,1
1010,Student,275,25,0.6,Web,0,1,1
1011,Free,125,63,0.59,Web,12,0,0
1012,Family,26,68,0.34,Mobile,0,1,0
1013,Family,237,38,0.07,Desktop,0,1,1
1014,Family,258,20,0.51,Mobile,0,1,1
1015,Student,290,42,0.18,Mobile,0,1,0
1016,Free,29,35,0.46,Web,9,0,0
1017,Free,224,4,0.04,Web,13,0,0
1018,Family,199,35,0.51,Mobile,0,1,0
1019,Premium,34,42,0.15,Web,0,1,0
1020,Student,73,58,0.49,Mobile,0,1,1
1021,Free,140,40,0.27,Web,32,0,0
1022,Student,263,60,0.02,Web,0,1,1
1023,Premium,193,53,0.12,Mobile,0,1,0
1024,Premium,289,82,0.35,Mobile,0,1,0
1025,Free,211,86,0.48,Web,7,0,0
1026,Family,110,58,0.12,Desktop,0,1,0
1027,Family,52,32,0.21,Mobile,0,1,1
1028,Premium,81,23,0.1,Mobile,0,1,0
1029,Premium,237,18,0.18,Web,0,1,0
1030,Family,88,88,0.06,Desktop,0,1,0
1031,Free,10,57,0.05,Web,5,0,0
1032,Family,255,3,0.13,Desktop,0,1,0
1033,Family,276,4,0.49,Web,0,1,0
1034,Free,291,45,0.35,Web,10,0,0
1035,Premium,272,53,0.45,Web,0,1,0
1036,Free,254,74,0.6,Mobile,34,0,0
1037,Free,78,95,0.43,Desktop,26,0,0
1038,Student,78,9,0.21,Desktop,0,1,0
1039,Student,228,27,0.42,Desktop,0,1,0
1040,Premium,38,92,0.28,Mobile,0,1,0
1041,Family,131,41,0.36,Web,0,1,0
1042,Premium,273,21,0.31,Mobile,0,1,0
1043,Premium,161,4,0.03,Desktop,0,1,0
1044,Free,154,4,0.39,Mobile,14,0,1
1045,Premium,49,12,0.5,Desktop,0,1,0
1046,Premium,32,84,0.24,Mobile,0,1,0
1047,Student,83,34,0.55,Desktop,0,1,0
1048,Free,59,26,0.37,Mobile,8,0,0
1049,Premium,67,83,0.16,Desktop,0,1,0
1050,Free,280,56,0.01,Mobile,35,0,0
1051,Student,85,41,0.34,Web,0,1,0
1052,Family,169,6,0.32,Mobile,0,1,0
1053,Free,185,14,0.43,Mobile,30,0,0
1054,Free,37,71,0.51,Mobile,41,0,1
1055,Student,153,88,0.49,Web,0,1,1
1056,Family,221,96,0.37,Mobile,0,1,0
1057,Free,169,90,0.59,Desktop,33,0,0
1058,Free,79,14,0.34,Desktop,40,0,0
1059,Student,44,41,0.31,Mobile,0,1,1
1060,Family,204,19,0.42,Web,0,1,0
1061,Family,181,75,0.58,Mobile,0,1,0
1062,Student,57,12,0.14,Mobile,0,1,0
1063,Student,53,23,0.44,Mobile,0,1,0
1064,Premium,201,54,0.41,Mobile,0,1,1
1065,Premium,74,27,0.22,Mobile,0,1,0
1066,Free,95,50,0.26,Mobile,39,0,0
1067,Free,282,58,0.06,Desktop,15,0,1
1068,Family,54,79,0.23,Desktop,0,1,0
1069,Student,58,24,0.47,Web,0,1,0
1070,Family,219,25,0.06,Desktop,0,1,1
1071,Premium,178,14,0.35,Web,0,1,0
1072,Student,282,15,0.22,Mobile,0,1,0
1073,Student,243,9,0.02,Web,0,1,0
1074,Family,175,20,0.41,Mobile,0,1,0
1075,Free,246,13,0.03,Web,13,0,1
1076,Premium,277,45,0.29,Web,0,1,0
1077,Family,69,8,0.57,Mobile,0,1,1
1078,Family,182,69,0.17,Mobile,0,1,0
1079,Student,176,57,0.11,Mobile,0,1,0
1080,Family,47,86,0.15,Mobile,0,1,0
1081,Family,256,20,0.46,Desktop,0,1,0
1082,Student,74,86,0.54,Desktop,0,1,0
1083,Student,111,19,0.06,Desktop,0,1,0
1084,Free,50,39,0.31,Web,13,0,0
1085,Free,17,55,0.58,Mobile,49,0,1
1086,Student,85,75,0.15,Mobile,0,1,0
1087,Family,177,79,0.38,Desktop,0,1,1
1088,Student,288,64,0.0,Web,0,1,1
1089,Premium,299,93,0.58,Web,0,1,0
1090,Family,242,19,0.4,Desktop,0,1,0
1091,Family,113,33,0.04,Desktop,0,1,1
1092,Student,24,60,0.57,Mobile,0,1,0
1093,Free,70,56,0.37,Desktop,14,0,0
1094,Student,194,62,0.04,Mobile,0,1,1
1095,Free,232,80,0.25,Web,45,0,0
1096,Family,52,7,0.45,Web,0,1,0
1097,Premium,186,2,0.36,Mobile,0,1,0
1098,Student,235,99,0.42,Mobile,0,1,0
1099,Free,175,12,0.54,Desktop,30,0,0
1100,Student,182,62,0.13,Desktop,0,1,1
1101,Premium,244,14,0.2,Web,0,1,0
1102,Family,240,47,0.16,Desktop,0,1,0
1103,Student,217,27,0.38,Desktop,0,1,0
1104,Family,106,5,0.28,Desktop,0,1,1
1105,Student,125,11,0.57,Desktop,0,1,1
1106,Free,298,30,0.42,Web,33,0,0
1107,Family,254,64,0.39,Web,0,1,0
1108,Premium,195,39,0.36,Desktop,0,1,0
1109,Family,101,64,0.41,Web,0,1,0
1110,Family,32,42,0.52,Desktop,0,1,1
1111,Free,288,40,0.16,Web,44,0,1
1112,Free,262,41,0.17,Mobile,37,0,0
1113,Student,83,6,0.03,Mobile,0,1,0
1114,Student,255,34,0.02,Desktop,0,1,1
1115,Family,47,85,0.42,Web,0,1,0
1116,Free,180,93,0.6,Desktop,14,0,0
1117,Student,232,71,0.23,Mobile,0,1,0
1118,Student,246,47,0.28,Web,0,1,1
1119,Student,11,74,0.47,Mobile,0,1,0
1120,Family,164,84,0.02,Desktop,0,1,1
1121,Free,284,14,0.5,Desktop,10,0,0
1122,Premium,259,39,0.39,Mobile,0,1,1
1123,Student,226,82,0.53,Desktop,0,1,0
1124,Premium,111,42,0.54,Web,0,1,0
1125,Free,146,68,0.16,Web,12,0,1
1126,Free,129,5,0.02,Desktop,25,0,0
1127,Student,241,68,0.22,Mobile,0,1,0
1128,Free,144,75,0.2,Web,26,0,0
1129,Free,284,57,0.14,Desktop,41,0,1
1130,Student,241,93,0.17,Web,0,1,1
1131,Premium,290,14,0.33,Mobile,0,1,0
1132,Student,137,39,0.49,Web,0,1,0
1133,Premium,187,60,0.14,Web,0,1,0
1134,Family,36,14,0.6,Web,0,1,0
1135,Family,106,5,0.55,Web,0,1,1
1136,Family,211,10,0.6,Mobile,0,1,0
1137,Family,64,88,0.24,Web,0,1,0
1138,Premium,49,75,0.36,Desktop,0,1,0
1139,Student,68,82,0.57,Web,0,1,1
1140,Student,268,58,0.59,Web,0,1,0
1141,Premium,118,67,0.57,Mobile,0,1,0
1142,Free,200,50,0.33,Desktop,40,0,0
1143,Free,13,96,0.05,Mobile,30,0,0
1144,Student,150,22,0.47,Mobile,0,1,0
1145,Family,43,7,0.04,Mobile,0,1,0
1146,Premium,298,12,0.59,Web,0,1,0
1147,Free,156,32,0.29,Desktop,33,0,0
1148,Family,27,72,0.01,Desktop,0,1,0
1149,Free,243,43,0.13,Desktop,10,0,0
1150,Family,282,48,0.57,Mobile,0,1,1
1151,Family,274,97,0.22,Web,0,1,0
1152,Family,253,50,0.25,Web,0,1,0
1153,Student,276,18,0.15,Web,0,1,1
1154,Free,65,74,0.1,Web,28,0,0
1155,Free,12,99,0.17,Desktop,33,0,0
1156,Student,172,81,0.18,Web,0,1,0
1157,Family,183,1,0.17,Mobile,0,1,1
1158,Family,81,80,0.57,Mobile,0,1,0
1159,Student,214,94,0.28,Mobile,0,1,0
1160,Family,29,30,0.25,Web,0,1,0
1161,Premium,284,96,0.53,Web,0,1,0
1162,Student,257,91,0.48,Web,0,1,0
1163,Student,61,92,0.57,Web,0,1,0
1164,Student,53,25,0.06,Web,0,1,1
1165,Premium,293,76,0.31,Mobile,0,1,0
1166,Free,205,47,0.54,Web,15,0,0
1167,Premium,209,22,0.33,Web,0,1,0
1168,Student,242,28,0.43,Mobile,0,1,0
1169,Premium,88,48,0.15,Mobile,0,1,0
1170,Premium,99,67,0.26,Desktop,0,1,0
1171,Family,179,74,0.45,Desktop,0,1,0
1172,Family,174,66,0.56,Desktop,0,1,1
1173,Student,84,96,0.4,Mobile,0,1,0
1174,Student,275,78,0.11,Mobile,0,1,0
1175,Free,272,59,0.53,Web,21,0,0
1176,Student,252,72,0.4,Mobile,0,1,0
1177,Student,273,81,0.6,Mobile,0,1,0
1178,Premium,198,51,0.45,Desktop,0,1,0
1179,Premium,172,49,0.56,Desktop,0,1,0
1180,Student,33,87,0.54,Web,0,1,1
1181,Premium,19,73,0.25,Desktop,0,1,0
1182,Student,254,46,0.45,Web,0,1,0
1183,Free,166,19,0.34,Desktop,36,0,0
1184,Student,215,89,0.45,Desktop,0,1,0
1185,Family,73,27,0.39,Mobile,0,1,1
1186,Family,247,30,0.42,Desktop,0,1,1
1187,Free,194,56,0.16,Web,13,0,0
1188,Student,193,55,0.0,Mobile,0,1,1
1189,Student,31,28,0.01,Desktop,0,1,0
1190,Family,135,49,0.35,Desktop,0,1,1
1191,Student,99,67,0.26,Mobile,0,1,1
1192,Family,260,42,0.43,Web,0,1,0
1193,Premium,76,26,0.04,Desktop,0,1,0
1194,Student,221,41,0.35,Mobile,0,1,0
1195,Free,59,46,0.42,Mobile,5,0,0
1196,Family,80,50,0.32,Desktop,0,1,0
1197,Premium,295,99,0.54,Web,0,1,1
1198,Family,292,71,0.42,Web,0,1,0
1199,Family,133,74,0.21,Mobile,0,1,0
1200,Premium,191,88,0.52,Mobile,0,1,0
1201,Free,41,79,0.05,Mobile,39,0,1
1202,Premium,57,8,0.57,Desktop,0,1,0
1203,Free,251,27,0.52,Web,42,0,1
1204,Premium,22,80,0.45,Desktop,0,1,0
1205,Free,32,62,0.19,Desktop,40,0,1
1206,Free,227,4,0.02,Web,32,0,0
1207,Family,228,20,0.32,Mobile,0,1,1
1208,Free,131,72,0.57,Mobile,37,0,0
1209,Free,96,67,0.27,Desktop,38,0,0
1210,Family,10,97,0.16,Desktop,0,1,0
1211,Family,57,31,0.03,Web,0,1,0
1212,Premium,51,30,0.03,Desktop,0,1,1
1213,Premium,51,78,0.06,Desktop,0,1,1
1214,Student,47,80,0.44,Mobile,0,1,0
1215,Family,120,52,0.32,Desktop,0,1,0
1216,Family,101,32,0.17,Desktop,0,1,0
1217,Premium,240,48,0.5,Web,0,1,0
1218,Family,89,25,0.35,Web,0,1,0
1219,Free,45,61,0.37,Desktop,36,0,0
1220,Free,289,49,0.06,Web,47,0,0
1221,Free,280,74,0.39,Mobile,6,0,1
1222,Family,290,82,0.44,Desktop,0,1,1
1223,Family,100,26,0.06,Mobile,0,1,1
1224,Student,22,35,0.24,Mobile,0,1,1
1225,Family,13,15,0.05,Web,0,1,0
1226,Student,245,71,0.37,Desktop,0,1,1
1227,Family,162,4,0.24,Web,0,1,0
1228,Family,249,93,0.21,Desktop,0,1,0
1229,Free,218,6,0.13,Web,38,0,0
1230,Family,22,87,0.27,Mobile,0,1,0
1231,Free,269,82,0.42,Desktop,5,0,1
1232,Student,172,55,0.27,Desktop,0,1,0
1233,Family,10,36,0.04,Desktop,0,1,0
1234,Premium,93,28,0.45,Mobile,0,1,1
1235,Free,272,38,0.34,Mobile,20,0,0
1236,Family,53,82,0.48,Mobile,0,1,0
1237,Free,59,30,0.1,Web,44,0,0
1238,Premium,20,72,0.25,Mobile,0,1,0
1239,Premium,247,41,0.33,Desktop,0,1,0
1240,Premium,220,97,0.05,Desktop,0,1,0
1241,Premium,70,85,0.46,Mobile,0,1,0
1242,Premium,154,48,0.23,Desktop,0,1,0
1243,Premium,234,6,0.52,Desktop,0,1,1
1244,Free,158,95,0.13,Desktop,10,0,0
1245,Family,35,3,0.09,Desktop,0,1,1
1246,Free,233,80,0.16,Desktop,36,0,0
1247,Free,177,27,0.3,Web,22,0,1
1248,Free,193,28,0.55,Web,19,0,0
1249,Family,67,38,0.06,Mobile,0,1,1
1250,Premium,244,4,0.37,Mobile,0,1,0
1251,Student,111,92,0.36,Desktop,0,1,1
1252,Free,281,1,0.1,Web,47,0,0
1253,Free,222,74,0.49,Web,34,0,0
1254,Family,142,98,0.28,Desktop,0,1,1
1255,Family,188,10,0.33,Desktop,0,1,0
1256,Student,11,3,0.48,Desktop,0,1,1
1257,Premium,221,53,0.01,Mobile,0,1,1
1258,Student,76,9,0.11,Web,0,1,0
1259,Free,166,55,0.28,Web,32,0,0
1260,Free,180,91,0.37,Web,7,0,0
1261,Free,298,88,0.14,Mobile,37,0,0
1262,Free,71,85,0.4,Web,40,0,1
1263,Student,115,23,0.34,Desktop,0,1,0
1264,Family,193,66,0.22,Mobile,0,1,0
1265,Free,242,37,0.2,Web,34,0,0
1266,Premium,12,81,0.3,Mobile,0,1,0
1267,Student,116,40,0.01,Desktop,0,1,0
1268,Family,213,38,0.55,Desktop,0,1,1
1269,Free,246,46,0.13,Mobile,18,0,0
1270,Free,48,31,0.48,Desktop,44,0,0
1271,Family,133,19,0.12,Web,0,1,0
1272,Student,207,75,0.04,Web,0,1,0
1273,Free,180,7,0.44,Desktop,44,0,0
1274,Premium,79,74,0.05,Desktop,0,1,0
1275,Premium,294,74,0.36,Web,0,1,0
1276,Premium,118,39,0.01,Web,0,1,0
1277,Premium,205,53,0.42,Mobile,0,1,1
1278,Free,84,83,0.2,Web,7,0,0
1279,Premium,296,98,0.03,Mobile,0,1,0
1280,Student,281,27,0.08,Desktop,0,1,1
1281,Free,63,90,0.32,Web,49,0,1
1282,Free,219,71,0.2,Desktop,26,0,0
1283,Premium,63,73,0.1,Web,0,1,0
1284,Family,261,55,0.15,Mobile,0,1,0
1285,Free,243,36,0.29,Desktop,32,0,1
1286,Premium,110,78,0.42,Web,0,1,0
1287,Student,41,98,0.04,Web,0,1,0
1288,Premium,140,79,0.13,Web,0,1,0
1289,Student,178,97,0.52,Desktop,0,1,0
1290,Student,179,13,0.43,Mobile,0,1,0
1291,Free,168,85,0.43,Mobile,39,0,0
1292,Premium,90,7,0.56,Web,0,1,0
1293,Free,296,90,0.15,Web,26,0,1
1294,Free,268,41,0.2,Web,38,0,1
1295,Free,80,39,0.31,Desktop,43,0,1
1296,Free,199,59,0.06,Desktop,32,0,0
1297,Student,116,37,0.44,Mobile,0,1,0
1298,Family,198,87,0.27,Web,0,1,0
1299,Family,201,31,0.17,Web,0,1,1
1300,Student,80,27,0.1,Web,0,1,0
1301,Student,222,90,0.58,Web,0,1,0
1302,Student,36,47,0.4,Web,0,1,1
1303,Premium,113,92,0.04,Mobile,0,1,0
1304,Family,149,96,0.28,Desktop,0,1,0
1305,Free,34,50,0.15,Mobile,27,0,0
1306,Free,20,68,0.0,Mobile,45,0,0
1307,Free,198,46,0.49,Mobile,42,0,0
1308,Free,265,26,0.5,Desktop,14,0,0
1309,Premium,149,38,0.04,Desktop,0,1,0
1310,Family,217,72,0.13,Web,0,1,0
1311,Premium,54,24,0.56,Mobile,0,1,1
1312,Student,278,12,0.18,Web,0,1,1
1313,Free,99,43,0.04,Web,19,0,0
1314,Free,89,4,0.24,Web,27,0,1
1315,Family,245,65,0.57,Mobile,0,1,0
1316,Student,252,17,0.51,Mobile,0,1,0
1317,Premium,11,59,0.42,Web,0,1,1
1318,Student,29,2,0.27,Mobile,0,1,0
1319,Family,78,95,0.15,Web,0,1,1
1320,Free,199,95,0.47,Web,49,0,0
1321,Free,238,34,0.18,Desktop,32,0,0
1322,Premium,231,77,0.23,Mobile,0,1,0
1323,Student,283,17,0.04,Mobile,0,1,1
1324,Premium,209,78,0.58,Desktop,0,1,0
1325,Premium,227,23,0.07,Mobile,0,1,0
1326,Premium,36,23,0.18,Desktop,0,1,0
1327,Family,117,73,0.4,Mobile,0,1,0
1328,Family,131,6,0.27,Web,0,1,1
1329,Student,293,30,0.56,Mobile,0,1,0
1330,Premium,44,67,0.18,Mobile,0,1,0
1331,Family,268,98,0.33,Desktop,0,1,0
1332,Family,242,67,0.41,Desktop,0,1,0
1333,Family,141,94,0.54,Mobile,0,1,1
1334,Family,277,74,0.36,Mobile,0,1,0
1335,Family,106,98,0.59,Desktop,0,1,0
1336,Premium,153,93,0.51,Mobile,0,1,1
1337,Student,91,33,0.06,Mobile,0,1,0
1338,Family,264,43,0.51,Web,0,1,0
1339,Family,163,55,0.01,Desktop,0,1,1
1340,Student,87,87,0.22,Desktop,0,1,0
1341,Premium,155,45,0.42,Web,0,1,1
1342,Free,90,57,0.01,Web,6,0,1
1343,Student,20,56,0.09,Web,0,1,0
1344,Free,262,56,0.16,Desktop,41,0,0
1345,Free,177,59,0.32,Web,48,0,0
1346,Student,232,43,0.59,Web,0,1,1
1347,Student,288,84,0.33,Desktop,0,1,0
1348,Family,122,20,0.41,Web,0,1,1
1349,Premium,249,21,0.53,Mobile,0,1,0
1350,Student,177,22,0.18,Web,0,1,0
1351,Family,59,19,0.25,Desktop,0,1,0
1352,Free,79,61,0.11,Web,27,0,1
1353,Family,30,39,0.33,Desktop,0,1,0
1354,Premium,26,35,0.28,Desktop,0,1,1
1355,Free,182,67,0.49,Web,31,0,0
1356,Family,193,41,0.17,Desktop,0,1,0
1357,Student,82,26,0.31,Mobile,0,1,1
1358,Free,114,34,0.16,Web,16,0,0
1359,Premium,92,65,0.16,Web,0,1,0
1360,Free,265,50,0.05,Web,19,0,0
1361,Family,45,77,0.55,Desktop,0,1,0
1362,Family,177,60,0.04,Desktop,0,1,0
1363,Free,16,48,0.06,Web,47,0,0
1364,Student,238,42,0.51,Desktop,0,1,0
1365,Family,290,21,0.53,Mobile,0,1,1
1366,Premium,88,7,0.33,Mobile,0,1,0
1367,Premium,119,50,0.57,Mobile,0,1,1
1368,Family,52,74,0.0,Web,0,1,1
1369,Student,223,2,0.01,Desktop,0,1,0
1370,Student,240,55,0.01,Desktop,0,1,1
1371,Free,62,14,0.58,Desktop,10,0,0
1372,Free,121,99,0.28,Mobile,47,0,0
1373,Student,173,45,0.41,Web,0,1,0
1374,Student,56,91,0.08,Desktop,0,1,1
1375,Free,113,95,0.06,Web,22,0,1
1376,Student,253,87,0.26,Desktop,0,1,0
1377,Free,205,25,0.13,Web,13,0,0
1378,Student,20,46,0.49,Desktop,0,1,0
1379,Family,240,31,0.5,Web,0,1,0
1380,Premium,92,95,0.21,Web,0,1,0
1381,Premium,288,82,0.39,Desktop,0,1,0
1382,Free,273,96,0.37,Mobile,41,0,0
1383,Student,19,4,0.02,Web,0,1,1
1384,Family,271,57,0.54,Desktop,0,1,0
1385,Student,72,61,0.2,Web,0,1,0
1386,Free,114,72,0.48,Web,44,0,1
1387,Premium,283,73,0.17,Mobile,0,1,0
1388,Free,245,92,0.28,Mobile,38,0,0
1389,Free,116,21,0.24,Web,46,0,0
1390,Free,126,22,0.15,Web,42,0,0
1391,Student,114,13,0.01,Mobile,0,1,0
1392,Free,31,47,0.22,Mobile,13,0,0
1393,Free,57,90,0.5,Desktop,15,0,0
1394,Free,272,30,0.46,Mobile,12,0,0
1395,Student,264,70,0.23,Web,0,1,0
1396,Premium,191,9,0.24,Mobile,0,1,1
1397,Student,229,6,0.33,Desktop,0,1,0
1398,Free,74,67,0.15,Desktop,14,0,0
1399,Premium,98,38,0.59,Web,0,1,0
1400,Family,29,33,0.55,Desktop,0,1,1
1401,Free,21,16,0.34,Desktop,38,0,0
1402,Free,58,75,0.08,Web,47,0,0
1403,Family,292,64,0.09,Web,0,1,0
1404,Premium,49,13,0.04,Desktop,0,1,0
1405,Premium,126,86,0.33,Web,0,1,1
1406,Free,192,94,0.5,Mobile,44,0,0
1407,Family,294,41,0.15,Desktop,0,1,0
1408,Student,123,29,0.19,Desktop,0,1,0
1409,Premium,139,16,0.13,Desktop,0,1,0
1410,Premium,55,17,0.39,Web,0,1,0
1411,Free,228,74,0.3,Web,40,0,0
1412,Student,204,93,0.33,Desktop,0,1,0
1413,Premium,199,81,0.26,Web,0,1,0
1414,Family,71,48,0.28,Web,0,1,0
1415,Family,251,25,0.22,Mobile,0,1,1
1416,Family,77,25,0.24,Desktop,0,1,0
1417,Free,23,15,0.12,Web,5,0,0
1418,Student,30,19,0.26,Desktop,0,1,0
1419,Family,114,49,0.3,Web,0,1,0
1420,Free,48,78,0.36,Mobile,19,0,0
1421,Student,33,12,0.41,Web,0,1,0
1422,Premium,121,62,0.41,Desktop,0,1,1
1423,Free,147,4,0.58,Web,47,0,0
1424,Student,103,88,0.54,Desktop,0,1,0
1425,Premium,222,10,0.27,Mobile,0,1,0
1426,Family,58,41,0.17,Mobile,0,1,0
1427,Family,297,30,0.07,Desktop,0,1,0
1428,Free,117,83,0.26,Mobile,9,0,0
1429,Premium,131,49,0.04,Mobile,0,1,0
1430,Free,97,12,0.44,Desktop,32,0,0
1431,Family,112,35,0.42,Web,0,1,1
1432,Family,185,10,0.41,Mobile,0,1,1
1433,Family,131,16,0.5,Desktop,0,1,0
1434,Premium,56,53,0.12,Desktop,0,1,1
1435,Student,64,53,0.4,Desktop,0,1,1
1436,Family,160,91,0.27,Mobile,0,1,0
1437,Family,134,98,0.18,Desktop,0,1,0
1438,Premium,160,15,0.03,Desktop,0,1,0
1439,Premium,47,46,0.2,Web,0,1,0
1440,Free,15,26,0.02,Mobile,29,0,1
1441,Premium,291,58,0.12,Desktop,0,1,0
1442,Free,75,21,0.24,Desktop,10,0,0
1443,Premium,130,53,0.2,Desktop,0,1,0
1444,Premium,96,50,0.49,Desktop,0,1,1
1445,Student,284,1,0.13,Mobile,0,1,1
1446,Student,173,56,0.39,Web,0,1,0
1447,Family,238,43,0.01,Desktop,0,1,0
1448,Free,52,14,0.49,Mobile,8,0,0
1449,Student,212,97,0.29,Web,0,1,0
1450,Premium,246,45,0.18,Mobile,0,1,0
1451,Family,59,88,0.14,Mobile,0,1,1
1452,Student,250,81,0.34,Web,0,1,0
1453,Free,138,7,0.37,Mobile,9,0,0
1454,Premium,75,4,0.17,Web,0,1,1
1455,Premium,53,92,0.22,Mobile,0,1,0
1456,Free,168,25,0.35,Web,6,0,1
1457,Premium,109,76,0.41,Desktop,0,1,0
1458,Free,22,63,0.36,Desktop,37,0,0
1459,Student,188,85,0.55,Desktop,0,1,1
1460,Family,12,41,0.41,Desktop,0,1,0
1461,Free,62,20,0.57,Desktop,28,0,0
1462,Free,278,11,0.27,Mobile,15,0,0
1463,Family,34,85,0.3,Web,0,1,1
1464,Family,28,28,0.31,Desktop,0,1,1
1465,Free,175,14,0.07,Desktop,48,0,0
1466,Family,217,31,0.01,Web,0,1,0
1467,Free,178,92,0.08,Web,16,0,1
1468,Family,135,47,0.42,Mobile,0,1,0
1469,Premium,216,40,0.4,Web,0,1,0
1470,Family,203,93,0.26,Web,0,1,1
1471,Student,69,14,0.04,Mobile,0,1,1
1472,Premium,280,9,0.33,Mobile,0,1,0
1473,Premium,200,91,0.47,Mobile,0,1,0
1474,Free,174,82,0.24,Web,17,0,0
1475,Student,192,1,0.17,Desktop,0,1,1
1476,Student,65,91,0.09,Desktop,0,1,0
1477,Free,39,91,0.29,Mobile,32,0,1
1478,Family,108,90,0.56,Web,0,1,0
1479,Free,114,25,0.28,Web,21,0,0
1480,Premium,142,29,0.3,Mobile,0,1,0
1481,Free,25,58,0.04,Web,32,0,0
1482,Family,28,81,0.37,Mobile,0,1,1
1483,Family,104,83,0.16,Mobile,0,1,0
1484,Free,49,1,0.23,Web,45,0,0
1485,Premium,213,85,0.15,Desktop,0,1,1
1486,Premium,262,39,0.23,Web,0,1,0
1487,Family,224,25,0.3,Mobile,0,1,0
1488,Family,238,80,0.1,Web,0,1,0
1489,Student,216,81,0.44,Mobile,0,1,1
1490,Student,75,71,0.5,Desktop,0,1,1
1491,Premium,275,13,0.59,Web,0,1,0
1492,Student,13,27,0.5,Web,0,1,0
1493,Student,37,87,0.29,Desktop,0,1,0
1494,Family,126,5,0.35,Desktop,0,1,0
1495,Student,50,61,0.42,Web,0,1,1
1496,Family,195,3,0.27,Web,0,1,1
1497,Free,145,57,0.36,Mobile,19,0,0
1498,Family,48,11,0.5,Desktop,0,1,0
1499,Family,290,60,0.42,Mobile,0,1,0
1500,Student,215,9,0.0,Mobile,0,1,0
1501,Family,267,95,0.32,Desktop,0,1,1
1502,Premium,71,68,0.18,Desktop,0,1,1
1503,Family,147,86,0.44,Desktop,0,1,0
1504,Premium,252,68,0.13,Desktop,0,1,0
1505,Student,253,68,0.46,Mobile,0,1,0
1506,Premium,157,35,0.19,Desktop,0,1,0
1507,Family,123,41,0.42,Web,0,1,0
1508,Family,171,84,0.11,Mobile,0,1,0
1509,Student,112,31,0.6,Desktop,0,1,0
1510,Free,85,58,0.04,Web,30,0,1
1511,Family,153,85,0.04,Web,0,1,0
1512,Family,254,84,0.01,Desktop,0,1,0
1513,Student,211,47,0.06,Web,0,1,1
1514,Family,155,61,0.46,Mobile,0,1,1
1515,Free,124,76,0.34,Web,42,0,0
1516,Student,120,23,0.45,Web,0,1,0
1517,Free,122,82,0.27,Web,47,0,0
1518,Free,135,63,0.08,Web,30,0,0
1519,Free,24,29,0.29,Desktop,9,0,0
1520,Free,84,6,0.32,Web,18,0,0
1521,Premium,15,40,0.37,Mobile,0,1,1
1522,Family,219,9,0.02,Desktop,0,1,0
1523,Family,81,17,0.32,Web,0,1,0
1524,Free,222,51,0.4,Web,17,0,0
1525,Premium,165,45,0.46,Desktop,0,1,0
1526,Student,130,7,0.08,Mobile,0,1,1
1527,Family,175,84,0.04,Web,0,1,1
1528,Student,299,61,0.53,Web,0,1,0
1529,Student,38,13,0.16,Desktop,0,1,0
1530,Family,12,83,0.2,Desktop,0,1,0
1531,Free,61,1,0.27,Desktop,43,0,1
1532,Family,219,58,0.22,Desktop,0,1,0
1533,Free,120,46,0.0,Web,16,0,1
1534,Premium,92,86,0.44,Desktop,0,1,0
1535,Student,65,87,0.47,Web,0,1,1
1536,Student,271,13,0.48,Web,0,1,0
1537,Family,270,4,0.15,Web,0,1,1
1538,Premium,180,64,0.59,Desktop,0,1,0
1539,Free,154,95,0.21,Mobile,37,0,0
1540,Free,76,30,0.58,Web,6,0,1
1541,Premium,36,57,0.39,Mobile,0,1,0
1542,Premium,79,24,0.28,Mobile,0,1,0
1543,Family,238,74,0.2,Desktop,0,1,1
1544,Family,64,71,0.03,Desktop,0,1,0
1545,Premium,258,50,0.11,Mobile,0,1,1
1546,Family,228,72,0.38,Web,0,1,0
1547,Free,43,4,0.08,Web,41,0,0
1548,Free,162,40,0.24,Web,11,0,0
1549,Family,144,66,0.05,Desktop,0,1,0
1550,Family,74,78,0.39,Desktop,0,1,1
1551,Student,213,48,0.22,Desktop,0,1,1
1552,Family,108,56,0.28,Web,0,1,0
1553,Free,127,95,0.27,Mobile,16,0,0
1554,Free,295,8,0.41,Web,47,0,1
1555,Student,71,50,0.27,Desktop,0,1,0
1556,Premium,156,44,0.56,Mobile,0,1,0
1557,Student,35,64,0.39,Mobile,0,1,0
1558,Student,149,21,0.26,Web,0,1,0
1559,Student,160,46,0.3,Mobile,0,1,0
1560,Student,190,26,0.51,Web,0,1,1
1561,Premium,37,9,0.29,Desktop,0,1,0
1562,Free,48,76,0.17,Mobile,13,0,0
1563,Family,148,96,0.17,Desktop,0,1,0
1564,Premium,156,23,0.03,Desktop,0,1,0
1565,Premium,171,45,0.42,Web,0,1,0
1566,Family,276,39,0.16,Web,0,1,1
1567,Family,178,96,0.07,Web,0,1,0
1568,Free,193,66,0.57,Desktop,43,0,1
1569,Free,68,20,0.47,Web,17,0,0
1570,Free,237,74,0.5,Mobile,48,0,1
1571,Student,54,20,0.19,Desktop,0,1,0
1572,Family,29,67,0.11,Mobile,0,1,1
1573,Premium,265,61,0.05,Mobile,0,1,0
1574,Student,138,72,0.2,Mobile,0,1,0
1575,Premium,165,21,0.02,Mobile,0,1,0
1576,Family,135,12,0.32,Web,0,1,0
1577,Free,156,9,0.31,Mobile,25,0,0
1578,Family,289,88,0.32,Web,0,1,0
1579,Free,205,33,0.25,Web,46,0,1
1580,Student,158,66,0.04,Desktop,0,1,0
1581,Student,150,52,0.03,Web,0,1,0
1582,Student,83,12,0.04,Desktop,0,1,0
1583,Free,216,49,0.05,Mobile,31,0,0
1584,Premium,99,78,0.43,Desktop,0,1,0
1585,Family,171,55,0.15,Mobile,0,1,1
1586,Student,126,15,0.08,Web,0,1,0
1587,Premium,133,52,0.57,Web,0,1,0
1588,Student,289,29,0.13,Desktop,0,1,0
1589,Free,215,30,0.55,Mobile,10,0,0
1590,Premium,90,51,0.1,Desktop,0,1,1
1591,Student,208,89,0.11,Mobile,0,1,1
1592,Free,88,32,0.1,Mobile,22,0,0
1593,Free,18,82,0.02,Mobile,38,0,1
1594,Student,10,5,0.12,Desktop,0,1,0
1595,Student,232,43,0.54,Web,0,1,1
1596,Free,110,26,0.31,Mobile,40,0,1
1597,Premium,147,98,0.08,Desktop,0,1,1
1598,Student,48,51,0.07,Desktop,0,1,0
1599,Premium,254,46,0.49,Web,0,1,0
1600,Student,268,16,0.33,Desktop,0,1,1
1601,Family,220,54,0.31,Web,0,1,1
1602,Free,299,56,0.24,Web,15,0,0
1603,Premium,252,33,0.36,Mobile,0,1,0
1604,Family,75,92,0.38,Desktop,0,1,1
1605,Student,62,94,0.52,Desktop,0,1,1
1606,Premium,86,4,0.43,Desktop,0,1,0
1607,Premium,128,30,0.11,Desktop,0,1,0
1608,Free,68,17,0.5,Desktop,38,0,0
1609,Family,74,59,0.16,Mobile,0,1,0
1610,Family,170,45,0.21,Desktop,0,1,0
1611,Premium,266,28,0.4,Desktop,0,1,0
1612,Premium,69,27,0.23,Mobile,0,1,0
1613,Premium,125,56,0.21,Mobile,0,1,0
1614,Student,60,31,0.29,Web,0,1,0
1615,Premium,202,82,0.41,Desktop,0,1,0
1616,Family,227,65,0.48,Mobile,0,1,0
1617,Family,80,62,0.08,Mobile,0,1,1
1618,Free,176,9,0.09,Web,39,0,0
1619,Free,218,77,0.14,Desktop,35,0,1
1620,Premium,241,47,0.28,Web,0,1,0
1621,Free,16,50,0.48,Mobile,20,0,1
1622,Family,217,47,0.36,Web,0,1,0
1623,Premium,293,39,0.48,Desktop,0,1,0
1624,Family,59,52,0.3,Web,0,1,1
1625,Student,99,11,0.12,Web,0,1,0
1626,Free,204,23,0.49,Mobile,8,0,1
1627,Premium,203,97,0.08,Desktop,0,1,0
1628,Premium,145,30,0.42,Web,0,1,0
1629,Family,272,14,0.31,Mobile,0,1,1
1630,Free,141,26,0.43,Mobile,36,0,1
1631,Family,222,15,0.02,Desktop,0,1,0
1632,Premium,165,35,0.58,Web,0,1,0
1633,Free,215,35,0.06,Mobile,19,0,0
1634,Student,111,48,0.01,Web,0,1,0
1635,Student,55,40,0.44,Web,0,1,0
1636,Student,184,83,0.14,Mobile,0,1,1
1637,Free,56,56,0.14,Mobile,20,0,0
1638,Family,52,21,0.09,Web,0,1,1
1639,Free,292,23,0.45,Web,39,0,0
1640,Premium,155,7,0.27,Web,0,1,0
1641,Student,274,43,0.49,Desktop,0,1,0
1642,Premium,299,64,0.19,Desktop,0,1,0
1643,Free,262,54,0.32,Web,19,0,0
1644,Premium,224,27,0.16,Mobile,0,1,0
1645,Student,283,8,0.56,Desktop,0,1,0
1646,Premium,220,87,0.19,Mobile,0,1,0
1647,Student,95,91,0.16,Desktop,0,1,0
1648,Student,64,38,0.54,Web,0,1,0
1649,Family,145,99,0.1,Desktop,0,1,0
1650,Student,25,25,0.41,Web,0,1,0
1651,Student,25,62,0.23,Web,0,1,0
1652,Family,137,72,0.15,Mobile,0,1,0
1653,Family,59,79,0.48,Mobile,0,1,1
1654,Student,236,65,0.58,Desktop,0,1,0
1655,Free,158,51,0.2,Desktop,42,0,1
1656,Family,135,1,0.04,Mobile,0,1,0
1657,Free,99,63,0.08,Web,31,0,0
1658,Free,138,98,0.54,Web,17,0,1
1659,Premium,107,9,0.04,Mobile,0,1,0
1660,Student,196,3,0.07,Mobile,0,1,0
1661,Premium,151,53,0.25,Web,0,1,0
1662,Free,218,76,0.41,Mobile,49,0,0
1663,Student,33,93,0.09,Mobile,0,1,0
1664,Premium,138,31,0.26,Web,0,1,0
1665,Premium,221,65,0.01,Mobile,0,1,0
1666,Premium,234,7,0.01,Web,0,1,0
1667,Free,236,56,0.17,Web,19,0,0
1668,Free,242,14,0.04,Desktop,17,0,0
1669,Student,118,60,0.51,Mobile,0,1,1
1670,Student,98,45,0.14,Web,0,1,0
1671,Student,108,74,0.36,Web,0,1,1
1672,Student,198,41,0.47,Mobile,0,1,1
1673,Premium,148,76,0.5,Desktop,0,1,0
1674,Student,198,4,0.15,Desktop,0,1,0
1675,Family,245,20,0.12,Desktop,0,1,0
1676,Free,272,96,0.34,Desktop,46,0,0
1677,Student,24,25,0.2,Desktop,0,1,0
1678,Premium,291,29,0.03,Web,0,1,0
1679,Premium,244,42,0.48,Desktop,0,1,0
1680,Student,29,5,0.01,Web,0,1,0
1681,Free,189,30,0.53,Desktop,20,0,0
1682,Free,237,52,0.19,Web,19,0,0
1683,Free,246,51,0.37,Mobile,30,0,0
1684,Free,213,44,0.35,Mobile,32,0,0
1685,Free,182,38,0.53,Web,40,0,0
1686,Free,16,46,0.01,Web,47,0,0
1687,Family,294,3,0.44,Web,0,1,0
1688,Free,140,54,0.16,Desktop,33,0,1
1689,Free,110,11,0.52,Desktop,19,0,0
1690,Free,93,99,0.25,Mobile,47,0,1
1691,Premium,221,64,0.35,Web,0,1,1
1692,Premium,142,1,0.59,Desktop,0,1,1
1693,Student,72,43,0.38,Mobile,0,1,0
1694,Student,256,50,0.21,Mobile,0,1,0
1695,Free,66,25,0.52,Desktop,18,0,0
1696,Premium,81,21,0.19,Mobile,0,1,0
1697,Student,37,79,0.53,Mobile,0,1,0
1698,Premium,92,60,0.55,Mobile,0,1,1
1699,Family,32,6,0.19,Web,0,1,1
1700,Student,175,8,0.01,Desktop,0,1,0
1701,Family,106,44,0.58,Mobile,0,1,0
1702,Premium,154,28,0.19,Web,0,1,1
1703,Premium,210,66,0.01,Mobile,0,1,0
1704,Family,226,78,0.38,Web,0,1,0
1705,Student,78,21,0.08,Web,0,1,0
1706,Free,220,89,0.56,Web,33,0,1
1707,Family,124,97,0.47,Desktop,0,1,0
1708,Student,217,37,0.07,Web,0,1,0
1709,Free,41,43,0.17,Mobile,22,0,0
1710,Premium,205,94,0.26,Desktop,0,1,1
1711,Premium,166,14,0.18,Mobile,0,1,0
1712,Student,271,66,0.54,Mobile,0,1,0
1713,Free,66,35,0.0,Web,49,0,0
1714,Student,280,53,0.41,Mobile,0,1,0
1715,Free,62,78,0.47,Web,26,0,0
1716,Student,53,96,0.28,Desktop,0,1,0
1717,Premium,90,80,0.3,Desktop,0,1,1
1718,Student,23,50,0.43,Desktop,0,1,0
1719,Free,57,78,0.45,Web,37,0,0
1720,Student,226,22,0.08,Web,0,1,0
1721,Student,274,71,0.55,Mobile,0,1,0
1722,Student,133,93,0.48,Mobile,0,1,1
1723,Free,95,71,0.52,Web,34,0,1
1724,Premium,68,3,0.26,Desktop,0,1,0
1725,Student,146,57,0.4,Web,0,1,0
1726,Free,281,79,0.19,Web,15,0,0
1727,Free,59,26,0.33,Web,23,0,0
1728,Family,263,1,0.02,Web,0,1,0
1729,Free,180,37,0.19,Desktop,45,0,0
1730,Free,188,36,0.4,Mobile,16,0,1
1731,Free,99,77,0.55,Mobile,6,0,0
1732,Premium,290,76,0.38,Web,0,1,0
1733,Family,239,93,0.54,Desktop,0,1,0
1734,Family,114,40,0.35,Web,0,1,1
1735,Student,23,15,0.48,Desktop,0,1,0
1736,Free,89,20,0.09,Web,34,0,0
1737,Premium,279,20,0.51,Mobile,0,1,0
1738,Premium,180,80,0.42,Web,0,1,0
1739,Student,154,88,0.39,Mobile,0,1,0
1740,Premium,267,84,0.16,Mobile,0,1,0
1741,Family,119,63,0.41,Desktop,0,1,0
1742,Family,167,54,0.01,Mobile,0,1,0
1743,Free,111,70,0.18,Web,13,0,0
1744,Family,87,30,0.45,Web,0,1,1
1745,Free,163,76,0.58,Mobile,36,0,1
1746,Premium,283,3,0.37,Mobile,0,1,0
1747,Family,90,58,0.15,Mobile,0,1,0
1748,Premium,101,27,0.55,Desktop,0,1,1
1749,Family,64,82,0.5,Mobile,0,1,0
1750,Free,137,58,0.0,Web,28,0,0
1751,Family,189,29,0.27,Desktop,0,1,0
1752,Student,134,46,0.46,Web,0,1,1
1753,Student,173,79,0.41,Mobile,0,1,0
1754,Premium,219,73,0.07,Desktop,0,1,0
1755,Premium,156,19,0.4,Desktop,0,1,0
1756,Student,285,60,0.07,Mobile,0,1,1
1757,Family,179,97,0.19,Web,0,1,0
1758,Student,12,17,0.5,Web,0,1,0
1759,Free,137,18,0.28,Mobile,38,0,0
1760,Premium,105,79,0.26,Desktop,0,1,1
1761,Free,72,3,0.15,Mobile,48,0,0
1762,Premium,171,45,0.15,Web,0,1,0
1763,Free,290,91,0.42,Desktop,41,0,1
1764,Family,47,29,0.54,Desktop,0,1,0
1765,Student,154,47,0.31,Web,0,1,1
1766,Free,50,96,0.05,Mobile,33,0,0
1767,Student,59,41,0.31,Mobile,0,1,0
1768,Student,166,80,0.49,Desktop,0,1,0
1769,Family,214,11,0.03,Desktop,0,1,0
1770,Premium,157,71,0.52,Desktop,0,1,0
1771,Student,38,44,0.15,Web,0,1,0
1772,Premium,243,4,0.21,Desktop,0,1,0
1773,Student,261,57,0.28,Web,0,1,0
1774,Student,113,71,0.5,Web,0,1,1
1775,Premium,294,71,0.2,Desktop,0,1,1
1776,Student,50,85,0.43,Desktop,0,1,0
1777,Student,209,35,0.2,Web,0,1,0
1778,Premium,274,37,0.05,Web,0,1,0
1779,Free,156,53,0.06,Web,45,0,0
1780,Premium,27,18,0.03,Mobile,0,1,0
1781,Free,276,21,0.07,Mobile,20,0,0
1782,Family,142,76,0.32,Mobile,0,1,1
1783,Premium,277,80,0.16,Mobile,0,1,1
1784,Free,150,46,0.41,Desktop,18,0,0
1785,Premium,169,28,0.15,Mobile,0,1,1
1786,Free,52,72,0.18,Desktop,26,0,0
1787,Family,72,10,0.36,Web,0,1,1
1788,Premium,197,34,0.56,Desktop,0,1,0
1789,Family,54,27,0.31,Desktop,0,1,1
1790,Free,32,10,0.01,Web,35,0,0
1791,Family,216,70,0.23,Desktop,0,1,0
1792,Student,155,54,0.42,Desktop,0,1,0
1793,Premium,186,52,0.42,Web,0,1,1
1794,Free,16,44,0.31,Desktop,26,0,0
1795,Free,268,86,0.01,Mobile,9,0,0
1796,Free,278,55,0.11,Desktop,27,0,1
1797,Premium,233,90,0.42,Web,0,1,0
1798,Family,172,29,0.41,Web,0,1,0
1799,Free,162,85,0.04,Web,43,0,0
1800,Family,95,9,0.02,Mobile,0,1,1
1801,Family,157,93,0.17,Mobile,0,1,1
1802,Student,220,34,0.17,Desktop,0,1,0
1803,Premium,296,39,0.43,Desktop,0,1,0
1804,Student,66,60,0.13,Desktop,0,1,1
1805,Premium,170,29,0.29,Mobile,0,1,0
1806,Premium,36,67,0.42,Web,0,1,0
1807,Family,199,25,0.08,Web,0,1,1
1808,Premium,127,31,0.26,Mobile,0,1,1
1809,Free,34,66,0.27,Mobile,10,0,1
1810,Student,293,60,0.04,Desktop,0,1,0
1811,Premium,63,83,0.34,Mobile,0,1,1
1812,Premium,101,52,0.12,Web,0,1,0
1813,Premium,187,38,0.33,Web,0,1,0
1814,Free,131,87,0.09,Mobile,12,0,0
1815,Premium,14,37,0.57,Desktop,0,1,0
1816,Free,141,87,0.5,Web,47,0,0
1817,Family,120,56,0.29,Desktop,0,1,0
1818,Free,102,26,0.46,Mobile,44,0,0
1819,Free,140,53,0.37,Web,20,0,1
1820,Student,171,69,0.37,Mobile,0,1,0
1821,Premium,243,62,0.51,Desktop,0,1,0
1822,Family,119,2,0.21,Mobile,0,1,0
1823,Free,263,44,0.45,Web,19,0,0
1824,Premium,66,29,0.22,Mobile,0,1,0
1825,Family,10,75,0.59,Mobile,0,1,0
1826,Family,203,49,0.53,Mobile,0,1,0
1827,Student,235,72,0.26,Web,0,1,0
1828,Premium,201,42,0.15,Mobile,0,1,0
1829,Free,181,81,0.28,Desktop,14,0,0
1830,Student,239,16,0.16,Web,0,1,0
1831,Premium,10,8,0.59,Desktop,0,1,0
1832,Free,93,10,0.03,Mobile,12,0,0
1833,Premium,183,26,0.32,Desktop,0,1,0
1834,Student,234,45,0.01,Web,0,1,0
1835,Student,197,30,0.21,Desktop,0,1,0
1836,Free,62,15,0.42,Mobile,49,0,0
1837,Family,157,20,0.2,Web,0,1,0
1838,Student,124,23,0.47,Mobile,0,1,0
1839,Premium,64,84,0.19,Desktop,0,1,0
1840,Family,276,47,0.57,Mobile,0,1,0
1841,Student,40,71,0.21,Desktop,0,1,1
1842,Premium,226,5,0.08,Desktop,0,1,1
1843,Premium,267,11,0.06,Desktop,0,1,0
1844,Free,297,12,0.54,Desktop,15,0,0
1845,Family,44,80,0.42,Mobile,0,1,0
1846,Free,264,52,0.33,Desktop,19,0,0
1847,Family,125,65,0.49,Mobile,0,1,0
1848,Premium,263,82,0.25,Desktop,0,1,1
1849,Free,285,6,0.19,Web,18,0,0
1850,Premium,128,26,0.08,Web,0,1,1
1851,Free,80,74,0.55,Desktop,49,0,1
1852,Student,66,35,0.11,Mobile,0,1,0
1853,Student,84,87,0.46,Mobile,0,1,0
1854,Family,136,98,0.27,Web,0,1,1
1855,Student,273,61,0.04,Web,0,1,0
1856,Free,297,12,0.39,Desktop,6,0,0
1857,Family,96,70,0.21,Web,0,1,0
1858,Premium,26,54,0.25,Desktop,0,1,1
1859,Premium,29,78,0.21,Web,0,1,0
1860,Family,94,80,0.23,Mobile,0,1,0
1861,Family,129,97,0.28,Mobile,0,1,1
1862,Premium,251,30,0.55,Desktop,0,1,1
1863,Student,279,90,0.47,Desktop,0,1,0
1864,Student,239,36,0.37,Web,0,1,0
1865,Family,199,22,0.4,Mobile,0,1,1
1866,Premium,45,33,0.53,Mobile,0,1,0
1867,Free,84,43,0.31,Mobile,39,0,0
1868,Premium,58,36,0.55,Desktop,0,1,1
1869,Premium,279,29,0.46,Web,0,1,1
1870,Free,287,44,0.07,Mobile,32,0,0
1871,Premium,187,74,0.05,Mobile,0,1,0
1872,Free,116,84,0.59,Desktop,18,0,1
1873,Premium,30,43,0.32,Mobile,0,1,0
1874,Student,241,39,0.42,Desktop,0,1,1
1875,Premium,282,35,0.45,Desktop,0,1,0
1876,Family,33,65,0.28,Web,0,1,0
1877,Family,82,96,0.43,Web,0,1,1
1878,Free,21,40,0.35,Web,36,0,0
1879,Student,186,6,0.44,Web,0,1,1
1880,Free,19,46,0.34,Web,13,0,0
1881,Student,85,80,0.14,Desktop,0,1,0
1882,Student,278,57,0.21,Desktop,0,1,0
1883,Premium,88,35,0.36,Desktop,0,1,1
1884,Premium,245,42,0.28,Desktop,0,1,0
1885,Student,139,33,0.19,Desktop,0,1,0
1886,Student,151,39,0.25,Web,0,1,0
1887,Free,165,21,0.05,Web,43,0,0
1888,Family,146,64,0.16,Mobile,0,1,0
1889,Free,252,52,0.25,Desktop,49,0,1
1890,Family,206,7,0.27,Web,0,1,0
1891,Free,200,64,0.32,Web,42,0,0
1892,Student,71,18,0.42,Desktop,0,1,0
1893,Family,171,44,0.43,Web,0,1,0
1894,Premium,26,55,0.59,Web,0,1,0
1895,Premium,236,19,0.24,Mobile,0,1,1
1896,Free,136,25,0.05,Mobile,9,0,0
1897,Free,164,54,0.58,Web,24,0,0
1898,Premium,169,26,0.12,Desktop,0,1,0
1899,Family,285,94,0.57,Desktop,0,1,1
1900,Free,105,25,0.21,Mobile,27,0,1
1901,Premium,217,87,0.39,Web,0,1,0
1902,Premium,204,40,0.2,Web,0,1,1
1903,Premium,107,4,0.53,Web,0,1,1
1904,Student,15,31,0.14,Mobile,0,1,0
1905,Premium,200,65,0.0,Mobile,0,1,1
1906,Free,118,25,0.58,Desktop,48,0,0
1907,Family,170,23,0.18,Desktop,0,1,0
1908,Student,264,27,0.56,Desktop,0,1,1
1909,Family,113,68,0.24,Web,0,1,0
1910,Student,262,86,0.34,Web,0,1,1
1911,Free,251,18,0.36,Desktop,15,0,0
1912,Student,71,84,0.47,Desktop,0,1,1
1913,Premium,133,20,0.05,Web,0,1,0
1914,Family,164,41,0.42,Mobile,0,1,1
1915,Free,13,8,0.33,Mobile,26,0,0
1916,Free,227,31,0.58,Mobile,6,0,0
1917,Free,286,55,0.0,Mobile,29,0,0
1918,Student,267,70,0.39,Desktop,0,1,0
1919,Family,276,46,0.16,Desktop,0,1,0
1920,Premium,46,80,0.52,Mobile,0,1,0
1921,Student,79,1,0.16,Web,0,1,0
1922,Free,93,68,0.39,Desktop,36,0,0
1923,Premium,27,48,0.41,Mobile,0,1,1
1924,Free,133,12,0.27,Web,15,0,0
1925,Family,210,86,0.03,Mobile,0,1,0
1926,Premium,229,15,0.3,Desktop,0,1,0
1927,Free,175,13,0.42,Mobile,9,0,1
1928,Student,285,5,0.04,Web,0,1,0
1929,Premium,13,70,0.59,Mobile,0,1,0
1930,Family,49,89,0.27,Desktop,0,1,0
1931,Family,193,57,0.39,Mobile,0,1,0
1932,Free,248,15,0.01,Desktop,19,0,0
1933,Free,151,33,0.45,Web,14,0,1
1934,Free,151,33,0.09,Web,41,0,0
1935,Student,29,32,0.26,Mobile,0,1,0
1936,Family,126,63,0.39,Desktop,0,1,0
1937,Family,93,59,0.03,Web,0,1,0
1938,Free,101,91,0.17,Mobile,11,0,0
1939,Family,26,34,0.17,Desktop,0,1,1
1940,Free,97,2,0.56,Desktop,9,0,0
1941,Free,252,81,0.39,Web,6,0,1
1942,Student,271,21,0.03,Web,0,1,0
1943,Family,140,35,0.37,Web,0,1,1
1944,Family,235,99,0.45,Desktop,0,1,1
1945,Family,34,78,0.36,Mobile,0,1,0
1946,Premium,75,13,0.46,Desktop,0,1,1
1947,Student,156,38,0.37,Mobile,0,1,0
1948,Premium,107,3,0.15,Desktop,0,1,0
1949,Student,18,84,0.26,Desktop,0,1,0
1950,Student,213,76,0.42,Mobile,0,1,0
1951,Free,223,89,0.24,Desktop,16,0,0
1952,Free,286,35,0.55,Desktop,13,0,0
1953,Family,31,48,0.23,Web,0,1,0
1954,Premium,151,71,0.36,Mobile,0,1,0
1955,Free,243,87,0.27,Desktop,37,0,0
1956,Premium,14,5,0.47,Mobile,0,1,0
1957,Student,225,46,0.15,Desktop,0,1,0
1958,Premium,30,42,0.19,Desktop,0,1,0
1959,Free,294,20,0.46,Desktop,46,0,0
1960,Student,192,98,0.44,Desktop,0,1,0
1961,Free,217,12,0.07,Mobile,36,0,0
1962,Free,241,12,0.14,Web,5,0,0
1963,Family,178,24,0.29,Web,0,1,0
1964,Premium,211,36,0.19,Desktop,0,1,1
1965,Premium,260,7,0.09,Web,0,1,0
1966,Free,189,77,0.05,Desktop,39,0,0
1967,Free,236,43,0.3,Web,31,0,0
1968,Free,181,52,0.48,Mobile,36,0,0
1969,Student,118,18,0.5,Web,0,1,0
1970,Premium,124,64,0.11,Desktop,0,1,0
1971,Student,175,28,0.16,Web,0,1,1
1972,Premium,138,66,0.03,Web,0,1,0
1973,Free,258,53,0.48,Desktop,24,0,1
1974,Family,130,36,0.58,Desktop,0,1,0
1975,Family,179,48,0.18,Mobile,0,1,0
1976,Student,161,9,0.43,Desktop,0,1,0
1977,Free,51,11,0.56,Mobile,23,0,1
1978,Premium,248,74,0.52,Web,0,1,0
1979,Premium,213,89,0.28,Web,0,1,0
1980,Family,169,64,0.31,Web,0,1,1
1981,Family,168,5,0.49,Mobile,0,1,1
1982,Family,133,5,0.12,Web,0,1,0
1983,Premium,203,71,0.34,Web,0,1,1
1984,Premium,176,91,0.2,Desktop,0,1,0
1985,Premium,136,72,0.52,Desktop,0,1,0
1986,Premium,198,68,0.29,Web,0,1,0
1987,Family,125,42,0.5,Mobile,0,1,0
1988,Family,62,48,0.02,Mobile,0,1,0
1989,Family,284,52,0.1,Web,0,1,0
1990,Family,72,7,0.5,Mobile,0,1,0
1991,Student,163,36,0.1,Web,0,1,1
1992,Free,107,12,0.44,Web,30,0,0
1993,Family,90,50,0.15,Mobile,0,1,1
1994,Student,160,67,0.46,Desktop,0,1,0
1995,Family,112,34,0.25,Desktop,0,1,0
1996,Family,123,96,0.42,Web,0,1,1
1997,Student,42,21,0.03,Mobile,0,1,0
1998,Student,30,18,0.05,Desktop,0,1,0
1999,Premium,151,8,0.27,Mobile,0,1,0
2000,Free,133,23,0.42,Desktop,21,0,0
2001,Family,297,36,0.39,Mobile,0,1,0
2002,Premium,229,59,0.52,Mobile,0,1,0
2003,Family,123,99,0.03,Desktop,0,1,0
2004,Student,85,25,0.38,Web,0,1,0
2005,Student,258,18,0.04,Desktop,0,1,0
2006,Student,92,24,0.04,Mobile,0,1,0
2007,Student,236,49,0.6,Mobile,0,1,1
2008,Premium,289,56,0.34,Desktop,0,1,0
2009,Student,203,32,0.08,Desktop,0,1,0
2010,Free,171,1,0.6,Mobile,20,0,1
2011,Free,146,92,0.2,Mobile,16,0,0
2012,Family,131,42,0.19,Web,0,1,0
2013,Family,223,81,0.02,Mobile,0,1,0
2014,Student,173,26,0.06,Desktop,0,1,1
2015,Free,183,98,0.49,Web,30,0,0
2016,Student,96,93,0.11,Desktop,0,1,0
2017,Family,44,38,0.22,Web,0,1,0
2018,Family,194,46,0.15,Desktop,0,1,0
2019,Family,116,45,0.07,Desktop,0,1,1
2020,Student,42,89,0.6,Web,0,1,0
2021,Family,52,50,0.36,Web,0,1,0
2022,Student,37,93,0.08,Web,0,1,0
2023,Family,118,25,0.12,Desktop,0,1,0
2024,Free,223,18,0.48,Desktop,9,0,0
2025,Premium,79,2,0.27,Mobile,0,1,0
2026,Premium,155,41,0.16,Web,0,1,0
2027,Student,99,51,0.14,Mobile,0,1,1
2028,Free,43,97,0.53,Desktop,28,0,0
2029,Student,65,67,0.27,Mobile,0,1,0
2030,Premium,89,82,0.35,Web,0,1,0
2031,Student,283,6,0.31,Web,0,1,0
2032,Premium,33,85,0.38,Desktop,0,1,0
2033,Student,117,86,0.06,Web,0,1,1
2034,Family,96,21,0.24,Desktop,0,1,1
2035,Family,20,43,0.56,Mobile,0,1,0
2036,Family,203,95,0.09,Mobile,0,1,0
2037,Student,244,14,0.42,Desktop,0,1,1
2038,Family,97,85,0.45,Web,0,1,0
2039,Family,169,74,0.54,Web,0,1,0
2040,Student,147,22,0.43,Desktop,0,1,1
2041,Student,247,38,0.17,Mobile,0,1,0
2042,Premium,25,80,0.49,Desktop,0,1,0
2043,Student,145,18,0.53,Desktop,0,1,0
2044,Premium,30,3,0.24,Mobile,0,1,0
2045,Family,22,71,0.1,Mobile,0,1,1
2046,Student,100,46,0.02,Desktop,0,1,1
2047,Free,49,9,0.45,Mobile,6,0,0
2048,Premium,75,63,0.03,Desktop,0,1,0
2049,Student,272,46,0.1,Mobile,0,1,0
2050,Free,99,19,0.28,Desktop,6,0,0
2051,Family,92,8,0.53,Web,0,1,1
2052,Free,65,13,0.54,Web,44,0,0
2053,Premium,61,94,0.27,Web,0,1,0
2054,Free,199,10,0.11,Desktop,22,0,1
2055,Free,125,56,0.5,Desktop,23,0,1
2056,Student,244,59,0.47,Mobile,0,1,1
2057,Family,127,87,0.47,Mobile,0,1,0
2058,Free,187,90,0.18,Mobile,16,0,0
2059,Free,290,70,0.33,Desktop,48,0,0
2060,Premium,199,34,0.12,Desktop,0,1,0
2061,Student,185,32,0.01,Mobile,0,1,0
2062,Free,234,29,0.15,Mobile,25,0,0
2063,Free,144,76,0.02,Desktop,38,0,0
2064,Premium,159,6,0.05,Web,0,1,0
2065,Family,144,64,0.1,Web,0,1,0
2066,Family,84,39,0.28,Mobile,0,1,0
2067,Family,260,52,0.2,Web,0,1,0
2068,Student,170,87,0.53,Web,0,1,0
2069,Free,79,40,0.12,Desktop,8,0,1
2070,Free,231,63,0.28,Mobile,14,0,1
2071,Premium,165,63,0.47,Mobile,0,1,1
2072,Free,232,10,0.15,Desktop,38,0,0
2073,Student,296,6,0.35,Desktop,0,1,0
2074,Family,284,27,0.54,Web,0,1,1
2075,Premium,234,34,0.59,Desktop,0,1,0
2076,Free,73,86,0.07,Mobile,41,0,0
2077,Family,159,66,0.07,Desktop,0,1,1
2078,Premium,25,28,0.57,Web,0,1,0
2079,Family,116,19,0.43,Desktop,0,1,1
2080,Student,77,34,0.44,Web,0,1,0
2081,Premium,272,56,0.27,Desktop,0,1,0
2082,Student,150,98,0.48,Mobile,0,1,1
2083,Free,52,20,0.37,Mobile,42,0,0
2084,Student,256,75,0.54,Mobile,0,1,0
2085,Student,67,35,0.53,Web,0,1,0
2086,Student,48,47,0.27,Mobile,0,1,0
2087,Free,89,43,0.11,Web,40,0,0
2088,Family,239,12,0.48,Web,0,1,0
2089,Free,179,57,0.19,Web,17,0,0
2090,Family,208,44,0.36,Web,0,1,0
2091,Family,118,80,0.03,Desktop,0,1,0
2092,Premium,49,1,0.56,Desktop,0,1,0
2093,Premium,293,70,0.08,Web,0,1,0
2094,Student,195,13,0.49,Mobile,0,1,1
2095,Free,267,91,0.3,Web,43,0,1
2096,Free,219,50,0.42,Mobile,16,0,0
2097,Free,67,43,0.57,Mobile,13,0,0
2098,Student,87,19,0.03,Mobile,0,1,0
2099,Free,68,70,0.01,Web,44,0,0
2100,Premium,123,41,0.49,Desktop,0,1,0
2101,Family,152,23,0.38,Web,0,1,1
2102,Premium,255,97,0.09,Mobile,0,1,1
2103,Family,181,35,0.57,Mobile,0,1,0
2104,Student,141,42,0.57,Mobile,0,1,0
2105,Free,137,24,0.21,Mobile,26,0,0
2106,Student,119,50,0.5,Desktop,0,1,0
2107,Student,55,1,0.19,Mobile,0,1,1
2108,Premium,216,25,0.53,Web,0,1,0
2109,Student,37,18,0.36,Mobile,0,1,0
2110,Free,197,43,0.26,Web,47,0,0
2111,Free,86,13,0.33,Web,28,0,0
2112,Family,283,48,0.41,Mobile,0,1,0
2113,Premium,240,16,0.35,Desktop,0,1,0
2114,Student,199,58,0.08,Desktop,0,1,1
2115,Family,191,75,0.04,Mobile,0,1,0
2116,Premium,74,62,0.47,Desktop,0,1,0
2117,Family,194,91,0.17,Mobile,0,1,1
2118,Family,298,78,0.6,Desktop,0,1,0
2119,Premium,113,30,0.17,Desktop,0,1,0
2120,Free,157,57,0.4,Desktop,40,0,1
2121,Premium,141,42,0.01,Desktop,0,1,0
2122,Free,52,33,0.5,Web,25,0,0
2123,Free,215,33,0.0,Web,20,0,0
2124,Premium,118,87,0.27,Web,0,1,0
2125,Student,110,47,0.05,Mobile,0,1,0
2126,Family,91,78,0.37,Mobile,0,1,1
2127,Family,82,65,0.26,Desktop,0,1,0
2128,Student,108,49,0.25,Desktop,0,1,0
2129,Premium,57,92,0.52,Desktop,0,1,0
2130,Premium,267,80,0.21,Mobile,0,1,0
2131,Premium,227,7,0.34,Desktop,0,1,0
2132,Premium,172,60,0.06,Desktop,0,1,1
2133,Premium,21,49,0.01,Desktop,0,1,0
2134,Student,41,62,0.34,Desktop,0,1,0
2135,Free,30,31,0.4,Desktop,12,0,1
2136,Premium,257,43,0.53,Mobile,0,1,0
2137,Free,292,75,0.23,Web,11,0,0
2138,Family,138,39,0.29,Mobile,0,1,1
2139,Student,236,51,0.55,Web,0,1,0
2140,Premium,79,64,0.38,Web,0,1,1
2141,Free,157,25,0.49,Mobile,25,0,1
2142,Premium,279,13,0.35,Web,0,1,0
2143,Free,189,77,0.3,Desktop,39,0,0
2144,Student,223,18,0.35,Desktop,0,1,0
2145,Student,114,71,0.4,Mobile,0,1,0
2146,Free,99,95,0.22,Desktop,27,0,0
2147,Family,298,60,0.34,Mobile,0,1,0
2148,Free,256,7,0.11,Web,5,0,0
2149,Free,30,82,0.11,Desktop,16,0,1
2150,Free,125,82,0.37,Mobile,39,0,1
2151,Premium,261,68,0.56,Web,0,1,0
2152,Student,17,47,0.14,Web,0,1,0
2153,Premium,131,55,0.5,Desktop,0,1,1
2154,Premium,83,25,0.14,Web,0,1,0
2155,Student,177,52,0.44,Web,0,1,0
2156,Student,165,76,0.1,Web,0,1,1
2157,Premium,210,34,0.27,Web,0,1,0
2158,Student,261,77,0.28,Web,0,1,0
2159,Family,291,43,0.06,Web,0,1,1
2160,Family,176,78,0.11,Web,0,1,1
2161,Student,102,20,0.41,Mobile,0,1,0
2162,Free,107,57,0.27,Web,41,0,1
2163,Premium,182,45,0.14,Web,0,1,0
2164,Free,167,54,0.48,Desktop,7,0,1
2165,Student,246,57,0.08,Desktop,0,1,1
2166,Free,185,64,0.45,Mobile,15,0,0
2167,Premium,86,42,0.56,Web,0,1,0
2168,Premium,265,61,0.3,Web,0,1,0
2169,Student,114,56,0.36,Desktop,0,1,0
2170,Free,240,65,0.54,Web,7,0,0
2171,Free,181,33,0.07,Web,38,0,0
2172,Premium,226,19,0.57,Web,0,1,0
2173,Free,145,73,0.38,Web,47,0,1
2174,Free,133,77,0.03,Desktop,8,0,1
2175,Student,115,3,0.18,Web,0,1,0
2176,Family,184,93,0.15,Mobile,0,1,0
2177,Free,41,48,0.18,Desktop,33,0,0
2178,Premium,288,93,0.17,Desktop,0,1,0
2179,Family,162,37,0.1,Desktop,0,1,1
2180,Free,240,47,0.56,Web,8,0,1
2181,Family,192,54,0.31,Desktop,0,1,1
2182,Free,106,8,0.21,Desktop,9,0,0
2183,Free,88,7,0.2,Web,45,0,0
2184,Student,19,13,0.53,Web,0,1,0
2185,Family,269,18,0.23,Desktop,0,1,1
2186,Free,174,78,0.56,Web,44,0,0
2187,Student,153,51,0.3,Mobile,0,1,1
2188,Free,113,78,0.25,Desktop,19,0,1
2189,Student,211,48,0.24,Mobile,0,1,0
2190,Student,14,75,0.36,Web,0,1,0
2191,Student,201,36,0.09,Desktop,0,1,0
2192,Free,162,34,0.35,Mobile,42,0,0
2193,Family,298,44,0.33,Mobile,0,1,0
2194,Family,167,73,0.31,Desktop,0,1,0
2195,Family,80,22,0.18,Mobile,0,1,0
2196,Premium,194,55,0.01,Mobile,0,1,0
2197,Student,141,82,0.2,Desktop,0,1,0
2198,Free,91,28,0.43,Web,26,0,0
2199,Student,20,91,0.11,Web,0,1,0
2200,Premium,250,78,0.19,Desktop,0,1,0
2201,Student,166,40,0.03,Desktop,0,1,0
2202,Premium,149,98,0.46,Web,0,1,0
2203,Family,17,85,0.46,Mobile,0,1,1
2204,Premium,128,59,0.15,Web,0,1,0
2205,Premium,129,48,0.21,Desktop,0,1,0
2206,Free,136,37,0.4,Desktop,5,0,0
2207,Family,130,88,0.51,Mobile,0,1,1
2208,Student,179,96,0.54,Mobile,0,1,0
2209,Family,43,61,0.07,Web,0,1,0
2210,Free,260,49,0.11,Mobile,34,0,0
2211,Student,64,52,0.55,Web,0,1,0
2212,Free,58,17,0.42,Desktop,46,0,0
2213,Student,276,78,0.1,Desktop,0,1,1
2214,Premium,130,80,0.51,Desktop,0,1,0
2215,Student,53,72,0.5,Web,0,1,1
2216,Premium,184,22,0.4,Mobile,0,1,0
2217,Family,209,21,0.56,Web,0,1,0
2218,Free,168,18,0.46,Web,6,0,0
2219,Student,27,20,0.44,Web,0,1,1
2220,Student,54,63,0.02,Web,0,1,1
2221,Free,22,80,0.6,Mobile,22,0,0
2222,Premium,87,83,0.46,Desktop,0,1,0
2223,Family,198,71,0.44,Mobile,0,1,0
2224,Family,252,34,0.48,Desktop,0,1,0
2225,Family,50,19,0.38,Desktop,0,1,0
2226,Student,171,18,0.04,Web,0,1,1
2227,Free,175,78,0.38,Mobile,31,0,0
2228,Family,213,79,0.51,Mobile,0,1,1
2229,Family,83,38,0.27,Desktop,0,1,0
2230,Student,235,73,0.03,Mobile,0,1,0
2231,Premium,276,30,0.17,Web,0,1,1
2232,Student,229,13,0.59,Desktop,0,1,1
2233,Free,94,39,0.08,Desktop,35,0,0
2234,Premium,201,41,0.44,Desktop,0,1,1
2235,Premium,90,86,0.56,Web,0,1,0
2236,Student,77,13,0.0,Web,0,1,0
2237,Free,94,91,0.02,Desktop,10,0,0
2238,Student,166,84,0.49,Mobile,0,1,0
2239,Premium,235,43,0.57,Web,0,1,0
2240,Student,105,70,0.15,Mobile,0,1,0
2241,Premium,97,56,0.42,Desktop,0,1,0
2242,Student,168,81,0.09,Mobile,0,1,0
2243,Free,19,52,0.35,Desktop,17,0,0
2244,Free,294,60,0.39,Web,18,0,0
2245,Free,137,5,0.38,Desktop,16,0,0
2246,Free,161,31,0.39,Desktop,46,0,0
2247,Premium,253,62,0.21,Mobile,0,1,0
2248,Premium,221,99,0.29,Web,0,1,1
2249,Student,31,83,0.1,Web,0,1,0
2250,Student,170,40,0.21,Desktop,0,1,0
2251,Student,213,72,0.11,Desktop,0,1,0
2252,Free,163,86,0.05,Mobile,45,0,1
2253,Premium,175,29,0.58,Web,0,1,1
2254,Free,155,25,0.38,Web,16,0,0
2255,Family,136,86,0.55,Web,0,1,1
2256,Premium,48,79,0.22,Desktop,0,1,0
2257,Free,141,34,0.1,Web,45,0,0
2258,Family,33,10,0.2,Mobile,0,1,0
2259,Student,290,89,0.4,Desktop,0,1,0
2260,Student,50,49,0.21,Web,0,1,0
2261,Family,266,97,0.4,Web,0,1,0
2262,Student,294,20,0.14,Web,0,1,0
2263,Premium,194,7,0.22,Web,0,1,1
2264,Premium,260,99,0.34,Desktop,0,1,0
2265,Student,283,28,0.18,Desktop,0,1,0
2266,Student,135,91,0.43,Mobile,0,1,0
2267,Student,28,70,0.2,Web,0,1,0
2268,Premium,45,60,0.36,Desktop,0,1,0
2269,Family,234,61,0.46,Mobile,0,1,0
2270,Family,270,49,0.23,Web,0,1,0
2271,Premium,120,97,0.16,Mobile,0,1,0
2272,Student,229,96,0.09,Desktop,0,1,1
2273,Family,126,3,0.55,Web,0,1,0
2274,Premium,172,41,0.08,Web,0,1,0
2275,Premium,166,75,0.22,Desktop,0,1,0
2276,Family,49,83,0.55,Web,0,1,0
2277,Free,279,7,0.05,Desktop,30,0,0
2278,Free,235,71,0.45,Desktop,42,0,0
2279,Free,91,1,0.49,Web,42,0,0
2280,Premium,215,4,0.37,Mobile,0,1,1
2281,Family,175,54,0.51,Mobile,0,1,1
2282,Premium,182,77,0.34,Web,0,1,0
2283,Free,86,50,0.16,Web,42,0,1
2284,Family,189,93,0.58,Desktop,0,1,0
2285,Free,77,43,0.1,Web,37,0,1
2286,Free,71,8,0.18,Desktop,7,0,1
2287,Family,235,30,0.44,Mobile,0,1,1
2288,Student,295,24,0.24,Web,0,1,0
2289,Family,105,52,0.34,Desktop,0,1,0
2290,Student,32,95,0.49,Desktop,0,1,0
2291,Family,183,15,0.38,Desktop,0,1,0
2292,Premium,86,9,0.4,Mobile,0,1,1
2293,Premium,163,85,0.19,Web,0,1,0
2294,Free,46,70,0.3,Desktop,46,0,0
2295,Premium,146,91,0.5,Web,0,1,1
2296,Free,121,92,0.31,Mobile,18,0,0
2297,Free,119,87,0.55,Web,26,0,1
2298,Free,45,36,0.21,Mobile,33,0,0
2299,Free,47,35,0.25,Desktop,14,0,0
2300,Family,50,79,0.23,Desktop,0,1,0
2301,Premium,273,88,0.54,Web,0,1,0
2302,Premium,147,19,0.49,Mobile,0,1,0
2303,Student,51,39,0.28,Web,0,1,1
2304,Premium,13,34,0.05,Desktop,0,1,0
2305,Free,158,50,0.08,Mobile,14,0,1
2306,Premium,46,26,0.23,Mobile,0,1,0
2307,Family,37,72,0.09,Web,0,1,0
2308,Family,246,21,0.05,Web,0,1,0
2309,Student,238,98,0.32,Mobile,0,1,0
2310,Student,198,18,0.29,Desktop,0,1,1
2311,Premium,129,12,0.01,Desktop,0,1,0
2312,Family,297,62,0.45,Web,0,1,0
2313,Student,281,33,0.49,Mobile,0,1,0
2314,Premium,120,74,0.27,Web,0,1,0
2315,Family,113,51,0.53,Web,0,1,0
2316,Free,288,22,0.53,Web,49,0,1
2317,Premium,198,42,0.06,Desktop,0,1,0
2318,Premium,228,88,0.07,Desktop,0,1,0
2319,Family,44,61,0.31,Mobile,0,1,1
2320,Student,203,3,0.4,Web,0,1,0
2321,Premium,272,39,0.01,Mobile,0,1,0
2322,Free,273,28,0.29,Web,35,0,0
2323,Family,137,23,0.19,Desktop,0,1,0
2324,Premium,127,75,0.39,Desktop,0,1,1
2325,Student,13,71,0.32,Mobile,0,1,0
2326,Family,18,33,0.17,Desktop,0,1,0
2327,Family,150,71,0.02,Desktop,0,1,0
2328,Student,140,3,0.02,Desktop,0,1,0
2329,Free,28,3,0.37,Web,46,0,0
2330,Free,53,1,0.34,Web,5,0,0
2331,Premium,290,95,0.09,Mobile,0,1,0
2332,Family,214,92,0.18,Desktop,0,1,0
2333,Student,170,35,0.47,Web,0,1,0
2334,Student,202,65,0.18,Desktop,0,1,1
2335,Student,250,93,0.45,Desktop,0,1,0
2336,Family,159,81,0.06,Desktop,0,1,1
2337,Premium,165,62,0.27,Web,0,1,0
2338,Premium,118,95,0.48,Desktop,0,1,1
2339,Premium,91,8,0.56,Desktop,0,1,0
2340,Free,72,70,0.47,Web,46,0,0
2341,Premium,188,32,0.03,Desktop,0,1,1
2342,Student,172,52,0.32,Mobile,0,1,0
2343,Student,30,90,0.27,Mobile,0,1,0
2344,Premium,49,38,0.11,Desktop,0,1,0
2345,Free,128,14,0.35,Web,7,0,0
2346,Premium,119,11,0.27,Mobile,0,1,0
2347,Premium,80,28,0.37,Web,0,1,0
2348,Student,84,86,0.38,Mobile,0,1,0
2349,Student,87,88,0.4,Web,0,1,0
2350,Family,22,72,0.11,Mobile,0,1,0
2351,Student,199,90,0.55,Web,0,1,0
2352,Student,163,97,0.53,Web,0,1,0
2353,Family,92,40,0.42,Mobile,0,1,0
2354,Free,252,11,0.35,Web,28,0,0
2355,Free,124,35,0.45,Web,28,0,1
2356,Student,271,29,0.07,Desktop,0,1,1
2357,Premium,26,96,0.24,Web,0,1,0
2358,Student,50,33,0.1,Mobile,0,1,0
2359,Free,275,40,0.15,Desktop,47,0,0
2360,Family,175,75,0.5,Desktop,0,1,0
2361,Free,109,70,0.22,Web,37,0,0
2362,Premium,187,54,0.52,Mobile,0,1,0
2363,Student,244,22,0.37,Desktop,0,1,0
2364,Student,123,8,0.48,Desktop,0,1,0
2365,Premium,15,67,0.41,Desktop,0,1,1
2366,Free,88,11,0.54,Mobile,47,0,1
2367,Premium,122,28,0.56,Mobile,0,1,0
2368,Family,169,33,0.51,Web,0,1,0
2369,Premium,68,57,0.4,Web,0,1,0
2370,Family,62,57,0.34,Mobile,0,1,0
2371,Student,67,60,0.31,Desktop,0,1,0
2372,Family,254,57,0.43,Web,0,1,0
2373,Premium,128,64,0.45,Web,0,1,0
2374,Student,126,57,0.3,Mobile,0,1,0
2375,Free,156,18,0.18,Desktop,17,0,0
2376,Student,22,4,0.33,Mobile,0,1,0
2377,Free,32,98,0.25,Mobile,18,0,0
2378,Student,52,50,0.18,Mobile,0,1,1
2379,Free,162,96,0.57,Mobile,24,0,0
2380,Student,85,7,0.39,Web,0,1,0
2381,Free,204,22,0.5,Desktop,31,0,0
2382,Family,193,78,0.13,Web,0,1,0
2383,Family,298,33,0.42,Desktop,0,1,1
2384,Free,219,8,0.45,Web,39,0,0
2385,Premium,282,8,0.45,Mobile,0,1,1
2386,Free,135,13,0.47,Web,10,0,0
2387,Premium,100,48,0.53,Mobile,0,1,0
2388,Student,44,64,0.35,Desktop,0,1,0
2389,Premium,153,26,0.15,Desktop,0,1,1
2390,Student,283,85,0.3,Web,0,1,0
2391,Free,296,67,0.17,Mobile,31,0,0
2392,Free,284,92,0.03,Web,35,0,0
2393,Family,51,67,0.08,Mobile,0,1,0
2394,Student,67,50,0.5,Desktop,0,1,0
2395,Student,131,66,0.33,Desktop,0,1,0
2396,Student,108,97,0.48,Web,0,1,0
2397,Premium,193,71,0.08,Desktop,0,1,0
2398,Free,185,18,0.48,Desktop,49,0,1
2399,Family,207,2,0.05,Mobile,0,1,0
2400,Student,168,52,0.29,Web,0,1,0
2401,Free,266,8,0.08,Web,23,0,0
2402,Premium,72,52,0.5,Desktop,0,1,0
2403,Family,25,87,0.58,Mobile,0,1,0
2404,Free,166,22,0.44,Web,5,0,0
2405,Student,126,28,0.46,Web,0,1,0
2406,Family,160,29,0.4,Web,0,1,1
2407,Free,31,86,0.39,Mobile,43,0,1
2408,Free,281,42,0.36,Web,40,0,0
2409,Free,231,86,0.14,Web,11,0,1
2410,Free,95,87,0.2,Desktop,42,0,1
2411,Premium,182,47,0.51,Web,0,1,0
2412,Premium,76,41,0.05,Mobile,0,1,1
2413,Free,151,77,0.03,Desktop,46,0,0
2414,Student,105,92,0.28,Mobile,0,1,0
2415,Family,23,43,0.42,Web,0,1,0
2416,Student,60,19,0.44,Desktop,0,1,1
2417,Family,237,66,0.41,Mobile,0,1,0
2418,Premium,15,1,0.06,Desktop,0,1,0
2419,Premium,129,55,0.14,Mobile,0,1,0
2420,Free,158,69,0.27,Web,5,0,0
2421,Free,95,63,0.16,Desktop,43,0,0
2422,Student,157,47,0.58,Mobile,0,1,0
2423,Premium,284,71,0.45,Web,0,1,0
2424,Free,224,41,0.45,Mobile,11,0,0
2425,Student,176,15,0.47,Web,0,1,0
2426,Premium,199,45,0.11,Mobile,0,1,0
2427,Student,87,79,0.07,Desktop,0,1,0
2428,Student,35,39,0.41,Web,0,1,0
2429,Family,126,53,0.05,Desktop,0,1,1
2430,Student,186,8,0.14,Web,0,1,0
2431,Family,14,84,0.56,Mobile,0,1,1
2432,Free,42,38,0.55,Desktop,36,0,1
2433,Free,264,56,0.23,Mobile,47,0,0
2434,Premium,80,11,0.15,Desktop,0,1,1
2435,Family,279,85,0.34,Web,0,1,1
2436,Free,226,2,0.47,Desktop,13,0,0
2437,Premium,79,20,0.48,Mobile,0,1,0
2438,Premium,179,56,0.34,Mobile,0,1,0
2439,Student,240,13,0.28,Mobile,0,1,0
2440,Free,257,11,0.47,Mobile,41,0,0
2441,Student,293,69,0.23,Mobile,0,1,0
2442,Family,267,40,0.43,Desktop,0,1,0
2443,Free,283,27,0.54,Mobile,11,0,1
2444,Premium,69,83,0.37,Mobile,0,1,0
2445,Student,21,35,0.44,Web,0,1,0
2446,Free,218,33,0.26,Mobile,30,0,0
2447,Student,149,25,0.58,Web,0,1,0
2448,Family,84,86,0.26,Mobile,0,1,1
2449,Free,69,51,0.06,Mobile,16,0,0
2450,Free,252,68,0.42,Desktop,24,0,0
2451,Premium,13,75,0.14,Web,0,1,1
2452,Free,290,74,0.53,Mobile,36,0,0
2453,Premium,13,7,0.41,Web,0,1,1
2454,Premium,165,19,0.51,Web,0,1,0
2455,Premium,131,82,0.25,Web,0,1,1
2456,Free,50,71,0.03,Web,21,0,0
2457,Family,116,75,0.51,Web,0,1,0
2458,Family,27,48,0.43,Desktop,0,1,1
2459,Free,77,89,0.12,Web,12,0,0
2460,Free,28,4,0.36,Desktop,34,0,0
2461,Family,249,25,0.15,Mobile,0,1,0
2462,Free,146,77,0.33,Mobile,42,0,0
2463,Premium,216,20,0.41,Web,0,1,0
2464,Premium,56,8,0.17,Desktop,0,1,0
2465,Free,48,86,0.55,Mobile,28,0,0
2466,Free,285,59,0.22,Mobile,31,0,0
2467,Student,214,79,0.52,Web,0,1,0
2468,Premium,27,40,0.2,Web,0,1,0
2469,Free,87,65,0.57,Web,36,0,0
2470,Family,205,83,0.07,Web,0,1,0
2471,Free,289,3,0.05,Web,37,0,1
2472,Student,11,92,0.32,Mobile,0,1,1
2473,Student,87,10,0.07,Mobile,0,1,0
2474,Family,19,5,0.22,Mobile,0,1,0
2475,Free,262,59,0.28,Mobile,38,0,0
2476,Family,295,32,0.35,Mobile,0,1,0
2477,Premium,148,13,0.34,Mobile,0,1,0
2478,Family,126,91,0.4,Desktop,0,1,0
2479,Free,188,86,0.11,Mobile,46,0,0
2480,Premium,296,78,0.08,Web,0,1,0
2481,Free,11,86,0.3,Web,41,0,0
2482,Premium,23,89,0.16,Mobile,0,1,0
2483,Student,82,83,0.34,Desktop,0,1,0
2484,Premium,270,77,0.57,Desktop,0,1,0
2485,Family,45,55,0.6,Mobile,0,1,1
2486,Family,135,11,0.48,Web,0,1,0
2487,Student,170,96,0.01,Mobile,0,1,0
2488,Family,246,34,0.31,Web,0,1,0
2489,Student,166,55,0.37,Mobile,0,1,1
2490,Student,100,24,0.1,Web,0,1,1
2491,Premium,294,36,0.4,Web,0,1,1
2492,Student,175,66,0.13,Mobile,0,1,0
2493,Free,296,9,0.0,Mobile,18,0,1
2494,Free,21,19,0.52,Mobile,32,0,0
2495,Family,82,24,0.52,Web,0,1,1
2496,Student,213,25,0.12,Mobile,0,1,1
2497,Student,271,70,0.31,Desktop,0,1,1
2498,Family,187,38,0.03,Web,0,1,0
2499,Free,251,15,0.12,Web,48,0,0
2500,Family,293,88,0.1,Mobile,0,1,1
2501,Premium,95,77,0.01,Desktop,0,1,0
2502,Student,225,26,0.33,Mobile,0,1,0
2503,Student,143,17,0.36,Mobile,0,1,0
2504,Premium,157,82,0.2,Mobile,0,1,1
2505,Free,285,44,0.48,Web,21,0,0
2506,Family,263,71,0.18,Mobile,0,1,0
2507,Student,235,7,0.42,Desktop,0,1,0
2508,Family,112,13,0.54,Desktop,0,1,0
2509,Premium,208,86,0.1,Web,0,1,1
2510,Student,184,90,0.51,Desktop,0,1,1
2511,Student,129,50,0.34,Mobile,0,1,0
2512,Premium,211,99,0.07,Mobile,0,1,0
2513,Premium,146,38,0.38,Mobile,0,1,1
2514,Family,297,33,0.57,Mobile,0,1,0
2515,Family,28,70,0.19,Mobile,0,1,0
2516,Family,84,23,0.26,Desktop,0,1,1
2517,Premium,103,40,0.33,Mobile,0,1,0
2518,Premium,282,73,0.29,Mobile,0,1,1
2519,Family,157,12,0.56,Web,0,1,0
2520,Free,152,11,0.23,Web,16,0,0
2521,Premium,233,11,0.1,Mobile,0,1,0
2522,Student,111,61,0.41,Web,0,1,0
2523,Premium,297,95,0.28,Web,0,1,0
2524,Student,46,29,0.4,Web,0,1,0
2525,Free,56,57,0.58,Mobile,16,0,1
2526,Free,118,72,0.06,Mobile,8,0,0
2527,Free,98,82,0.44,Web,24,0,0
2528,Student,178,73,0.14,Mobile,0,1,1
2529,Family,97,71,0.22,Desktop,0,1,1
2530,Premium,165,16,0.19,Mobile,0,1,0
2531,Premium,85,78,0.03,Web,0,1,0
2532,Family,137,19,0.2,Mobile,0,1,0
2533,Premium,215,58,0.23,Web,0,1,0
2534,Student,48,53,0.59,Desktop,0,1,0
2535,Family,60,85,0.45,Web,0,1,1
2536,Family,229,40,0.28,Web,0,1,0
2537,Student,33,58,0.54,Web,0,1,0
2538,Family,272,27,0.43,Web,0,1,0
2539,Student,126,48,0.36,Mobile,0,1,1
2540,Premium,201,65,0.13,Mobile,0,1,0
2541,Premium,143,92,0.06,Mobile,0,1,0
2542,Premium,52,5,0.47,Mobile,0,1,1
2543,Free,19,37,0.49,Mobile,30,0,1
2544,Premium,151,59,0.32,Mobile,0,1,0
2545,Premium,137,20,0.44,Web,0,1,1
2546,Student,273,6,0.18,Mobile,0,1,0
2547,Family,132,14,0.6,Web,0,1,0
2548,Family,190,11,0.19,Web,0,1,0
2549,Premium,107,50,0.27,Web,0,1,0
2550,Family,296,30,0.28,Web,0,1,0
2551,Student,102,85,0.51,Web,0,1,0
2552,Student,39,32,0.04,Web,0,1,0
2553,Student,77,25,0.05,Mobile,0,1,0
2554,Student,34,33,0.26,Desktop,0,1,0
2555,Free,110,46,0.17,Mobile,22,0,0
2556,Free,154,69,0.48,Web,10,0,0
2557,Student,207,61,0.37,Web,0,1,1
2558,Free,212,85,0.28,Web,19,0,0
2559,Family,143,48,0.38,Desktop,0,1,1
2560,Family,207,22,0.15,Desktop,0,1,0
2561,Premium,78,53,0.31,Web,0,1,1
2562,Student,266,50,0.54,Desktop,0,1,0
2563,Premium,175,14,0.56,Web,0,1,0
2564,Free,21,57,0.22,Desktop,30,0,0
2565,Student,122,98,0.6,Web,0,1,1
2566,Premium,265,91,0.46,Desktop,0,1,0
2567,Family,76,93,0.28,Mobile,0,1,0
2568,Premium,223,90,0.18,Desktop,0,1,1
2569,Free,83,60,0.31,Web,8,0,0
2570,Free,180,8,0.06,Mobile,43,0,0
2571,Family,23,41,0.1,Mobile,0,1,0
2572,Student,190,96,0.19,Mobile,0,1,0
2573,Family,55,47,0.39,Web,0,1,1
2574,Family,163,4,0.51,Desktop,0,1,1
2575,Premium,108,82,0.23,Desktop,0,1,0
2576,Student,184,4,0.57,Mobile,0,1,0
2577,Family,123,50,0.03,Desktop,0,1,0
2578,Free,285,92,0.48,Desktop,17,0,0
2579,Free,197,81,0.01,Desktop,17,0,0
2580,Premium,47,96,0.54,Web,0,1,0
2581,Student,90,65,0.25,Mobile,0,1,1
2582,Family,11,35,0.23,Web,0,1,1
2583,Premium,234,10,0.38,Desktop,0,1,0
2584,Family,197,9,0.58,Web,0,1,0
2585,Student,46,85,0.01,Desktop,0,1,0
2586,Student,181,72,0.41,Desktop,0,1,1
2587,Premium,114,64,0.1,Mobile,0,1,1
2588,Premium,55,68,0.28,Web,0,1,1
2589,Premium,120,84,0.55,Mobile,0,1,1
2590,Free,149,21,0.4,Mobile,33,0,0
2591,Free,151,85,0.57,Mobile,20,0,0
2592,Premium,257,96,0.58,Desktop,0,1,0
2593,Student,257,8,0.09,Web,0,1,0
2594,Premium,33,98,0.51,Web,0,1,1
2595,Student,296,32,0.24,Web,0,1,0
2596,Student,146,54,0.12,Web,0,1,0
2597,Student,27,99,0.15,Mobile,0,1,0
2598,Premium,75,71,0.51,Desktop,0,1,0
2599,Premium,171,50,0.41,Desktop,0,1,0
2600,Family,23,76,0.5,Mobile,0,1,0
2601,Premium,230,61,0.29,Desktop,0,1,0
2602,Free,164,97,0.1,Web,26,0,0
2603,Student,120,53,0.4,Mobile,0,1,1
2604,Free,220,48,0.45,Web,18,0,0
2605,Free,33,20,0.24,Mobile,23,0,1
2606,Free,10,57,0.06,Desktop,39,0,0
2607,Student,275,60,0.38,Mobile,0,1,0
2608,Free,147,27,0.18,Mobile,39,0,0
2609,Premium,211,4,0.14,Web,0,1,1
2610,Free,39,9,0.6,Desktop,40,0,0
2611,Family,111,10,0.56,Web,0,1,0
2612,Family,109,23,0.46,Desktop,0,1,1
2613,Free,64,7,0.07,Mobile,40,0,0
2614,Premium,18,43,0.51,Desktop,0,1,1
2615,Premium,141,45,0.12,Desktop,0,1,0
2616,Premium,89,80,0.31,Mobile,0,1,0
2617,Family,260,38,0.51,Desktop,0,1,0
2618,Family,149,79,0.12,Desktop,0,1,1
2619,Student,88,37,0.09,Desktop,0,1,0
2620,Student,251,35,0.32,Web,0,1,1
2621,Free,256,43,0.51,Mobile,11,0,1
2622,Premium,191,72,0.24,Mobile,0,1,0
2623,Family,222,72,0.6,Web,0,1,0
2624,Premium,248,60,0.26,Web,0,1,0
2625,Premium,247,51,0.38,Web,0,1,0
2626,Free,183,30,0.36,Desktop,24,0,1
2627,Premium,144,84,0.52,Mobile,0,1,0
2628,Family,13,63,0.13,Mobile,0,1,0
2629,Premium,188,97,0.01,Web,0,1,0
2630,Premium,128,15,0.11,Web,0,1,1
2631,Premium,160,75,0.12,Desktop,0,1,0
2632,Family,102,25,0.33,Desktop,0,1,0
2633,Premium,120,93,0.57,Mobile,0,1,0
2634,Free,61,29,0.25,Desktop,34,0,0
2635,Premium,45,60,0.24,Desktop,0,1,1
2636,Student,111,32,0.22,Desktop,0,1,0
2637,Student,112,92,0.2,Desktop,0,1,0
2638,Family,78,43,0.1,Desktop,0,1,1
2639,Family,280,57,0.07,Web,0,1,1
2640,Free,246,91,0.17,Web,49,0,0
2641,Premium,13,84,0.38,Desktop,0,1,0
2642,Free,209,68,0.24,Mobile,34,0,0
2643,Family,12,74,0.14,Mobile,0,1,0
2644,Family,213,34,0.06,Mobile,0,1,0
2645,Premium,276,60,0.01,Desktop,0,1,0
2646,Student,238,20,0.02,Desktop,0,1,0
2647,Free,167,84,0.5,Mobile,16,0,1
2648,Student,123,39,0.03,Mobile,0,1,0
2649,Premium,28,49,0.3,Web,0,1,0
2650,Student,55,92,0.5,Mobile,0,1,1
2651,Premium,17,23,0.27,Desktop,0,1,0
2652,Free,209,59,0.31,Mobile,44,0,0
2653,Family,31,55,0.57,Web,0,1,0
2654,Student,122,64,0.48,Web,0,1,0
2655,Family,274,17,0.46,Mobile,0,1,1
2656,Premium,153,70,0.59,Desktop,0,1,1
2657,Free,117,14,0.4,Desktop,39,0,0
2658,Premium,14,80,0.42,Mobile,0,1,0
2659,Family,173,31,0.05,Desktop,0,1,0
2660,Free,277,54,0.3,Desktop,29,0,0
2661,Student,77,12,0.34,Mobile,0,1,0
2662,Student,229,37,0.37,Web,0,1,0
2663,Premium,39,62,0.04,Mobile,0,1,0
2664,Free,174,16,0.44,Mobile,46,0,0
2665,Family,278,16,0.46,Mobile,0,1,0
2666,Free,253,98,0.33,Mobile,38,0,0
2667,Family,182,37,0.39,Desktop,0,1,1
2668,Student,36,49,0.13,Web,0,1,0
2669,Free,12,48,0.51,Desktop,26,0,0
2670,Premium,183,63,0.36,Desktop,0,1,1
2671,Student,41,76,0.45,Desktop,0,1,0
2672,Premium,242,49,0.24,Mobile,0,1,1
2673,Free,275,43,0.58,Mobile,38,0,0
2674,Premium,76,6,0.02,Web,0,1,0
2675,Premium,103,15,0.58,Desktop,0,1,0
2676,Premium,163,72,0.05,Mobile,0,1,0
2677,Family,92,16,0.17,Desktop,0,1,0
2678,Free,134,78,0.29,Mobile,36,0,0
2679,Free,288,31,0.17,Web,42,0,0
2680,Student,26,81,0.03,Web,0,1,0
2681,Premium,246,8,0.36,Web,0,1,0
2682,Premium,224,2,0.17,Mobile,0,1,0
2683,Premium,52,37,0.44,Mobile,0,1,0
2684,Premium,67,59,0.51,Desktop,0,1,0
2685,Free,254,33,0.06,Desktop,28,0,0
2686,Free,74,23,0.27,Mobile,47,0,0
2687,Student,296,79,0.32,Web,0,1,0
2688,Family,146,83,0.08,Mobile,0,1,1
2689,Student,96,73,0.24,Desktop,0,1,0
2690,Student,203,42,0.05,Web,0,1,1
2691,Free,274,3,0.22,Mobile,18,0,0
2692,Premium,145,67,0.25,Web,0,1,0
2693,Student,122,97,0.24,Mobile,0,1,1
2694,Family,41,88,0.14,Mobile,0,1,0
2695,Family,298,61,0.53,Desktop,0,1,1
2696,Student,64,75,0.14,Web,0,1,0
2697,Premium,237,91,0.17,Web,0,1,1
2698,Free,16,72,0.05,Mobile,11,0,1
2699,Free,180,29,0.16,Web,44,0,1
2700,Free,143,19,0.11,Desktop,25,0,0
2701,Premium,50,13,0.45,Desktop,0,1,0
2702,Premium,99,77,0.01,Desktop,0,1,1
2703,Student,131,25,0.08,Web,0,1,0
2704,Premium,164,55,0.48,Web,0,1,0
2705,Student,184,12,0.56,Desktop,0,1,0
2706,Premium,94,57,0.55,Web,0,1,0
2707,Free,220,22,0.36,Desktop,15,0,0
2708,Premium,180,9,0.34,Desktop,0,1,0
2709,Student,104,3,0.3,Web,0,1,0
2710,Free,260,29,0.03,Web,6,0,0
2711,Premium,52,97,0.1,Web,0,1,0
2712,Family,27,50,0.14,Mobile,0,1,1
2713,Student,236,4,0.1,Desktop,0,1,0
2714,Premium,252,45,0.57,Desktop,0,1,0
2715,Premium,190,80,0.5,Desktop,0,1,0
2716,Free,266,81,0.45,Desktop,31,0,0
2717,Free,72,22,0.58,Web,12,0,1
2718,Premium,43,50,0.27,Web,0,1,0
2719,Premium,210,88,0.2,Desktop,0,1,0
2720,Student,253,98,0.25,Desktop,0,1,0
2721,Premium,78,12,0.47,Web,0,1,0
2722,Student,223,60,0.15,Web,0,1,0
2723,Student,187,37,0.37,Mobile,0,1,1
2724,Premium,232,43,0.1,Mobile,0,1,0
2725,Free,92,49,0.4,Mobile,5,0,0
2726,Premium,230,39,0.46,Mobile,0,1,0
2727,Free,264,95,0.52,Desktop,35,0,0
2728,Premium,174,27,0.03,Mobile,0,1,0
2729,Student,17,78,0.26,Mobile,0,1,0
2730,Student,30,73,0.27,Web,0,1,1
2731,Free,217,50,0.44,Desktop,28,0,1
2732,Free,52,17,0.09,Mobile,15,0,1
2733,Family,67,79,0.21,Web,0,1,0
2734,Premium,248,67,0.4,Desktop,0,1,1
2735,Free,51,17,0.51,Web,49,0,1
2736,Family,65,34,0.44,Desktop,0,1,0
2737,Premium,245,21,0.35,Desktop,0,1,0
2738,Premium,202,4,0.24,Mobile,0,1,0
2739,Family,227,40,0.6,Web,0,1,0
2740,Student,104,13,0.39,Web,0,1,0
2741,Premium,41,54,0.58,Desktop,0,1,1
2742,Premium,241,87,0.26,Web,0,1,0
2743,Free,249,61,0.28,Desktop,39,0,0
2744,Premium,115,53,0.18,Web,0,1,1
2745,Student,236,82,0.2,Web,0,1,0
2746,Premium,187,74,0.22,Desktop,0,1,0
2747,Free,123,55,0.59,Web,39,0,0
2748,Student,27,77,0.36,Web,0,1,1
2749,Student,215,76,0.13,Web,0,1,0
2750,Free,29,87,0.29,Mobile,25,0,0
2751,Family,42,84,0.1,Desktop,0,1,1
2752,Family,118,69,0.36,Mobile,0,1,0
2753,Family,142,29,0.09,Desktop,0,1,0
2754,Free,182,52,0.3,Web,18,0,0
2755,Student,204,40,0.01,Mobile,0,1,0
2756,Premium,188,23,0.11,Desktop,0,1,0
2757,Free,232,18,0.49,Desktop,25,0,0
2758,Student,274,14,0.2,Desktop,0,1,0
2759,Free,32,65,0.19,Mobile,34,0,0
2760,Student,210,33,0.33,Desktop,0,1,0
2761,Free,111,47,0.33,Mobile,25,0,0
2762,Premium,196,11,0.51,Web,0,1,0
2763,Free,125,94,0.02,Web,15,0,0
2764,Student,86,9,0.28,Mobile,0,1,1
2765,Family,12,35,0.13,Mobile,0,1,0
2766,Premium,242,88,0.25,Mobile,0,1,1
2767,Student,21,61,0.19,Web,0,1,0
2768,Family,16,72,0.58,Desktop,0,1,0
2769,Student,168,51,0.29,Desktop,0,1,0
2770,Student,253,9,0.39,Desktop,0,1,1
2771,Free,203,71,0.45,Web,36,0,1
2772,Premium,28,2,0.5,Web,0,1,1
2773,Free,132,18,0.34,Mobile,13,0,0
2774,Family,267,28,0.14,Desktop,0,1,0
2775,Student,98,92,0.42,Mobile,0,1,0
2776,Premium,62,17,0.02,Web,0,1,0
2777,Student,138,42,0.53,Desktop,0,1,0
2778,Free,246,62,0.57,Desktop,15,0,0
2779,Student,159,75,0.22,Mobile,0,1,1
2780,Family,216,72,0.0,Web,0,1,0
2781,Student,279,58,0.38,Web,0,1,0
2782,Premium,142,68,0.23,Mobile,0,1,0
2783,Premium,273,68,0.23,Web,0,1,0
2784,Family,135,27,0.3,Desktop,0,1,1
2785,Student,281,50,0.27,Desktop,0,1,0
2786,Free,26,18,0.56,Mobile,37,0,1
2787,Free,225,46,0.21,Desktop,8,0,0
2788,Premium,115,65,0.19,Mobile,0,1,0
2789,Premium,88,81,0.46,Web,0,1,0
2790,Student,25,84,0.01,Web,0,1,0
2791,Student,235,49,0.08,Web,0,1,0
2792,Premium,232,71,0.11,Mobile,0,1,0
2793,Family,14,6,0.26,Mobile,0,1,0
2794,Family,120,89,0.55,Web,0,1,0
2795,Premium,93,15,0.15,Web,0,1,0
2796,Student,43,88,0.58,Mobile,0,1,0
2797,Free,44,10,0.19,Desktop,48,0,1
2798,Free,46,66,0.2,Web,11,0,0
2799,Premium,276,69,0.57,Web,0,1,1
2800,Free,161,50,0.11,Web,30,0,0
2801,Premium,275,66,0.25,Web,0,1,1
2802,Student,182,69,0.48,Mobile,0,1,0
2803,Family,261,53,0.27,Desktop,0,1,0
2804,Free,266,72,0.24,Desktop,12,0,0
2805,Free,271,68,0.43,Desktop,44,0,0
2806,Free,264,27,0.05,Web,24,0,0
2807,Premium,281,7,0.12,Desktop,0,1,1
2808,Student,207,19,0.59,Web,0,1,0
2809,Family,243,2,0.48,Desktop,0,1,0
2810,Student,228,76,0.1,Desktop,0,1,0
2811,Family,243,41,0.42,Desktop,0,1,0
2812,Family,60,96,0.29,Web,0,1,0
2813,Student,145,37,0.22,Desktop,0,1,0
2814,Premium,32,87,0.46,Mobile,0,1,1
2815,Student,183,50,0.59,Mobile,0,1,1
2816,Family,26,84,0.35,Mobile,0,1,1
2817,Student,140,92,0.28,Mobile,0,1,1
2818,Family,286,42,0.4,Web,0,1,0
2819,Free,236,59,0.27,Desktop,46,0,0
2820,Family,31,19,0.33,Desktop,0,1,0
2821,Premium,188,82,0.52,Desktop,0,1,0
2822,Free,12,8,0.03,Mobile,34,0,0
2823,Family,164,49,0.08,Desktop,0,1,0
2824,Student,245,20,0.52,Web,0,1,0
2825,Family,38,96,0.37,Web,0,1,1
2826,Family,76,44,0.13,Desktop,0,1,1
2827,Free,196,6,0.07,Desktop,37,0,1
2828,Free,150,47,0.51,Mobile,43,0,0
2829,Student,281,40,0.35,Mobile,0,1,0
2830,Family,110,85,0.24,Desktop,0,1,0
2831,Family,106,70,0.04,Web,0,1,1
2832,Student,137,59,0.1,Web,0,1,0
2833,Family,251,40,0.42,Mobile,0,1,1
2834,Free,187,63,0.35,Mobile,29,0,1
2835,Student,173,55,0.2,Desktop,0,1,0
2836,Premium,255,42,0.58,Web,0,1,1
2837,Student,155,77,0.31,Desktop,0,1,0
2838,Free,213,40,0.22,Mobile,17,0,1
2839,Student,150,70,0.1,Mobile,0,1,1
2840,Free,202,90,0.16,Mobile,16,0,0
2841,Family,260,25,0.36,Desktop,0,1,0
2842,Free,171,19,0.44,Web,11,0,1
2843,Student,199,57,0.3,Web,0,1,0
2844,Family,103,85,0.1,Desktop,0,1,0
2845,Free,246,16,0.36,Web,42,0,0
2846,Student,174,44,0.5,Mobile,0,1,0
2847,Premium,235,72,0.28,Web,0,1,0
2848,Free,219,93,0.22,Desktop,10,0,0
2849,Student,245,63,0.58,Mobile,0,1,1
2850,Premium,193,7,0.51,Mobile,0,1,1
2851,Premium,279,32,0.59,Web,0,1,0
2852,Premium,205,39,0.55,Web,0,1,0
2853,Free,251,62,0.38,Web,5,0,0
2854,Free,190,41,0.3,Web,21,0,0
2855,Premium,184,98,0.28,Web,0,1,1
2856,Family,267,14,0.56,Mobile,0,1,0
2857,Family,118,76,0.27,Desktop,0,1,0
2858,Free,96,7,0.21,Mobile,35,0,0
2859,Family,172,35,0.56,Web,0,1,0
2860,Student,10,38,0.3,Desktop,0,1,0
2861,Free,45,19,0.51,Desktop,13,0,0
2862,Free,50,13,0.21,Desktop,23,0,0
2863,Free,183,48,0.43,Mobile,41,0,0
2864,Family,213,19,0.09,Desktop,0,1,0
2865,Family,211,60,0.16,Desktop,0,1,1
2866,Free,59,87,0.24,Web,16,0,0
2867,Family,161,72,0.32,Web,0,1,1
2868,Student,103,95,0.0,Mobile,0,1,0
2869,Premium,89,24,0.44,Mobile,0,1,1
2870,Family,137,2,0.13,Web,0,1,0
2871,Premium,257,58,0.35,Web,0,1,0
2872,Family,148,48,0.3,Web,0,1,1
2873,Student,295,88,0.42,Desktop,0,1,0
2874,Premium,114,96,0.04,Desktop,0,1,0
2875,Free,167,18,0.14,Desktop,9,0,0
2876,Family,255,43,0.4,Desktop,0,1,0
2877,Free,266,15,0.41,Mobile,8,0,0
2878,Family,42,5,0.12,Web,0,1,0
2879,Premium,52,4,0.55,Web,0,1,0
2880,Student,67,58,0.31,Desktop,0,1,1
2881,Premium,38,27,0.1,Web,0,1,0
2882,Free,259,43,0.32,Mobile,34,0,0
2883,Premium,49,84,0.47,Web,0,1,0
2884,Family,205,88,0.35,Desktop,0,1,0
2885,Family,291,32,0.48,Mobile,0,1,0
2886,Premium,86,67,0.19,Mobile,0,1,1
2887,Premium,106,39,0.49,Desktop,0,1,1
2888,Student,230,28,0.58,Web,0,1,0
2889,Student,123,92,0.33,Web,0,1,0
2890,Free,204,67,0.01,Desktop,20,0,0
2891,Student,252,5,0.4,Desktop,0,1,0
2892,Family,249,79,0.04,Web,0,1,0
2893,Free,296,95,0.19,Desktop,12,0,0
2894,Family,257,2,0.04,Mobile,0,1,1
2895,Free,257,98,0.0,Mobile,45,0,0
2896,Free,134,40,0.09,Web,10,0,0
2897,Premium,297,56,0.49,Desktop,0,1,0
2898,Family,192,26,0.21,Web,0,1,0
2899,Family,83,55,0.57,Web,0,1,0
2900,Premium,223,73,0.36,Mobile,0,1,0
2901,Student,105,39,0.19,Web,0,1,0
2902,Premium,215,14,0.41,Mobile,0,1,0
2903,Free,212,94,0.47,Desktop,5,0,1
2904,Premium,178,12,0.22,Desktop,0,1,0
2905,Premium,158,61,0.25,Mobile,0,1,0
2906,Free,15,86,0.54,Web,38,0,0
2907,Free,247,41,0.17,Desktop,23,0,0
2908,Family,153,14,0.46,Mobile,0,1,0
2909,Free,245,50,0.01,Web,47,0,0
2910,Student,203,42,0.15,Desktop,0,1,1
2911,Free,78,55,0.57,Desktop,9,0,1
2912,Premium,108,86,0.35,Mobile,0,1,0
2913,Family,47,86,0.58,Web,0,1,0
2914,Family,145,13,0.55,Mobile,0,1,0
2915,Premium,81,66,0.34,Desktop,0,1,1
2916,Family,32,98,0.54,Web,0,1,0
2917,Student,242,56,0.37,Desktop,0,1,0
2918,Free,177,10,0.06,Web,35,0,0
2919,Premium,283,26,0.09,Mobile,0,1,0
2920,Premium,261,91,0.36,Mobile,0,1,1
2921,Premium,158,22,0.32,Desktop,0,1,0
2922,Premium,248,29,0.49,Mobile,0,1,0
2923,Free,174,54,0.18,Mobile,8,0,0
2924,Free,184,56,0.52,Mobile,12,0,1
2925,Student,101,58,0.48,Mobile,0,1,0
2926,Family,33,10,0.52,Desktop,0,1,0
2927,Family,228,56,0.41,Desktop,0,1,1
2928,Family,216,91,0.13,Web,0,1,0
2929,Family,297,71,0.13,Web,0,1,0
2930,Free,198,5,0.1,Desktop,14,0,0
2931,Student,28,72,0.46,Mobile,0,1,0
2932,Premium,81,14,0.46,Desktop,0,1,1
2933,Premium,237,97,0.53,Mobile,0,1,0
2934,Student,240,42,0.05,Mobile,0,1,0
2935,Free,163,9,0.22,Web,25,0,0
2936,Student,164,46,0.28,Web,0,1,0
2937,Family,203,11,0.54,Mobile,0,1,0
2938,Premium,61,28,0.49,Mobile,0,1,1
2939,Premium,136,77,0.23,Mobile,0,1,0
2940,Free,41,59,0.22,Desktop,28,0,0
2941,Free,198,94,0.21,Web,28,0,0
2942,Student,232,39,0.54,Mobile,0,1,0
2943,Student,107,18,0.42,Mobile,0,1,1
2944,Student,208,76,0.19,Mobile,0,1,0
2945,Premium,243,76,0.12,Mobile,0,1,0
2946,Family,16,88,0.49,Desktop,0,1,0
2947,Student,208,19,0.36,Web,0,1,0
2948,Student,111,33,0.16,Mobile,0,1,0
2949,Premium,288,32,0.07,Mobile,0,1,0
2950,Premium,124,55,0.19,Desktop,0,1,1
2951,Free,252,14,0.59,Web,27,0,0
2952,Student,192,36,0.3,Desktop,0,1,0
2953,Student,122,9,0.53,Mobile,0,1,1
2954,Family,190,68,0.34,Desktop,0,1,0
2955,Family,81,53,0.37,Desktop,0,1,0
2956,Family,138,62,0.17,Desktop,0,1,1
2957,Free,272,39,0.31,Web,44,0,0
2958,Family,299,43,0.09,Mobile,0,1,1
2959,Family,195,71,0.58,Desktop,0,1,1
2960,Free,129,42,0.27,Web,31,0,0
2961,Free,76,53,0.57,Web,15,0,0
2962,Family,40,13,0.41,Desktop,0,1,0
2963,Family,275,74,0.42,Web,0,1,0
2964,Family,54,47,0.06,Web,0,1,0
2965,Free,243,24,0.22,Desktop,22,0,0
2966,Student,196,23,0.59,Mobile,0,1,1
2967,Student,36,87,0.2,Mobile,0,1,0
2968,Premium,280,55,0.29,Desktop,0,1,0
2969,Premium,229,73,0.55,Mobile,0,1,1
2970,Family,147,36,0.38,Mobile,0,1,1
2971,Premium,126,46,0.33,Mobile,0,1,0
2972,Student,288,65,0.54,Desktop,0,1,0
2973,Free,181,7,0.48,Web,18,0,1
2974,Student,124,88,0.18,Desktop,0,1,0
2975,Free,86,54,0.38,Desktop,41,0,0
2976,Family,124,79,0.28,Web,0,1,0
2977,Student,127,5,0.38,Web,0,1,1
2978,Student,187,94,0.47,Web,0,1,0
2979,Family,19,99,0.5,Web,0,1,0
2980,Free,234,69,0.26,Web,44,0,1
2981,Student,90,87,0.26,Mobile,0,1,0
2982,Family,74,99,0.49,Desktop,0,1,1
2983,Free,228,36,0.23,Web,21,0,1
2984,Student,43,35,0.58,Desktop,0,1,1
2985,Family,50,96,0.22,Web,0,1,0
2986,Family,107,79,0.21,Mobile,0,1,0
2987,Family,204,48,0.11,Desktop,0,1,0
2988,Premium,95,90,0.44,Web,0,1,1
2989,Free,156,14,0.15,Mobile,38,0,0
2990,Premium,284,44,0.34,Web,0,1,0
2991,Free,136,16,0.11,Web,30,0,0
2992,Student,259,36,0.27,Web,0,1,0
2993,Student,172,8,0.19,Web,0,1,1
2994,Student,138,3,0.16,Desktop,0,1,1
2995,Premium,135,10,0.29,Desktop,0,1,0
2996,Student,167,51,0.2,Web,0,1,0
2997,Free,271,42,0.31,Desktop,16,0,0
2998,Premium,271,64,0.34,Mobile,0,1,0
2999,Student,193,49,0.2,Mobile,0,1,1
3000,Family,146,76,0.57,Web,0,1,1
3001,Free,276,15,0.18,Desktop,47,0,0
3002,Premium,276,72,0.2,Web,0,1,0
3003,Student,82,37,0.56,Desktop,0,1,0
3004,Premium,250,45,0.15,Mobile,0,1,0
3005,Free,60,46,0.02,Desktop,31,0,0
3006,Free,115,84,0.28,Desktop,6,0,0
3007,Family,104,13,0.21,Mobile,0,1,1
3008,Family,219,61,0.23,Desktop,0,1,1
3009,Free,109,89,0.21,Mobile,30,0,0
3010,Family,163,50,0.05,Desktop,0,1,1
3011,Free,265,25,0.22,Web,48,0,0
3012,Premium,117,26,0.13,Web,0,1,0
3013,Premium,219,22,0.38,Desktop,0,1,0
3014,Premium,15,7,0.04,Mobile,0,1,0
3015,Free,87,61,0.45,Web,16,0,0
3016,Student,50,53,0.42,Web,0,1,0
3017,Student,130,3,0.3,Desktop,0,1,0
3018,Family,104,56,0.17,Web,0,1,1
3019,Student,166,17,0.13,Desktop,0,1,1
3020,Family,126,59,0.36,Mobile,0,1,0
3021,Student,148,82,0.31,Desktop,0,1,1
3022,Family,193,50,0.15,Mobile,0,1,1
3023,Family,294,40,0.54,Web,0,1,0
3024,Premium,51,43,0.45,Web,0,1,0
3025,Family,252,51,0.42,Mobile,0,1,0
3026,Free,215,71,0.55,Web,42,0,0
3027,Premium,173,43,0.18,Mobile,0,1,0
3028,Family,207,98,0.6,Mobile,0,1,1
3029,Family,205,60,0.32,Mobile,0,1,0
3030,Free,76,23,0.03,Web,48,0,0
3031,Free,200,34,0.48,Web,28,0,0
3032,Student,170,84,0.43,Mobile,0,1,0
3033,Premium,107,24,0.08,Mobile,0,1,1
3034,Premium,96,72,0.19,Desktop,0,1,0
3035,Family,128,21,0.31,Desktop,0,1,0
3036,Student,223,62,0.3,Web,0,1,0
3037,Premium,230,48,0.54,Web,0,1,0
3038,Free,150,51,0.44,Web,14,0,0
3039,Free,251,10,0.23,Mobile,28,0,0
3040,Student,226,39,0.12,Web,0,1,0
3041,Free,211,15,0.23,Web,40,0,0
3042,Family,190,88,0.03,Web,0,1,0
3043,Student,192,47,0.15,Mobile,0,1,0
3044,Premium,130,66,0.43,Mobile,0,1,0
3045,Family,113,89,0.31,Mobile,0,1,0
3046,Free,285,17,0.24,Desktop,11,0,0
3047,Family,200,39,0.07,Mobile,0,1,0
3048,Premium,277,57,0.2,Mobile,0,1,1
3049,Family,269,4,0.4,Desktop,0,1,1
3050,Free,190,9,0.21,Web,15,0,1
3051,Premium,70,80,0.27,Desktop,0,1,0
3052,Premium,58,33,0.21,Desktop,0,1,1
3053,Free,206,49,0.55,Web,43,0,0
3054,Student,54,12,0.46,Mobile,0,1,0
3055,Premium,45,24,0.54,Mobile,0,1,0
3056,Family,276,51,0.09,Mobile,0,1,1
3057,Family,100,92,0.6,Desktop,0,1,0
3058,Student,213,39,0.39,Desktop,0,1,0
3059,Premium,64,55,0.31,Mobile,0,1,0
3060,Student,92,25,0.13,Desktop,0,1,1
3061,Free,274,8,0.26,Mobile,8,0,0
3062,Family,218,6,0.26,Web,0,1,1
3063,Student,72,99,0.43,Desktop,0,1,0
3064,Premium,92,91,0.21,Mobile,0,1,0
3065,Family,288,79,0.52,Desktop,0,1,0
3066,Family,234,13,0.16,Mobile,0,1,1
3067,Free,64,70,0.49,Desktop,18,0,0
3068,Free,36,41,0.07,Web,7,0,1
3069,Free,14,28,0.34,Mobile,39,0,1
3070,Free,59,96,0.39,Mobile,30,0,0
3071,Family,280,93,0.1,Desktop,0,1,0
3072,Premium,247,42,0.48,Desktop,0,1,0
3073,Free,104,78,0.55,Mobile,47,0,0
3074,Free,256,34,0.28,Mobile,36,0,0
3075,Family,222,77,0.18,Web,0,1,0
3076,Free,246,17,0.52,Web,37,0,0
3077,Student,114,71,0.34,Mobile,0,1,0
3078,Student,179,35,0.08,Mobile,0,1,1
3079,Student,18,6,0.47,Desktop,0,1,0
3080,Student,87,65,0.32,Web,0,1,0
3081,Student,293,89,0.36,Web,0,1,0
3082,Premium,12,70,0.46,Desktop,0,1,1
3083,Premium,226,65,0.16,Desktop,0,1,0
3084,Student,128,55,0.29,Desktop,0,1,0
3085,Premium,97,24,0.49,Desktop,0,1,0
3086,Student,236,31,0.38,Desktop,0,1,0
3087,Family,110,58,0.19,Desktop,0,1,1
3088,Premium,27,58,0.11,Desktop,0,1,0
3089,Free,40,88,0.2,Desktop,35,0,1
3090,Student,127,97,0.49,Desktop,0,1,0
3091,Family,213,29,0.18,Desktop,0,1,1
3092,Student,207,31,0.24,Desktop,0,1,0
3093,Student,88,44,0.49,Web,0,1,0
3094,Free,293,77,0.54,Desktop,22,0,0
3095,Free,191,85,0.5,Desktop,44,0,0
3096,Family,272,71,0.06,Desktop,0,1,0
3097,Premium,196,78,0.44,Mobile,0,1,0
3098,Free,129,76,0.17,Mobile,17,0,0
3099,Student,76,84,0.14,Web,0,1,0
3100,Premium,135,68,0.5,Desktop,0,1,0
3101,Free,42,99,0.05,Web,35,0,0
3102,Family,220,58,0.06,Desktop,0,1,0
3103,Free,118,26,0.53,Desktop,41,0,0
3104,Free,244,87,0.15,Desktop,33,0,0
3105,Premium,144,31,0.09,Web,0,1,1
3106,Family,192,89,0.22,Mobile,0,1,1
3107,Premium,279,85,0.12,Mobile,0,1,0
3108,Free,209,21,0.35,Mobile,21,0,0
3109,Student,248,72,0.2,Mobile,0,1,0
3110,Premium,46,82,0.22,Mobile,0,1,0
3111,Premium,33,68,0.23,Mobile,0,1,0
3112,Student,53,85,0.21,Web,0,1,0
3113,Free,82,10,0.29,Mobile,22,0,0
3114,Premium,244,39,0.18,Web,0,1,0
3115,Family,285,80,0.29,Desktop,0,1,1
3116,Premium,14,63,0.5,Mobile,0,1,1
3117,Free,205,71,0.23,Web,11,0,0
3118,Student,151,61,0.07,Mobile,0,1,1
3119,Premium,185,22,0.45,Mobile,0,1,0
3120,Student,10,34,0.38,Mobile,0,1,0
3121,Free,141,79,0.46,Web,41,0,1
3122,Free,110,49,0.43,Mobile,13,0,1
3123,Premium,148,52,0.56,Desktop,0,1,0
3124,Premium,77,48,0.12,Desktop,0,1,0
3125,Family,122,46,0.21,Web,0,1,0
3126,Premium,81,2,0.32,Mobile,0,1,0
3127,Free,190,88,0.41,Mobile,26,0,0
3128,Premium,111,89,0.25,Desktop,0,1,0
3129,Family,68,8,0.19,Desktop,0,1,0
3130,Premium,51,35,0.06,Desktop,0,1,0
3131,Family,102,55,0.53,Web,0,1,0
3132,Family,273,14,0.12,Mobile,0,1,0
3133,Student,74,30,0.38,Desktop,0,1,0
3134,Family,200,17,0.31,Desktop,0,1,1
3135,Premium,248,81,0.08,Web,0,1,0
3136,Student,127,62,0.17,Desktop,0,1,1
3137,Student,231,79,0.48,Web,0,1,0
3138,Family,88,12,0.32,Mobile,0,1,0
3139,Premium,226,15,0.07,Mobile,0,1,0
3140,Family,246,65,0.44,Desktop,0,1,0
3141,Family,177,57,0.46,Desktop,0,1,1
3142,Free,203,70,0.56,Desktop,20,0,1
3143,Student,49,39,0.54,Mobile,0,1,0
3144,Free,251,88,0.49,Mobile,37,0,0
3145,Family,215,58,0.48,Mobile,0,1,1
3146,Family,149,9,0.19,Desktop,0,1,0
3147,Family,70,50,0.32,Web,0,1,1
3148,Student,39,68,0.53,Desktop,0,1,1
3149,Premium,200,94,0.41,Web,0,1,1
3150,Premium,266,17,0.52,Mobile,0,1,0
3151,Free,129,59,0.02,Mobile,32,0,0
3152,Student,242,34,0.57,Web,0,1,0
3153,Family,114,50,0.47,Web,0,1,1
3154,Premium,132,80,0.49,Desktop,0,1,0
3155,Free,100,42,0.01,Mobile,21,0,1
3156,Premium,26,44,0.34,Desktop,0,1,1
3157,Family,180,41,0.04,Mobile,0,1,1
3158,Student,277,28,0.45,Web,0,1,0
3159,Family,185,94,0.38,Mobile,0,1,0
3160,Family,113,33,0.4,Mobile,0,1,0
3161,Student,251,10,0.12,Desktop,0,1,0
3162,Free,100,63,0.46,Desktop,37,0,0
3163,Student,163,64,0.04,Mobile,0,1,0
3164,Student,66,20,0.16,Mobile,0,1,0
3165,Free,243,37,0.53,Mobile,21,0,0
3166,Student,135,31,0.11,Desktop,0,1,1
3167,Student,213,48,0.35,Mobile,0,1,1
3168,Free,24,19,0.5,Mobile,46,0,0
3169,Free,85,67,0.4,Mobile,13,0,0
3170,Student,212,61,0.07,Mobile,0,1,0
3171,Free,256,18,0.02,Desktop,48,0,0
3172,Premium,23,32,0.42,Desktop,0,1,0
3173,Premium,281,81,0.2,Web,0,1,1
3174,Premium,138,7,0.54,Web,0,1,0
3175,Family,247,46,0.46,Web,0,1,1
3176,Family,64,97,0.21,Web,0,1,0
3177,Student,242,22,0.48,Mobile,0,1,0
3178,Family,51,78,0.54,Desktop,0,1,0
3179,Family,100,17,0.07,Web,0,1,0
3180,Premium,213,3,0.14,Web,0,1,0
3181,Premium,287,96,0.4,Web,0,1,0
3182,Free,38,5,0.48,Desktop,40,0,0
3183,Premium,106,61,0.57,Desktop,0,1,0
3184,Premium,174,85,0.46,Web,0,1,0
3185,Premium,157,97,0.09,Mobile,0,1,0
3186,Free,263,36,0.19,Web,11,0,0
3187,Student,165,43,0.18,Desktop,0,1,1
3188,Student,34,37,0.05,Web,0,1,0
3189,Family,122,10,0.31,Web,0,1,0
3190,Family,236,4,0.53,Web,0,1,1
3191,Family,31,72,0.36,Mobile,0,1,0
3192,Student,104,66,0.12,Desktop,0,1,1
3193,Free,64,34,0.5,Mobile,16,0,0
3194,Family,37,9,0.23,Mobile,0,1,0
3195,Family,282,93,0.1,Mobile,0,1,0
3196,Free,291,55,0.1,Desktop,31,0,1
3197,Family,154,98,0.58,Mobile,0,1,0
3198,Family,71,57,0.54,Desktop,0,1,0
3199,Student,107,38,0.15,Mobile,0,1,0
3200,Premium,91,74,0.3,Mobile,0,1,1
3201,Family,54,99,0.4,Web,0,1,0
3202,Family,195,74,0.34,Mobile,0,1,1
3203,Premium,222,70,0.32,Mobile,0,1,1
3204,Premium,184,94,0.15,Mobile,0,1,0
3205,Premium,218,90,0.38,Web,0,1,0
3206,Free,260,58,0.41,Desktop,5,0,1
3207,Premium,183,81,0.44,Web,0,1,1
3208,Free,46,26,0.44,Mobile,40,0,0
3209,Premium,148,56,0.6,Web,0,1,1
3210,Premium,71,15,0.03,Mobile,0,1,0
3211,Family,31,50,0.45,Desktop,0,1,0
3212,Family,36,25,0.26,Web,0,1,0
3213,Family,29,5,0.07,Web,0,1,1
3214,Student,201,53,0.14,Desktop,0,1,0
3215,Premium,102,53,0.03,Desktop,0,1,0
3216,Family,262,52,0.57,Desktop,0,1,1
3217,Premium,98,12,0.56,Web,0,1,1
3218,Free,226,20,0.53,Mobile,13,0,1
3219,Family,273,6,0.21,Desktop,0,1,0
3220,Student,286,39,0.2,Mobile,0,1,0
3221,Student,24,94,0.25,Web,0,1,0
3222,Premium,267,34,0.44,Mobile,0,1,0
3223,Free,270,37,0.07,Mobile,31,0,1
3224,Family,168,49,0.43,Mobile,0,1,0
3225,Premium,258,66,0.04,Web,0,1,0
3226,Premium,121,61,0.57,Mobile,0,1,0
3227,Premium,113,54,0.36,Desktop,0,1,1
3228,Student,61,35,0.35,Mobile,0,1,1
3229,Family,86,98,0.23,Desktop,0,1,0
3230,Premium,173,73,0.28,Mobile,0,1,0
3231,Premium,65,63,0.35,Mobile,0,1,0
3232,Free,230,92,0.22,Web,18,0,1
3233,Free,289,82,0.31,Desktop,18,0,0
3234,Student,150,96,0.04,Desktop,0,1,0
3235,Student,27,75,0.15,Mobile,0,1,0
3236,Family,30,64,0.3,Desktop,0,1,0
3237,Family,269,96,0.34,Mobile,0,1,0
3238,Family,237,29,0.58,Web,0,1,0
3239,Premium,123,59,0.23,Desktop,0,1,1
3240,Premium,149,22,0.16,Web,0,1,0
3241,Premium,286,49,0.46,Web,0,1,0
3242,Student,45,59,0.49,Desktop,0,1,0
3243,Student,65,62,0.1,Mobile,0,1,0
3244,Family,262,16,0.45,Web,0,1,0
3245,Free,262,82,0.45,Desktop,46,0,0
3246,Premium,134,34,0.04,Desktop,0,1,0
3247,Family,280,25,0.07,Mobile,0,1,0
3248,Student,36,89,0.4,Desktop,0,1,0
3249,Free,12,53,0.05,Mobile,14,0,1
3250,Free,296,42,0.15,Mobile,37,0,0
3251,Family,109,41,0.51,Web,0,1,1
3252,Premium,172,36,0.27,Mobile,0,1,1
3253,Premium,118,54,0.11,Mobile,0,1,0
3254,Free,27,70,0.3,Web,34,0,0
3255,Free,263,16,0.39,Mobile,21,0,0
3256,Free,227,66,0.34,Web,44,0,1
3257,Student,159,92,0.34,Web,0,1,0
3258,Free,276,9,0.59,Web,37,0,0
3259,Premium,147,38,0.21,Web,0,1,0
3260,Premium,111,63,0.22,Desktop,0,1,1
3261,Student,275,46,0.17,Mobile,0,1,0
3262,Student,19,72,0.51,Mobile,0,1,1
3263,Premium,82,31,0.52,Web,0,1,0
3264,Student,294,86,0.25,Desktop,0,1,0
3265,Family,183,27,0.06,Desktop,0,1,0
3266,Premium,200,67,0.16,Mobile,0,1,0
3267,Family,234,10,0.47,Web,0,1,0
3268,Family,94,49,0.58,Mobile,0,1,0
3269,Family,130,49,0.1,Mobile,0,1,0
3270,Free,41,11,0.59,Mobile,5,0,1
3271,Student,131,39,0.54,Web,0,1,0
3272,Student,231,90,0.06,Mobile,0,1,0
3273,Free,170,25,0.16,Web,32,0,0
3274,Family,22,30,0.17,Mobile,0,1,0
3275,Family,260,73,0.38,Desktop,0,1,0
3276,Student,74,65,0.51,Mobile,0,1,1
3277,Family,112,82,0.0,Web,0,1,1
3278,Student,91,17,0.1,Desktop,0,1,0
3279,Free,74,12,0.49,Web,6,0,0
3280,Premium,33,9,0.45,Web,0,1,0
3281,Family,228,21,0.2,Web,0,1,0
3282,Family,162,7,0.47,Desktop,0,1,1
3283,Student,192,30,0.29,Mobile,0,1,0
3284,Free,14,55,0.11,Desktop,24,0,0
3285,Student,198,81,0.44,Web,0,1,1
3286,Premium,259,47,0.05,Web,0,1,0
3287,Family,204,68,0.48,Mobile,0,1,1
3288,Family,291,70,0.44,Mobile,0,1,1
3289,Student,132,57,0.5,Web,0,1,1
3290,Family,58,59,0.42,Desktop,0,1,1
3291,Family,271,8,0.59,Web,0,1,1
3292,Student,11,58,0.38,Desktop,0,1,0
3293,Free,212,67,0.38,Desktop,18,0,0
3294,Premium,272,1,0.16,Desktop,0,1,1
3295,Free,86,4,0.2,Desktop,29,0,0
3296,Student,103,87,0.38,Mobile,0,1,0
3297,Student,33,60,0.24,Web,0,1,0
3298,Student,190,8,0.36,Desktop,0,1,0
3299,Family,266,52,0.57,Web,0,1,0
3300,Free,232,45,0.22,Web,12,0,1
3301,Student,24,70,0.17,Mobile,0,1,0
3302,Student,242,18,0.12,Desktop,0,1,0
3303,Free,274,29,0.14,Desktop,17,0,0
3304,Free,20,50,0.31,Mobile,15,0,1
3305,Student,128,56,0.26,Web,0,1,0
3306,Free,77,39,0.53,Web,18,0,1
3307,Student,245,81,0.46,Mobile,0,1,1
3308,Premium,269,53,0.07,Desktop,0,1,0
3309,Student,256,96,0.16,Desktop,0,1,0
3310,Student,229,79,0.53,Desktop,0,1,1
3311,Free,113,62,0.48,Web,31,0,0
3312,Premium,253,98,0.22,Mobile,0,1,0
3313,Student,72,42,0.39,Web,0,1,0
3314,Family,84,86,0.31,Web,0,1,1
3315,Family,212,92,0.56,Desktop,0,1,0
3316,Premium,151,66,0.51,Desktop,0,1,0
3317,Family,155,13,0.32,Desktop,0,1,1
3318,Student,278,70,0.24,Web,0,1,0
3319,Free,45,64,0.12,Desktop,39,0,0
3320,Family,72,57,0.54,Mobile,0,1,0
3321,Family,136,85,0.4,Mobile,0,1,0
3322,Premium,197,18,0.08,Mobile,0,1,0
3323,Student,298,7,0.28,Web,0,1,1
3324,Family,214,72,0.18,Desktop,0,1,0
3325,Free,150,53,0.21,Web,44,0,0
3326,Premium,194,64,0.09,Mobile,0,1,0
3327,Family,234,58,0.4,Web,0,1,0
3328,Student,25,60,0.23,Desktop,0,1,0
3329,Free,217,74,0.55,Mobile,13,0,0
3330,Free,75,62,0.49,Mobile,44,0,0
3331,Free,204,32,0.05,Web,36,0,1
3332,Student,33,99,0.48,Desktop,0,1,1
3333,Student,299,71,0.03,Desktop,0,1,0
3334,Free,183,51,0.55,Desktop,21,0,0
3335,Premium,225,38,0.22,Desktop,0,1,0
3336,Student,297,85,0.38,Mobile,0,1,1
3337,Premium,101,35,0.41,Desktop,0,1,0
3338,Premium,93,49,0.54,Web,0,1,1
3339,Free,287,21,0.29,Web,34,0,1
3340,Family,33,58,0.1,Desktop,0,1,0
3341,Premium,156,82,0.03,Mobile,0,1,1
3342,Family,245,72,0.22,Web,0,1,0
3343,Free,298,86,0.26,Mobile,24,0,0
3344,Student,186,35,0.5,Desktop,0,1,0
3345,Premium,291,45,0.24,Web,0,1,1
3346,Free,226,6,0.3,Web,18,0,1
3347,Student,193,70,0.08,Desktop,0,1,0
3348,Premium,147,48,0.57,Desktop,0,1,0
3349,Free,206,23,0.29,Web,9,0,0
3350,Free,43,80,0.49,Mobile,13,0,1
3351,Free,211,50,0.29,Desktop,12,0,0
3352,Premium,88,60,0.41,Mobile,0,1,0
3353,Family,22,92,0.53,Mobile,0,1,0
3354,Student,209,70,0.48,Mobile,0,1,0
3355,Family,93,86,0.22,Web,0,1,0
3356,Family,184,9,0.37,Web,0,1,1
3357,Free,169,35,0.33,Web,34,0,0
3358,Free,142,22,0.42,Web,12,0,1
3359,Premium,69,78,0.13,Desktop,0,1,0
3360,Student,158,52,0.13,Mobile,0,1,0
3361,Student,214,11,0.18,Web,0,1,0
3362,Free,66,19,0.06,Desktop,49,0,0
3363,Student,152,57,0.28,Desktop,0,1,1
3364,Premium,179,38,0.43,Desktop,0,1,0
3365,Student,213,23,0.3,Desktop,0,1,0
3366,Premium,198,87,0.16,Web,0,1,0
3367,Family,25,28,0.44,Web,0,1,0
3368,Family,85,37,0.15,Mobile,0,1,1
3369,Free,170,78,0.28,Desktop,39,0,0
3370,Premium,80,60,0.56,Desktop,0,1,0
3371,Free,204,12,0.54,Desktop,31,0,1
3372,Free,221,32,0.02,Mobile,36,0,0
3373,Free,73,93,0.45,Desktop,20,0,1
3374,Premium,260,33,0.32,Desktop,0,1,0
3375,Student,248,65,0.57,Mobile,0,1,0
3376,Student,235,60,0.13,Web,0,1,1
3377,Free,83,71,0.21,Desktop,46,0,1
3378,Premium,298,85,0.22,Desktop,0,1,1
3379,Free,39,69,0.39,Mobile,22,0,0
3380,Free,232,26,0.09,Web,26,0,1
3381,Premium,125,37,0.3,Desktop,0,1,0
3382,Premium,17,89,0.07,Desktop,0,1,0
3383,Family,88,20,0.23,Mobile,0,1,0
3384,Student,110,6,0.3,Web,0,1,1
3385,Student,262,18,0.03,Desktop,0,1,0
3386,Family,256,99,0.5,Web,0,1,0
3387,Premium,73,2,0.03,Mobile,0,1,0
3388,Student,120,83,0.17,Web,0,1,0
3389,Student,36,58,0.49,Mobile,0,1,0
3390,Student,285,81,0.17,Desktop,0,1,0
3391,Student,153,47,0.32,Web,0,1,0
3392,Family,148,7,0.18,Desktop,0,1,0
3393,Free,201,68,0.52,Desktop,12,0,0
3394,Premium,13,54,0.26,Mobile,0,1,0
3395,Premium,132,45,0.12,Web,0,1,0
3396,Family,165,51,0.52,Web,0,1,1
3397,Student,272,61,0.04,Desktop,0,1,0
3398,Family,161,19,0.32,Desktop,0,1,0
3399,Family,189,59,0.59,Web,0,1,0
3400,Free,100,52,0.31,Web,13,0,0
3401,Family,57,93,0.08,Web,0,1,1
3402,Family,90,12,0.41,Desktop,0,1,0
3403,Family,53,54,0.24,Desktop,0,1,1
3404,Premium,230,63,0.25,Desktop,0,1,0
3405,Premium,24,22,0.15,Mobile,0,1,0
3406,Free,211,2,0.1,Web,6,0,0
3407,Family,79,89,0.2,Desktop,0,1,0
3408,Student,252,63,0.02,Desktop,0,1,0
3409,Family,153,85,0.15,Desktop,0,1,0
3410,Student,111,50,0.4,Web,0,1,0
3411,Student,260,54,0.36,Mobile,0,1,1
3412,Student,250,60,0.37,Desktop,0,1,0
3413,Premium,163,58,0.58,Mobile,0,1,0
3414,Premium,197,13,0.54,Mobile,0,1,0
3415,Free,140,15,0.57,Desktop,40,0,0
3416,Premium,37,64,0.35,Web,0,1,1
3417,Family,212,52,0.25,Web,0,1,1
3418,Premium,11,70,0.46,Web,0,1,0
3419,Student,13,49,0.04,Desktop,0,1,0
3420,Student,70,42,0.01,Desktop,0,1,0
3421,Free,197,39,0.34,Mobile,29,0,0
3422,Student,183,1,0.04,Mobile,0,1,1
3423,Premium,226,42,0.11,Mobile,0,1,0
3424,Free,145,55,0.22,Desktop,16,0,0
3425,Student,195,63,0.37,Web,0,1,0
3426,Student,294,71,0.48,Desktop,0,1,0
3427,Free,189,54,0.26,Desktop,34,0,0
3428,Family,77,4,0.06,Mobile,0,1,1
3429,Student,147,18,0.13,Desktop,0,1,0
3430,Free,129,27,0.51,Web,33,0,0
3431,Student,273,27,0.5,Desktop,0,1,0
3432,Free,43,21,0.13,Desktop,45,0,0
3433,Free,19,88,0.0,Web,41,0,0
3434,Family,183,33,0.5,Mobile,0,1,1
3435,Family,13,61,0.26,Desktop,0,1,0
3436,Family,14,75,0.59,Web,0,1,0
3437,Free,272,80,0.04,Desktop,18,0,0
3438,Free,259,5,0.32,Mobile,17,0,1
3439,Free,19,80,0.38,Desktop,44,0,0
3440,Student,210,13,0.03,Web,0,1,0
3441,Student,275,21,0.26,Desktop,0,1,0
3442,Family,197,42,0.54,Mobile,0,1,0
3443,Family,96,74,0.16,Mobile,0,1,0
3444,Premium,239,34,0.35,Mobile,0,1,0
3445,Premium,133,10,0.4,Web,0,1,0
3446,Student,294,85,0.31,Web,0,1,1
3447,Premium,209,98,0.38,Desktop,0,1,0
3448,Premium,12,5,0.07,Desktop,0,1,0
3449,Free,155,39,0.14,Desktop,24,0,0
3450,Free,98,83,0.5,Mobile,13,0,0
3451,Family,185,92,0.21,Desktop,0,1,1
3452,Student,57,92,0.12,Desktop,0,1,0
3453,Premium,85,12,0.27,Desktop,0,1,0
3454,Free,113,79,0.27,Web,20,0,0
3455,Premium,200,68,0.46,Desktop,0,1,1
3456,Student,152,2,0.04,Desktop,0,1,1
3457,Premium,50,77,0.24,Mobile,0,1,0
3458,Family,73,56,0.2,Mobile,0,1,0
3459,Premium,99,16,0.19,Mobile,0,1,0
3460,Premium,30,14,0.18,Mobile,0,1,0
3461,Family,125,90,0.09,Desktop,0,1,1
3462,Premium,269,86,0.32,Mobile,0,1,1
3463,Free,141,69,0.19,Web,17,0,0
3464,Family,54,56,0.39,Desktop,0,1,0
3465,Student,146,16,0.08,Mobile,0,1,1
3466,Family,282,44,0.4,Mobile,0,1,0
3467,Student,85,62,0.01,Web,0,1,0
3468,Free,75,7,0.38,Desktop,35,0,1
3469,Free,191,6,0.42,Web,45,0,1
3470,Student,187,65,0.25,Web,0,1,1
3471,Free,195,96,0.14,Desktop,37,0,0
3472,Free,37,69,0.46,Mobile,32,0,0
3473,Premium,65,28,0.25,Web,0,1,1
3474,Free,100,72,0.17,Desktop,14,0,0
3475,Family,134,76,0.43,Web,0,1,1
3476,Family,60,85,0.26,Web,0,1,0
3477,Family,261,83,0.51,Web,0,1,1
3478,Premium,298,65,0.4,Desktop,0,1,0
3479,Family,58,18,0.02,Web,0,1,0
3480,Free,104,33,0.56,Web,22,0,0
3481,Family,185,49,0.11,Web,0,1,1
3482,Family,235,94,0.46,Mobile,0,1,0
3483,Free,232,1,0.57,Desktop,49,0,0
3484,Premium,153,19,0.39,Web,0,1,1
3485,Family,176,19,0.23,Desktop,0,1,1
3486,Premium,210,7,0.33,Web,0,1,0
3487,Family,103,40,0.32,Mobile,0,1,0
3488,Premium,41,10,0.37,Web,0,1,0
3489,Free,16,20,0.53,Desktop,13,0,1
3490,Family,256,7,0.11,Web,0,1,0
3491,Premium,236,55,0.1,Desktop,0,1,0
3492,Free,198,20,0.46,Web,7,0,1
3493,Free,233,62,0.26,Web,32,0,0
3494,Premium,130,66,0.55,Desktop,0,1,1
3495,Student,235,25,0.01,Web,0,1,0
3496,Family,88,92,0.6,Mobile,0,1,0
3497,Premium,41,6,0.56,Web,0,1,0
3498,Student,103,19,0.33,Mobile,0,1,1
3499,Family,218,68,0.25,Mobile,0,1,1
3500,Premium,238,66,0.06,Web,0,1,0
3501,Student,154,99,0.27,Desktop,0,1,0
3502,Student,149,41,0.43,Desktop,0,1,0
3503,Family,248,71,0.07,Web,0,1,0
3504,Family,272,85,0.58,Desktop,0,1,0
3505,Free,231,96,0.58,Mobile,25,0,1
3506,Student,108,69,0.54,Web,0,1,0
3507,Student,267,7,0.34,Desktop,0,1,0
3508,Premium,238,40,0.09,Desktop,0,1,0
3509,Family,195,55,0.07,Mobile,0,1,0
3510,Premium,212,46,0.18,Web,0,1,1
3511,Free,169,32,0.26,Web,27,0,0
3512,Free,204,92,0.15,Web,26,0,1
3513,Premium,144,56,0.12,Desktop,0,1,1
3514,Premium,205,83,0.23,Desktop,0,1,0
3515,Family,275,78,0.19,Mobile,0,1,0
3516,Student,245,2,0.06,Web,0,1,0
3517,Student,282,69,0.07,Desktop,0,1,0
3518,Student,144,44,0.34,Web,0,1,0
3519,Student,146,63,0.16,Web,0,1,0
3520,Free,266,74,0.01,Mobile,7,0,0
3521,Premium,90,3,0.07,Web,0,1,1
3522,Premium,136,20,0.33,Desktop,0,1,1
3523,Family,113,92,0.26,Mobile,0,1,1
3524,Student,61,34,0.43,Mobile,0,1,0
3525,Family,231,87,0.45,Mobile,0,1,0
3526,Family,192,84,0.06,Desktop,0,1,1
3527,Free,291,43,0.05,Desktop,25,0,1
3528,Premium,204,52,0.04,Desktop,0,1,1
3529,Free,37,98,0.26,Desktop,30,0,0
3530,Free,145,48,0.52,Desktop,44,0,0
3531,Premium,87,23,0.58,Desktop,0,1,0
3532,Family,41,4,0.46,Web,0,1,0
3533,Family,51,55,0.48,Web,0,1,0
3534,Student,114,83,0.13,Web,0,1,1
3535,Student,41,76,0.51,Mobile,0,1,1
3536,Premium,260,33,0.53,Desktop,0,1,0
3537,Premium,123,4,0.53,Web,0,1,0
3538,Premium,80,29,0.16,Desktop,0,1,1
3539,Family,85,64,0.14,Desktop,0,1,0
3540,Family,266,84,0.17,Web,0,1,0
3541,Family,230,62,0.3,Web,0,1,0
3542,Free,298,35,0.24,Mobile,10,0,0
3543,Free,278,70,0.18,Mobile,21,0,0
3544,Premium,214,83,0.15,Desktop,0,1,0
3545,Student,157,7,0.39,Desktop,0,1,0
3546,Free,78,3,0.32,Desktop,33,0,0
3547,Family,257,50,0.38,Desktop,0,1,0
3548,Student,58,87,0.46,Web,0,1,0
3549,Premium,75,8,0.24,Web,0,1,0
3550,Family,256,40,0.53,Web,0,1,1
3551,Student,235,80,0.04,Web,0,1,0
3552,Free,122,2,0.36,Web,31,0,0
3553,Premium,285,97,0.09,Web,0,1,0
3554,Family,178,82,0.01,Desktop,0,1,0
3555,Student,270,82,0.03,Mobile,0,1,0
3556,Free,74,47,0.19,Web,23,0,0
3557,Student,223,57,0.15,Mobile,0,1,0
3558,Student,132,75,0.12,Web,0,1,0
3559,Family,230,45,0.03,Desktop,0,1,0
3560,Premium,23,97,0.16,Web,0,1,0
3561,Free,116,85,0.19,Web,29,0,1
3562,Premium,43,32,0.12,Desktop,0,1,0
3563,Free,231,82,0.11,Desktop,36,0,0
3564,Premium,275,3,0.49,Web,0,1,0
3565,Student,153,2,0.15,Desktop,0,1,0
3566,Free,278,40,0.25,Mobile,33,0,0
3567,Family,254,72,0.07,Desktop,0,1,0
3568,Family,42,16,0.5,Desktop,0,1,1
3569,Family,152,39,0.06,Desktop,0,1,0
3570,Premium,159,34,0.01,Web,0,1,0
3571,Premium,158,97,0.5,Mobile,0,1,0
3572,Family,59,37,0.43,Desktop,0,1,0
3573,Premium,272,54,0.14,Web,0,1,0
3574,Student,203,66,0.48,Mobile,0,1,0
3575,Family,193,36,0.33,Web,0,1,1
3576,Free,34,74,0.19,Mobile,27,0,0
3577,Student,233,45,0.05,Desktop,0,1,0
3578,Free,69,21,0.41,Mobile,27,0,0
3579,Premium,32,38,0.16,Web,0,1,0
3580,Family,99,23,0.26,Web,0,1,0
3581,Premium,141,89,0.57,Desktop,0,1,0
3582,Free,115,12,0.11,Mobile,30,0,0
3583,Family,160,57,0.22,Mobile,0,1,0
3584,Free,104,18,0.4,Desktop,17,0,0
3585,Family,269,54,0.21,Desktop,0,1,0
3586,Premium,245,43,0.2,Web,0,1,0
3587,Family,230,15,0.58,Desktop,0,1,0
3588,Family,30,37,0.27,Mobile,0,1,0
3589,Free,279,6,0.58,Web,43,0,0
3590,Student,280,46,0.0,Desktop,0,1,0
3591,Free,68,32,0.18,Web,35,0,1
3592,Premium,37,93,0.19,Desktop,0,1,0
3593,Student,226,11,0.27,Desktop,0,1,0
3594,Family,205,49,0.55,Web,0,1,0
3595,Student,109,95,0.58,Mobile,0,1,0
3596,Free,44,36,0.29,Web,36,0,0
3597,Family,258,66,0.21,Mobile,0,1,0
3598,Free,211,91,0.34,Mobile,26,0,0
3599,Student,215,93,0.32,Web,0,1,0
3600,Free,218,53,0.02,Web,40,0,0
3601,Family,255,20,0.04,Desktop,0,1,0
3602,Free,218,97,0.53,Web,13,0,0
3603,Family,222,5,0.03,Web,0,1,1
3604,Family,271,52,0.39,Web,0,1,0
3605,Family,85,92,0.06,Desktop,0,1,1
3606,Premium,185,91,0.24,Mobile,0,1,0
3607,Student,66,64,0.58,Mobile,0,1,1
3608,Free,276,35,0.59,Web,43,0,1
3609,Student,256,38,0.37,Desktop,0,1,0
3610,Premium,177,91,0.53,Web,0,1,0
3611,Free,103,86,0.19,Web,20,0,0
3612,Free,196,98,0.24,Mobile,13,0,0
3613,Student,178,7,0.49,Mobile,0,1,1
3614,Premium,165,32,0.19,Desktop,0,1,1
3615,Premium,132,74,0.58,Mobile,0,1,1
3616,Premium,203,15,0.24,Web,0,1,0
3617,Free,201,16,0.1,Mobile,45,0,0
3618,Premium,78,72,0.5,Web,0,1,0
3619,Family,159,15,0.07,Web,0,1,0
3620,Premium,45,16,0.1,Web,0,1,1
3621,Premium,89,1,0.21,Desktop,0,1,0
3622,Family,54,36,0.09,Desktop,0,1,0
3623,Premium,78,58,0.42,Web,0,1,0
3624,Student,176,6,0.12,Web,0,1,0
3625,Premium,74,5,0.25,Desktop,0,1,0
3626,Free,265,96,0.3,Web,20,0,0
3627,Premium,78,31,0.18,Desktop,0,1,1
3628,Free,166,7,0.24,Web,11,0,0
3629,Family,254,19,0.27,Web,0,1,0
3630,Family,172,31,0.18,Mobile,0,1,0
3631,Premium,15,78,0.13,Mobile,0,1,0
3632,Premium,269,9,0.51,Web,0,1,1
3633,Free,154,33,0.27,Desktop,19,0,1
3634,Family,37,53,0.05,Web,0,1,0
3635,Student,22,98,0.58,Web,0,1,0
3636,Family,54,18,0.01,Web,0,1,0
3637,Student,107,75,0.45,Web,0,1,0
3638,Free,215,11,0.52,Mobile,23,0,1
3639,Premium,124,85,0.41,Desktop,0,1,0
3640,Free,280,84,0.51,Mobile,46,0,0
3641,Student,182,48,0.34,Desktop,0,1,0
3642,Free,289,63,0.2,Web,35,0,0
3643,Free,42,60,0.29,Mobile,22,0,0
3644,Family,243,6,0.03,Web,0,1,0
3645,Free,173,65,0.5,Web,34,0,0
3646,Premium,248,11,0.39,Web,0,1,0
3647,Premium,237,48,0.18,Web,0,1,0
3648,Premium,95,83,0.56,Mobile,0,1,0
3649,Free,209,81,0.39,Web,39,0,0
3650,Student,171,67,0.43,Mobile,0,1,0
3651,Free,96,2,0.29,Mobile,15,0,0
3652,Family,227,1,0.19,Web,0,1,0
3653,Free,226,29,0.31,Mobile,35,0,0
3654,Student,102,67,0.43,Web,0,1,0
3655,Family,23,84,0.2,Mobile,0,1,0
3656,Family,187,7,0.29,Desktop,0,1,0
3657,Free,27,30,0.12,Mobile,20,0,0
3658,Free,199,19,0.26,Desktop,41,0,1
3659,Student,23,97,0.11,Web,0,1,0
3660,Premium,279,98,0.12,Mobile,0,1,0
3661,Free,262,98,0.05,Desktop,33,0,0
3662,Premium,241,12,0.0,Desktop,0,1,0
3663,Student,170,39,0.36,Web,0,1,0
3664,Family,78,64,0.51,Desktop,0,1,0
3665,Student,219,37,0.39,Desktop,0,1,0
3666,Family,116,97,0.21,Mobile,0,1,1
3667,Premium,136,12,0.36,Desktop,0,1,0
3668,Premium,275,67,0.12,Web,0,1,0
3669,Free,234,7,0.22,Web,22,0,1
3670,Family,231,81,0.01,Mobile,0,1,1
3671,Free,191,54,0.51,Mobile,36,0,0
3672,Family,213,91,0.36,Mobile,0,1,1
3673,Premium,93,57,0.05,Desktop,0,1,0
3674,Student,45,67,0.45,Desktop,0,1,1
3675,Student,79,98,0.02,Desktop,0,1,0
3676,Family,156,79,0.07,Desktop,0,1,0
3677,Premium,125,28,0.11,Desktop,0,1,0
3678,Free,110,19,0.38,Mobile,11,0,0
3679,Family,252,59,0.06,Mobile,0,1,0
3680,Free,16,29,0.1,Mobile,26,0,0
3681,Family,116,71,0.15,Desktop,0,1,0
3682,Student,93,85,0.4,Web,0,1,1
3683,Student,64,83,0.16,Web,0,1,1
3684,Premium,97,24,0.25,Mobile,0,1,0
3685,Free,274,68,0.24,Web,24,0,0
3686,Student,237,63,0.1,Desktop,0,1,0
3687,Premium,184,55,0.01,Mobile,0,1,1
3688,Premium,199,13,0.02,Mobile,0,1,0
3689,Premium,72,4,0.16,Mobile,0,1,0
3690,Student,16,79,0.44,Desktop,0,1,1
3691,Student,42,30,0.21,Web,0,1,0
3692,Family,119,33,0.32,Web,0,1,0
3693,Premium,153,84,0.18,Desktop,0,1,0
3694,Free,36,53,0.44,Desktop,28,0,0
3695,Family,199,20,0.55,Desktop,0,1,1
3696,Student,50,5,0.26,Mobile,0,1,0
3697,Premium,171,46,0.57,Web,0,1,0
3698,Student,26,99,0.3,Desktop,0,1,0
3699,Premium,229,81,0.59,Web,0,1,0
3700,Family,103,35,0.39,Web,0,1,0
3701,Free,210,25,0.17,Desktop,46,0,1
3702,Free,267,50,0.59,Desktop,14,0,0
3703,Family,283,8,0.38,Desktop,0,1,0
3704,Premium,156,52,0.2,Desktop,0,1,0
3705,Free,277,9,0.48,Web,14,0,0
3706,Family,250,39,0.03,Mobile,0,1,0
3707,Student,187,38,0.04,Mobile,0,1,0
3708,Student,161,69,0.34,Mobile,0,1,0
3709,Free,28,60,0.26,Mobile,47,0,0
3710,Family,224,29,0.56,Mobile,0,1,0
3711,Student,93,92,0.01,Mobile,0,1,0
3712,Free,102,3,0.41,Mobile,13,0,0
3713,Premium,287,31,0.27,Web,0,1,1
3714,Family,135,18,0.53,Desktop,0,1,0
3715,Premium,96,42,0.41,Mobile,0,1,1
3716,Free,264,95,0.24,Web,47,0,1
3717,Student,30,33,0.43,Web,0,1,0
3718,Premium,279,60,0.48,Mobile,0,1,1
3719,Free,183,64,0.4,Web,15,0,0
3720,Family,207,65,0.04,Desktop,0,1,1
3721,Student,152,27,0.41,Mobile,0,1,0
3722,Premium,261,75,0.29,Mobile,0,1,1
3723,Student,122,27,0.03,Mobile,0,1,0
3724,Free,91,34,0.01,Web,24,0,0
3725,Premium,230,68,0.29,Desktop,0,1,0
3726,Free,31,60,0.11,Desktop,36,0,0
3727,Student,44,57,0.19,Mobile,0,1,1
3728,Family,233,55,0.56,Web,0,1,0
3729,Premium,299,32,0.39,Desktop,0,1,0
3730,Family,37,79,0.38,Mobile,0,1,1
3731,Free,284,23,0.07,Mobile,31,0,0
3732,Free,138,68,0.38,Mobile,12,0,1
3733,Family,112,90,0.1,Mobile,0,1,1
3734,Free,33,9,0.37,Desktop,22,0,0
3735,Student,191,81,0.08,Web,0,1,1
3736,Free,183,37,0.55,Desktop,11,0,0
3737,Family,197,85,0.57,Web,0,1,0
3738,Student,36,54,0.03,Mobile,0,1,0
3739,Student,64,50,0.55,Web,0,1,0
3740,Premium,245,23,0.19,Mobile,0,1,0
3741,Premium,83,96,0.19,Web,0,1,0
3742,Family,232,48,0.53,Mobile,0,1,0
3743,Premium,278,74,0.26,Desktop,0,1,1
3744,Premium,27,35,0.48,Mobile,0,1,0
3745,Student,257,28,0.36,Mobile,0,1,0
3746,Family,36,59,0.07,Web,0,1,0
3747,Student,287,63,0.07,Desktop,0,1,0
3748,Premium,116,35,0.03,Web,0,1,0
3749,Free,234,11,0.15,Desktop,31,0,0
3750,Family,51,6,0.19,Web,0,1,0
3751,Family,287,22,0.44,Web,0,1,1
3752,Family,143,99,0.29,Desktop,0,1,0
3753,Free,132,69,0.54,Desktop,22,0,0
3754,Student,12,31,0.01,Desktop,0,1,0
3755,Family,238,84,0.12,Desktop,0,1,1
3756,Family,256,20,0.38,Web,0,1,1
3757,Free,201,13,0.24,Desktop,39,0,1
3758,Student,57,92,0.23,Mobile,0,1,0
3759,Free,281,44,0.2,Mobile,16,0,1
3760,Premium,36,78,0.47,Desktop,0,1,0
3761,Family,192,62,0.47,Mobile,0,1,0
3762,Student,19,57,0.29,Desktop,0,1,0
3763,Free,85,24,0.33,Desktop,26,0,1
3764,Free,170,73,0.21,Desktop,31,0,0
3765,Student,115,41,0.2,Mobile,0,1,0
3766,Student,256,91,0.38,Web,0,1,0
3767,Premium,24,26,0.49,Mobile,0,1,0
3768,Free,81,70,0.27,Mobile,28,0,0
3769,Student,191,70,0.29,Web,0,1,0
3770,Premium,47,97,0.06,Mobile,0,1,0
3771,Free,164,9,0.55,Web,5,0,0
3772,Premium,53,68,0.31,Desktop,0,1,0
3773,Premium,175,31,0.29,Web,0,1,0
3774,Family,269,27,0.52,Mobile,0,1,0
3775,Premium,150,22,0.1,Web,0,1,1
3776,Student,18,27,0.14,Mobile,0,1,0
3777,Family,96,38,0.57,Mobile,0,1,1
3778,Free,197,86,0.0,Desktop,32,0,1
3779,Free,112,29,0.3,Mobile,43,0,0
3780,Family,152,63,0.14,Desktop,0,1,1
3781,Student,183,43,0.26,Desktop,0,1,0
3782,Family,73,20,0.58,Mobile,0,1,0
3783,Student,204,25,0.33,Desktop,0,1,0
3784,Family,142,6,0.34,Desktop,0,1,0
3785,Family,68,44,0.25,Web,0,1,0
3786,Free,227,5,0.53,Web,45,0,1
3787,Premium,188,67,0.47,Web,0,1,0
3788,Student,86,83,0.09,Web,0,1,0
3789,Free,61,85,0.57,Web,31,0,1
3790,Student,28,33,0.19,Mobile,0,1,0
3791,Free,50,47,0.37,Desktop,24,0,0
3792,Family,20,14,0.45,Mobile,0,1,1
3793,Premium,176,41,0.57,Desktop,0,1,0
3794,Student,46,53,0.25,Mobile,0,1,0
3795,Premium,77,88,0.33,Desktop,0,1,0
3796,Student,37,17,0.2,Desktop,0,1,0
3797,Free,256,30,0.14,Web,12,0,0
3798,Free,240,84,0.58,Mobile,39,0,0
3799,Student,196,24,0.07,Mobile,0,1,0
3800,Family,57,16,0.5,Web,0,1,0
3801,Free,214,51,0.15,Web,33,0,1
3802,Free,48,83,0.44,Web,40,0,1
3803,Free,99,1,0.24,Desktop,25,0,0
3804,Premium,172,88,0.36,Web,0,1,0
3805,Free,166,68,0.23,Web,19,0,0
3806,Student,108,86,0.38,Web,0,1,1
3807,Premium,33,42,0.47,Web,0,1,0
3808,Student,125,33,0.38,Web,0,1,0
3809,Premium,142,21,0.07,Desktop,0,1,0
3810,Premium,242,90,0.03,Mobile,0,1,1
3811,Premium,196,12,0.44,Desktop,0,1,0
3812,Family,99,66,0.37,Web,0,1,0
3813,Premium,128,12,0.05,Desktop,0,1,0
3814,Family,231,31,0.55,Mobile,0,1,0
3815,Free,68,50,0.53,Web,36,0,0
3816,Family,266,49,0.6,Mobile,0,1,0
3817,Premium,197,74,0.39,Desktop,0,1,0
3818,Premium,217,7,0.31,Desktop,0,1,1
3819,Family,23,68,0.45,Desktop,0,1,1
3820,Family,160,66,0.47,Desktop,0,1,0
3821,Student,163,34,0.37,Desktop,0,1,0
3822,Premium,224,80,0.54,Desktop,0,1,0
3823,Free,55,48,0.57,Desktop,22,0,0
3824,Free,79,73,0.53,Mobile,16,0,0
3825,Free,115,23,0.54,Desktop,46,0,0
3826,Free,20,67,0.38,Mobile,39,0,0
3827,Free,132,51,0.08,Desktop,46,0,1
3828,Student,150,41,0.42,Desktop,0,1,0
3829,Family,91,55,0.59,Mobile,0,1,0
3830,Family,262,32,0.04,Mobile,0,1,0
3831,Premium,109,73,0.12,Mobile,0,1,0
3832,Free,88,49,0.36,Mobile,23,0,0
3833,Free,22,96,0.22,Mobile,14,0,1
3834,Free,179,73,0.58,Desktop,41,0,0
3835,Free,46,28,0.49,Web,9,0,0
3836,Free,171,39,0.14,Mobile,30,0,0
3837,Student,165,67,0.25,Web,0,1,0
3838,Family,48,3,0.11,Mobile,0,1,0
3839,Premium,254,4,0.29,Mobile,0,1,0
3840,Student,285,93,0.27,Desktop,0,1,1
3841,Student,110,53,0.41,Desktop,0,1,1
3842,Student,130,99,0.32,Mobile,0,1,1
3843,Free,245,13,0.17,Desktop,19,0,0
3844,Free,99,28,0.18,Mobile,12,0,0
3845,Premium,77,59,0.4,Web,0,1,0
3846,Free,46,11,0.57,Web,46,0,0
3847,Free,52,41,0.35,Web,7,0,0
3848,Premium,99,6,0.13,Mobile,0,1,1
3849,Premium,188,42,0.07,Web,0,1,0
3850,Family,67,73,0.56,Desktop,0,1,1
3851,Family,27,21,0.57,Desktop,0,1,0
3852,Student,63,7,0.11,Web,0,1,0
3853,Free,112,41,0.17,Web,49,0,1
3854,Family,231,24,0.2,Desktop,0,1,0
3855,Family,49,70,0.03,Web,0,1,0
3856,Family,82,53,0.4,Mobile,0,1,1
3857,Premium,144,19,0.03,Desktop,0,1,0
3858,Premium,112,61,0.43,Web,0,1,0
3859,Student,38,78,0.27,Web,0,1,0
3860,Student,243,42,0.59,Desktop,0,1,0
3861,Premium,217,17,0.34,Mobile,0,1,0
3862,Family,218,38,0.56,Desktop,0,1,0
3863,Student,260,29,0.5,Mobile,0,1,0
3864,Family,41,19,0.1,Desktop,0,1,1
3865,Family,165,74,0.16,Web,0,1,0
3866,Family,41,43,0.57,Web,0,1,0
3867,Free,227,22,0.49,Desktop,38,0,0
3868,Free,291,31,0.13,Desktop,11,0,1
3869,Premium,76,78,0.07,Mobile,0,1,0
3870,Free,273,34,0.38,Desktop,13,0,0
3871,Free,289,97,0.53,Web,33,0,0
3872,Premium,87,13,0.05,Web,0,1,0
3873,Family,259,10,0.37,Web,0,1,1
3874,Student,269,38,0.22,Desktop,0,1,0
3875,Free,179,7,0.41,Web,14,0,0
3876,Free,67,18,0.54,Web,40,0,0
3877,Free,100,34,0.08,Desktop,35,0,1
3878,Family,75,35,0.54,Desktop,0,1,0
3879,Free,282,24,0.54,Mobile,22,0,1
3880,Free,99,74,0.2,Mobile,17,0,1
3881,Student,160,55,0.26,Mobile,0,1,1
3882,Free,218,88,0.34,Mobile,23,0,0
3883,Premium,125,52,0.07,Web,0,1,1
3884,Premium,252,82,0.07,Mobile,0,1,0
3885,Student,166,1,0.22,Mobile,0,1,0
3886,Family,118,81,0.12,Mobile,0,1,1
3887,Family,35,50,0.47,Desktop,0,1,0
3888,Family,207,90,0.02,Desktop,0,1,0
3889,Premium,19,88,0.58,Mobile,0,1,1
3890,Free,214,49,0.03,Web,10,0,0
3891,Student,242,84,0.07,Web,0,1,1
3892,Free,65,82,0.36,Mobile,40,0,1
3893,Student,231,60,0.15,Desktop,0,1,0
3894,Premium,161,46,0.55,Desktop,0,1,0
3895,Premium,199,95,0.51,Mobile,0,1,0
3896,Family,151,45,0.08,Web,0,1,0
3897,Family,239,58,0.02,Mobile,0,1,0
3898,Student,157,91,0.51,Mobile,0,1,0
3899,Family,125,42,0.2,Web,0,1,0
3900,Premium,116,37,0.45,Desktop,0,1,0
3901,Family,43,27,0.07,Desktop,0,1,1
3902,Free,104,22,0.32,Desktop,12,0,1
3903,Student,33,95,0.3,Desktop,0,1,0
3904,Family,286,56,0.04,Web,0,1,1
3905,Premium,11,11,0.36,Mobile,0,1,1
3906,Student,94,4,0.44,Desktop,0,1,1
3907,Premium,140,91,0.05,Desktop,0,1,0
3908,Premium,146,68,0.03,Desktop,0,1,0
3909,Premium,137,89,0.1,Desktop,0,1,0
3910,Student,121,69,0.42,Web,0,1,1
3911,Family,70,9,0.21,Web,0,1,0
3912,Family,169,90,0.28,Desktop,0,1,0
3913,Family,161,57,0.47,Mobile,0,1,1
3914,Free,99,39,0.4,Web,46,0,0
3915,Student,140,89,0.24,Desktop,0,1,0
3916,Family,155,24,0.15,Web,0,1,0
3917,Free,121,2,0.36,Mobile,36,0,1
3918,Student,54,31,0.3,Desktop,0,1,1
3919,Premium,235,23,0.33,Web,0,1,0
3920,Family,224,58,0.59,Mobile,0,1,0
3921,Premium,177,50,0.49,Mobile,0,1,0
3922,Student,288,88,0.45,Desktop,0,1,0
3923,Premium,115,35,0.3,Web,0,1,1
3924,Premium,221,13,0.58,Desktop,0,1,0
3925,Family,73,91,0.15,Web,0,1,0
3926,Premium,95,46,0.03,Mobile,0,1,0
3927,Premium,46,86,0.12,Mobile,0,1,0
3928,Student,59,28,0.32,Web,0,1,1
3929,Premium,264,71,0.27,Desktop,0,1,0
3930,Premium,55,84,0.43,Web,0,1,1
3931,Premium,202,43,0.04,Desktop,0,1,0
3932,Premium,66,82,0.56,Desktop,0,1,0
3933,Free,224,20,0.18,Web,47,0,0
3934,Family,175,25,0.57,Mobile,0,1,0
3935,Premium,143,40,0.41,Mobile,0,1,0
3936,Premium,202,77,0.4,Mobile,0,1,1
3937,Premium,203,35,0.29,Web,0,1,1
3938,Family,21,82,0.21,Web,0,1,0
3939,Student,82,91,0.3,Mobile,0,1,1
3940,Free,175,34,0.59,Desktop,31,0,1
3941,Premium,234,23,0.24,Desktop,0,1,0
3942,Student,150,20,0.16,Desktop,0,1,0
3943,Premium,246,81,0.58,Desktop,0,1,0
3944,Family,80,36,0.43,Mobile,0,1,0
3945,Family,67,43,0.58,Web,0,1,0
3946,Family,12,99,0.52,Desktop,0,1,0
3947,Premium,288,88,0.53,Web,0,1,0
3948,Student,178,84,0.13,Web,0,1,1
3949,Premium,221,59,0.45,Web,0,1,0
3950,Premium,117,73,0.31,Web,0,1,1
3951,Premium,13,11,0.27,Desktop,0,1,1
3952,Free,130,25,0.05,Web,32,0,1
3953,Premium,83,45,0.03,Web,0,1,0
3954,Student,86,77,0.27,Web,0,1,0
3955,Family,206,42,0.07,Web,0,1,1
3956,Premium,258,80,0.16,Desktop,0,1,0
3957,Free,120,71,0.35,Mobile,46,0,0
3958,Premium,55,42,0.26,Web,0,1,0
3959,Free,133,75,0.22,Mobile,28,0,0
3960,Free,159,16,0.57,Mobile,17,0,0
3961,Student,109,3,0.49,Mobile,0,1,1
3962,Family,92,43,0.32,Desktop,0,1,0
3963,Family,279,78,0.56,Desktop,0,1,0
3964,Premium,41,80,0.14,Mobile,0,1,1
3965,Student,245,55,0.38,Web,0,1,0
3966,Family,166,61,0.38,Mobile,0,1,0
3967,Premium,21,66,0.33,Web,0,1,0
3968,Student,34,96,0.6,Mobile,0,1,1
3969,Student,273,78,0.57,Desktop,0,1,1
3970,Premium,264,95,0.06,Desktop,0,1,0
3971,Premium,159,82,0.56,Mobile,0,1,0
3972,Premium,151,61,0.51,Web,0,1,1
3973,Student,277,49,0.22,Desktop,0,1,0
3974,Free,104,78,0.42,Web,43,0,0
3975,Premium,255,49,0.3,Desktop,0,1,1
3976,Premium,80,74,0.42,Web,0,1,1
3977,Free,120,3,0.11,Desktop,24,0,0
3978,Free,229,56,0.23,Mobile,37,0,0
3979,Student,99,86,0.24,Web,0,1,0
3980,Student,268,69,0.45,Mobile,0,1,0
3981,Student,86,42,0.03,Mobile,0,1,0
3982,Premium,223,29,0.33,Desktop,0,1,0
3983,Free,148,62,0.0,Desktop,37,0,0
3984,Premium,29,57,0.44,Desktop,0,1,1
3985,Family,229,17,0.04,Desktop,0,1,0
3986,Premium,254,36,0.15,Web,0,1,0
3987,Free,239,16,0.58,Desktop,35,0,1
3988,Family,120,48,0.54,Mobile,0,1,1
3989,Student,41,65,0.44,Mobile,0,1,0
3990,Student,65,63,0.24,Mobile,0,1,1
3991,Premium,207,22,0.4,Web,0,1,0
3992,Free,278,40,0.25,Desktop,35,0,0
3993,Student,22,93,0.07,Web,0,1,0
3994,Family,237,28,0.12,Web,0,1,1
3995,Student,101,57,0.26,Mobile,0,1,0
3996,Family,285,15,0.16,Web,0,1,1
3997,Free,283,60,0.3,Desktop,42,0,1
3998,Student,255,99,0.58,Mobile,0,1,1
3999,Free,17,54,0.47,Mobile,41,0,0
4000,Family,67,41,0.53,Web,0,1,0
4001,Student,48,46,0.29,Web,0,1,0
4002,Free,12,71,0.0,Desktop,10,0,0
4003,Student,224,50,0.37,Desktop,0,1,0
4004,Student,207,85,0.29,Desktop,0,1,1
4005,Student,133,42,0.02,Mobile,0,1,1
4006,Free,139,79,0.08,Desktop,44,0,0
4007,Free,102,58,0.03,Web,14,0,1
4008,Free,151,63,0.16,Mobile,29,0,0
4009,Family,187,90,0.53,Mobile,0,1,1
4010,Student,93,26,0.54,Mobile,0,1,0
4011,Student,217,46,0.52,Desktop,0,1,0
4012,Premium,235,6,0.41,Mobile,0,1,0
4013,Family,128,97,0.13,Mobile,0,1,0
4014,Premium,262,88,0.23,Desktop,0,1,0
4015,Family,283,49,0.19,Desktop,0,1,0
4016,Student,285,90,0.26,Mobile,0,1,0
4017,Family,83,61,0.31,Web,0,1,0
4018,Student,277,62,0.0,Mobile,0,1,0
4019,Premium,108,45,0.34,Mobile,0,1,0
4020,Family,17,68,0.56,Desktop,0,1,0
4021,Premium,208,22,0.29,Web,0,1,0
4022,Free,140,92,0.12,Desktop,39,0,0
4023,Family,285,80,0.19,Mobile,0,1,0
4024,Free,139,18,0.25,Web,17,0,0
4025,Premium,17,90,0.14,Desktop,0,1,0
4026,Free,78,64,0.0,Desktop,23,0,1
4027,Premium,101,91,0.39,Mobile,0,1,0
4028,Premium,42,41,0.17,Desktop,0,1,0
4029,Family,52,95,0.46,Mobile,0,1,0
4030,Free,294,97,0.58,Web,25,0,0
4031,Free,274,48,0.15,Mobile,29,0,0
4032,Free,101,25,0.51,Desktop,19,0,0
4033,Premium,225,95,0.13,Desktop,0,1,1
4034,Family,140,57,0.46,Desktop,0,1,0
4035,Premium,40,26,0.02,Mobile,0,1,1
4036,Student,66,19,0.22,Mobile,0,1,1
4037,Premium,48,4,0.24,Mobile,0,1,0
4038,Student,181,18,0.57,Mobile,0,1,0
4039,Student,86,47,0.24,Web,0,1,0
4040,Family,50,30,0.03,Desktop,0,1,1
4041,Free,46,49,0.4,Desktop,26,0,1
4042,Premium,240,54,0.06,Desktop,0,1,0
4043,Premium,87,40,0.57,Mobile,0,1,0
4044,Premium,168,89,0.26,Web,0,1,0
4045,Family,111,26,0.49,Web,0,1,0
4046,Premium,102,56,0.24,Desktop,0,1,0
4047,Student,214,80,0.18,Desktop,0,1,0
4048,Premium,163,55,0.6,Mobile,0,1,0
4049,Student,160,20,0.51,Desktop,0,1,0
4050,Student,270,18,0.03,Web,0,1,0
4051,Family,74,71,0.24,Mobile,0,1,0
4052,Family,110,81,0.34,Mobile,0,1,1
4053,Student,260,17,0.25,Mobile,0,1,1
4054,Student,149,29,0.25,Mobile,0,1,0
4055,Family,151,47,0.34,Desktop,0,1,0
4056,Family,19,25,0.25,Desktop,0,1,0
4057,Premium,235,86,0.57,Desktop,0,1,0
4058,Premium,64,53,0.29,Web,0,1,0
4059,Family,131,7,0.27,Desktop,0,1,0
4060,Free,229,71,0.54,Desktop,32,0,1
4061,Student,101,99,0.34,Web,0,1,0
4062,Family,195,39,0.52,Web,0,1,1
4063,Family,118,19,0.16,Web,0,1,1
4064,Free,176,20,0.48,Desktop,47,0,1
4065,Free,31,72,0.46,Web,5,0,0
4066,Free,250,26,0.21,Mobile,28,0,0
4067,Premium,228,92,0.4,Mobile,0,1,1
4068,Family,157,19,0.53,Web,0,1,0
4069,Family,82,27,0.58,Desktop,0,1,1
4070,Family,154,51,0.16,Desktop,0,1,1
4071,Student,211,24,0.09,Web,0,1,1
4072,Family,65,24,0.04,Web,0,1,0
4073,Family,221,65,0.5,Desktop,0,1,1
4074,Premium,283,16,0.27,Mobile,0,1,0
4075,Student,147,78,0.15,Web,0,1,0
4076,Student,279,78,0.42,Web,0,1,0
4077,Family,134,71,0.05,Desktop,0,1,0
4078,Free,73,18,0.55,Desktop,33,0,0
4079,Student,239,32,0.35,Web,0,1,0
4080,Free,64,97,0.13,Desktop,45,0,0
4081,Free,113,76,0.13,Mobile,39,0,1
4082,Premium,61,51,0.48,Desktop,0,1,0
4083,Free,173,29,0.1,Desktop,39,0,0
4084,Premium,239,42,0.57,Desktop,0,1,1
4085,Family,108,53,0.03,Desktop,0,1,1
4086,Student,276,85,0.51,Desktop,0,1,0
4087,Free,41,49,0.46,Desktop,24,0,0
4088,Free,233,90,0.4,Desktop,47,0,0
4089,Premium,247,15,0.26,Mobile,0,1,0
4090,Family,257,82,0.04,Desktop,0,1,0
4091,Free,233,46,0.22,Web,32,0,0
4092,Premium,278,19,0.58,Desktop,0,1,0
4093,Premium,184,64,0.24,Desktop,0,1,0
4094,Free,121,2,0.53,Desktop,38,0,0
4095,Family,44,71,0.48,Desktop,0,1,1
4096,Student,147,59,0.15,Mobile,0,1,1
4097,Premium,165,39,0.55,Web,0,1,1
4098,Family,38,25,0.55,Mobile,0,1,0
4099,Student,11,71,0.56,Desktop,0,1,0
4100,Free,87,66,0.43,Web,34,0,0
4101,Premium,63,61,0.1,Desktop,0,1,0
4102,Student,241,18,0.14,Desktop,0,1,0
4103,Student,92,47,0.17,Desktop,0,1,1
4104,Free,262,9,0.02,Mobile,35,0,0
4105,Family,253,1,0.01,Desktop,0,1,0
4106,Free,270,27,0.43,Mobile,44,0,0
4107,Free,248,60,0.09,Desktop,32,0,0
4108,Family,156,5,0.16,Mobile,0,1,0
4109,Free,225,77,0.55,Mobile,27,0,0
4110,Student,84,41,0.45,Mobile,0,1,0
4111,Premium,215,68,0.4,Web,0,1,0
4112,Student,180,32,0.23,Desktop,0,1,0
4113,Premium,88,55,0.47,Web,0,1,0
4114,Student,157,83,0.05,Mobile,0,1,0
4115,Premium,156,92,0.11,Desktop,0,1,1
4116,Free,250,70,0.48,Web,43,0,1
4117,Student,143,40,0.17,Desktop,0,1,0
4118,Family,39,8,0.56,Desktop,0,1,1
4119,Premium,273,32,0.21,Web,0,1,0
4120,Premium,250,8,0.39,Mobile,0,1,0
4121,Family,159,18,0.5,Mobile,0,1,0
4122,Student,237,27,0.42,Web,0,1,0
4123,Student,55,73,0.41,Desktop,0,1,1
4124,Free,79,55,0.1,Mobile,47,0,0
4125,Student,272,48,0.5,Mobile,0,1,0
4126,Family,70,51,0.4,Desktop,0,1,0
4127,Free,234,16,0.13,Mobile,16,0,0
4128,Free,195,82,0.57,Mobile,44,0,0
4129,Student,28,88,0.19,Mobile,0,1,0
4130,Student,38,28,0.02,Desktop,0,1,0
4131,Family,177,24,0.03,Mobile,0,1,1
4132,Student,290,88,0.58,Desktop,0,1,0
4133,Free,243,14,0.0,Web,25,0,0
4134,Student,28,22,0.6,Mobile,0,1,0
4135,Family,45,9,0.21,Mobile,0,1,0
4136,Free,279,37,0.16,Desktop,36,0,0
4137,Student,164,60,0.49,Desktop,0,1,1
4138,Family,207,39,0.28,Web,0,1,0
4139,Student,56,10,0.02,Web,0,1,0
4140,Premium,268,56,0.53,Mobile,0,1,0
4141,Family,67,76,0.27,Web,0,1,1
4142,Free,114,41,0.05,Desktop,36,0,0
4143,Free,270,34,0.51,Desktop,30,0,0
4144,Student,199,90,0.51,Mobile,0,1,1
4145,Family,182,12,0.54,Web,0,1,0
4146,Family,203,84,0.53,Web,0,1,0
4147,Student,149,84,0.01,Web,0,1,0
4148,Free,118,41,0.44,Mobile,7,0,0
4149,Premium,182,59,0.34,Mobile,0,1,0
4150,Student,212,42,0.48,Mobile,0,1,0
4151,Premium,11,51,0.21,Desktop,0,1,0
4152,Family,35,27,0.29,Desktop,0,1,0
4153,Student,241,91,0.51,Web,0,1,0
4154,Family,20,49,0.06,Mobile,0,1,0
4155,Free,140,66,0.59,Web,25,0,0
4156,Student,233,95,0.36,Desktop,0,1,1
4157,Student,187,30,0.29,Desktop,0,1,0
4158,Family,62,36,0.38,Mobile,0,1,1
4159,Free,272,75,0.53,Mobile,48,0,0
4160,Free,195,37,0.26,Mobile,47,0,0
4161,Premium,210,13,0.32,Web,0,1,0
4162,Family,226,44,0.26,Mobile,0,1,0
4163,Family,71,1,0.28,Desktop,0,1,1
4164,Free,243,73,0.2,Web,31,0,0
4165,Premium,131,28,0.31,Web,0,1,1
4166,Free,112,77,0.32,Desktop,15,0,0
4167,Student,190,81,0.09,Desktop,0,1,0
4168,Premium,171,91,0.14,Web,0,1,0
4169,Family,20,47,0.12,Mobile,0,1,0
4170,Student,256,49,0.12,Mobile,0,1,0
4171,Free,66,53,0.5,Web,25,0,0
4172,Premium,199,67,0.14,Mobile,0,1,0
4173,Premium,92,79,0.47,Web,0,1,0
4174,Premium,161,49,0.34,Desktop,0,1,0
4175,Free,296,65,0.37,Web,14,0,0
4176,Student,219,49,0.48,Mobile,0,1,0
4177,Premium,45,1,0.57,Web,0,1,0
4178,Premium,154,98,0.07,Mobile,0,1,1
4179,Free,228,14,0.03,Mobile,41,0,0
4180,Premium,163,14,0.07,Web,0,1,0
4181,Premium,113,30,0.08,Mobile,0,1,0
4182,Premium,70,91,0.04,Desktop,0,1,0
4183,Free,209,66,0.37,Web,29,0,1
4184,Premium,200,14,0.28,Mobile,0,1,0
4185,Family,111,46,0.4,Desktop,0,1,1
4186,Premium,186,37,0.38,Mobile,0,1,0
4187,Family,250,13,0.48,Web,0,1,1
4188,Free,31,30,0.5,Desktop,41,0,0
4189,Premium,195,87,0.1,Desktop,0,1,1
4190,Family,239,53,0.28,Mobile,0,1,0
4191,Student,273,29,0.23,Mobile,0,1,1
4192,Free,260,46,0.42,Mobile,10,0,0
4193,Free,168,71,0.58,Mobile,31,0,0
4194,Student,185,6,0.1,Mobile,0,1,1
4195,Student,252,56,0.44,Desktop,0,1,1
4196,Free,229,16,0.4,Mobile,45,0,0
4197,Premium,225,68,0.25,Desktop,0,1,1
4198,Family,146,81,0.56,Web,0,1,0
4199,Premium,27,83,0.47,Desktop,0,1,1
4200,Student,21,61,0.26,Mobile,0,1,1
4201,Student,251,77,0.1,Mobile,0,1,1
4202,Family,284,90,0.48,Web,0,1,0
4203,Family,226,55,0.6,Mobile,0,1,0
4204,Free,239,73,0.46,Web,45,0,1
4205,Family,229,12,0.48,Desktop,0,1,0
4206,Student,213,40,0.57,Desktop,0,1,0
4207,Family,90,37,0.21,Mobile,0,1,0
4208,Premium,18,62,0.47,Mobile,0,1,0
4209,Family,48,44,0.59,Web,0,1,1
4210,Family,76,5,0.2,Mobile,0,1,1
4211,Premium,202,21,0.51,Web,0,1,1
4212,Student,207,85,0.39,Web,0,1,0
4213,Premium,115,35,0.21,Mobile,0,1,0
4214,Premium,263,76,0.56,Mobile,0,1,0
4215,Free,77,64,0.34,Web,37,0,1
4216,Premium,115,90,0.24,Web,0,1,0
4217,Student,286,68,0.46,Desktop,0,1,0
4218,Student,68,37,0.2,Desktop,0,1,1
4219,Premium,252,22,0.41,Web,0,1,0
4220,Family,181,86,0.5,Desktop,0,1,1
4221,Student,150,12,0.16,Desktop,0,1,0
4222,Premium,166,8,0.56,Web,0,1,0
4223,Family,253,75,0.13,Mobile,0,1,1
4224,Family,45,83,0.18,Desktop,0,1,0
4225,Free,72,65,0.43,Mobile,24,0,0
4226,Free,198,28,0.0,Web,24,0,0
4227,Free,16,43,0.39,Mobile,43,0,0
4228,Family,170,32,0.3,Mobile,0,1,1
4229,Family,68,19,0.4,Desktop,0,1,1
4230,Premium,218,18,0.46,Desktop,0,1,0
4231,Student,124,59,0.41,Desktop,0,1,0
4232,Family,133,67,0.17,Desktop,0,1,0
4233,Premium,137,58,0.36,Web,0,1,1
4234,Premium,293,99,0.31,Mobile,0,1,1
4235,Family,18,4,0.12,Web,0,1,0
4236,Student,42,34,0.6,Web,0,1,1
4237,Free,125,81,0.08,Web,17,0,0
4238,Family,266,52,0.54,Desktop,0,1,1
4239,Student,13,70,0.34,Desktop,0,1,0
4240,Student,57,72,0.09,Desktop,0,1,1
4241,Premium,23,66,0.59,Desktop,0,1,1
4242,Free,108,53,0.14,Web,30,0,0
4243,Free,102,85,0.09,Mobile,39,0,0
4244,Family,91,79,0.53,Mobile,0,1,0
4245,Premium,74,40,0.01,Desktop,0,1,0
4246,Free,171,38,0.28,Web,43,0,0
4247,Free,197,85,0.39,Web,18,0,0
4248,Premium,203,72,0.19,Web,0,1,0
4249,Free,106,25,0.57,Web,11,0,1
4250,Free,225,8,0.32,Web,8,0,0
4251,Premium,280,26,0.42,Desktop,0,1,0
4252,Family,78,87,0.0,Desktop,0,1,0
4253,Student,176,6,0.51,Web,0,1,0
4254,Premium,287,64,0.05,Mobile,0,1,0
4255,Family,42,31,0.32,Desktop,0,1,0
4256,Premium,272,94,0.23,Mobile,0,1,0
4257,Premium,10,99,0.18,Mobile,0,1,1
4258,Premium,203,79,0.35,Web,0,1,1
4259,Student,123,71,0.5,Desktop,0,1,0
4260,Family,115,34,0.59,Desktop,0,1,1
4261,Family,227,30,0.04,Mobile,0,1,0
4262,Premium,40,8,0.29,Mobile,0,1,1
4263,Student,179,61,0.4,Desktop,0,1,1
4264,Student,290,74,0.19,Desktop,0,1,0
4265,Free,57,91,0.21,Desktop,13,0,0
4266,Premium,10,72,0.43,Desktop,0,1,0
4267,Free,88,91,0.25,Mobile,33,0,1
4268,Student,237,76,0.57,Mobile,0,1,0
4269,Student,268,39,0.42,Web,0,1,0
4270,Family,100,23,0.44,Web,0,1,0
4271,Premium,83,71,0.08,Mobile,0,1,0
4272,Family,177,26,0.22,Desktop,0,1,0
4273,Premium,146,93,0.52,Desktop,0,1,0
4274,Premium,182,2,0.53,Desktop,0,1,1
4275,Premium,180,32,0.34,Desktop,0,1,0
4276,Premium,64,78,0.46,Desktop,0,1,0
4277,Free,115,85,0.16,Web,23,0,1
4278,Free,101,26,0.19,Mobile,46,0,0
4279,Student,185,11,0.17,Mobile,0,1,0
4280,Student,80,21,0.2,Web,0,1,0
4281,Free,260,11,0.12,Web,11,0,0
4282,Free,269,86,0.16,Mobile,43,0,1
4283,Free,141,1,0.49,Web,13,0,0
4284,Family,291,72,0.33,Desktop,0,1,0
4285,Student,111,14,0.6,Mobile,0,1,0
4286,Premium,187,75,0.54,Desktop,0,1,0
4287,Free,202,21,0.14,Mobile,41,0,1
4288,Free,82,54,0.47,Web,6,0,0
4289,Free,286,53,0.45,Desktop,46,0,1
4290,Family,128,82,0.36,Desktop,0,1,0
4291,Free,235,36,0.19,Desktop,25,0,0
4292,Free,102,77,0.1,Mobile,22,0,0
4293,Family,149,91,0.48,Desktop,0,1,0
4294,Family,215,46,0.54,Web,0,1,0
4295,Premium,66,25,0.27,Mobile,0,1,0
4296,Free,272,60,0.32,Desktop,5,0,0
4297,Family,194,21,0.26,Desktop,0,1,0
4298,Family,38,38,0.46,Mobile,0,1,0
4299,Free,247,57,0.42,Desktop,31,0,1
4300,Family,109,93,0.45,Mobile,0,1,0
4301,Premium,145,90,0.14,Desktop,0,1,0
4302,Premium,148,91,0.01,Web,0,1,0
4303,Premium,244,12,0.3,Desktop,0,1,0
4304,Family,192,81,0.43,Desktop,0,1,0
4305,Family,236,64,0.34,Web,0,1,0
4306,Free,46,22,0.11,Mobile,48,0,0
4307,Free,282,31,0.6,Desktop,6,0,0
4308,Family,286,60,0.57,Mobile,0,1,0
4309,Family,49,74,0.2,Desktop,0,1,1
4310,Premium,25,41,0.42,Mobile,0,1,1
4311,Student,40,98,0.44,Desktop,0,1,0
4312,Student,131,10,0.3,Web,0,1,0
4313,Free,103,11,0.25,Desktop,24,0,0
4314,Student,180,77,0.08,Desktop,0,1,0
4315,Student,45,97,0.39,Mobile,0,1,0
4316,Premium,13,39,0.31,Web,0,1,0
4317,Family,154,77,0.29,Desktop,0,1,0
4318,Premium,52,86,0.28,Desktop,0,1,0
4319,Family,292,5,0.41,Mobile,0,1,0
4320,Family,182,90,0.13,Desktop,0,1,1
4321,Family,24,63,0.26,Desktop,0,1,0
4322,Family,167,79,0.07,Desktop,0,1,0
4323,Family,139,7,0.06,Mobile,0,1,1
4324,Family,53,73,0.18,Desktop,0,1,0
4325,Premium,253,47,0.38,Web,0,1,0
4326,Premium,25,98,0.5,Web,0,1,0
4327,Student,31,97,0.26,Desktop,0,1,1
4328,Family,150,43,0.44,Web,0,1,1
4329,Premium,123,8,0.57,Web,0,1,0
4330,Premium,248,14,0.45,Mobile,0,1,0
4331,Free,167,2,0.1,Mobile,34,0,0
4332,Free,219,68,0.6,Desktop,45,0,0
4333,Free,160,40,0.03,Web,18,0,0
4334,Student,60,12,0.19,Desktop,0,1,0
4335,Family,211,48,0.42,Mobile,0,1,1
4336,Student,63,82,0.17,Desktop,0,1,1
4337,Premium,114,23,0.09,Desktop,0,1,0
4338,Student,274,38,0.1,Desktop,0,1,0
4339,Student,97,35,0.01,Mobile,0,1,0
4340,Premium,244,82,0.31,Mobile,0,1,0
4341,Premium,286,56,0.19,Desktop,0,1,0
4342,Free,133,65,0.04,Desktop,29,0,0
4343,Premium,199,91,0.02,Mobile,0,1,0
4344,Premium,117,56,0.0,Web,0,1,1
4345,Student,233,94,0.37,Web,0,1,0
4346,Free,132,69,0.58,Web,31,0,0
4347,Premium,79,17,0.3,Desktop,0,1,0
4348,Student,115,56,0.01,Mobile,0,1,0
4349,Premium,214,6,0.15,Web,0,1,1
4350,Free,165,81,0.54,Mobile,20,0,0
4351,Family,85,79,0.09,Mobile,0,1,0
4352,Free,90,29,0.06,Desktop,14,0,1
4353,Premium,208,2,0.51,Mobile,0,1,0
4354,Premium,94,89,0.33,Web,0,1,0
4355,Free,251,68,0.28,Web,14,0,0
4356,Family,268,16,0.49,Desktop,0,1,0
4357,Free,133,75,0.39,Desktop,10,0,0
4358,Family,124,16,0.49,Mobile,0,1,0
4359,Free,17,2,0.39,Desktop,18,0,0
4360,Family,167,99,0.22,Desktop,0,1,0
4361,Student,98,3,0.0,Web,0,1,0
4362,Free,93,83,0.04,Web,32,0,0
4363,Student,159,4,0.14,Desktop,0,1,1
4364,Premium,147,88,0.15,Web,0,1,0
4365,Student,151,30,0.06,Desktop,0,1,0
4366,Free,105,30,0.51,Mobile,5,0,0
4367,Student,296,57,0.14,Desktop,0,1,0
4368,Student,131,37,0.47,Mobile,0,1,0
4369,Family,47,28,0.17,Web,0,1,0
4370,Premium,129,78,0.54,Mobile,0,1,0
4371,Family,217,27,0.33,Web,0,1,1
4372,Premium,280,18,0.56,Desktop,0,1,0
4373,Family,108,15,0.04,Desktop,0,1,1
4374,Family,262,97,0.6,Web,0,1,0
4375,Student,287,73,0.41,Mobile,0,1,0
4376,Student,118,66,0.4,Web,0,1,1
4377,Family,93,87,0.14,Mobile,0,1,0
4378,Premium,139,97,0.12,Mobile,0,1,0
4379,Free,259,88,0.19,Desktop,12,0,0
4380,Family,98,65,0.05,Desktop,0,1,1
4381,Family,61,77,0.21,Mobile,0,1,0
4382,Premium,81,70,0.43,Web,0,1,1
4383,Free,204,80,0.25,Desktop,47,0,0
4384,Free,158,44,0.09,Desktop,34,0,1
4385,Free,174,8,0.08,Mobile,14,0,1
4386,Student,72,22,0.19,Desktop,0,1,0
4387,Student,22,81,0.41,Mobile,0,1,0
4388,Family,118,72,0.22,Mobile,0,1,0
4389,Free,292,83,0.3,Desktop,44,0,1
4390,Free,261,9,0.12,Web,48,0,0
4391,Student,15,33,0.59,Desktop,0,1,0
4392,Free,92,61,0.27,Mobile,46,0,0
4393,Family,50,55,0.35,Mobile,0,1,0
4394,Premium,144,54,0.33,Web,0,1,0
4395,Free,137,88,0.21,Mobile,35,0,0
4396,Family,195,78,0.38,Web,0,1,1
4397,Free,61,1,0.39,Mobile,16,0,1
4398,Family,297,2,0.37,Mobile,0,1,0
4399,Student,73,34,0.4,Web,0,1,0
4400,Premium,117,53,0.41,Desktop,0,1,0
4401,Free,243,39,0.31,Desktop,47,0,0
4402,Premium,150,88,0.59,Web,0,1,0
4403,Premium,157,62,0.06,Desktop,0,1,0
4404,Free,201,39,0.51,Mobile,13,0,0
4405,Premium,211,74,0.15,Desktop,0,1,0
4406,Free,290,27,0.47,Mobile,29,0,1
4407,Student,150,99,0.5,Desktop,0,1,0
4408,Family,97,30,0.33,Web,0,1,1
4409,Student,60,93,0.34,Desktop,0,1,0
4410,Family,20,60,0.6,Web,0,1,0
4411,Premium,249,5,0.53,Web,0,1,1
4412,Student,48,37,0.29,Mobile,0,1,1
4413,Student,180,63,0.01,Mobile,0,1,0
4414,Family,194,91,0.07,Web,0,1,1
4415,Free,250,24,0.38,Mobile,6,0,0
4416,Free,195,55,0.07,Desktop,43,0,1
4417,Premium,262,60,0.31,Desktop,0,1,0
4418,Family,249,78,0.24,Web,0,1,0
4419,Family,177,66,0.24,Desktop,0,1,0
4420,Student,101,39,0.39,Desktop,0,1,0
4421,Student,84,23,0.04,Web,0,1,0
4422,Family,255,88,0.44,Web,0,1,0
4423,Free,234,87,0.27,Desktop,25,0,0
4424,Student,149,83,0.56,Desktop,0,1,1
4425,Free,289,55,0.25,Desktop,46,0,0
4426,Student,266,28,0.47,Desktop,0,1,1
4427,Family,214,29,0.27,Mobile,0,1,0
4428,Family,176,65,0.11,Mobile,0,1,0
4429,Premium,36,32,0.44,Web,0,1,0
4430,Free,291,43,0.14,Desktop,7,0,1
4431,Premium,176,68,0.56,Mobile,0,1,0
4432,Student,108,17,0.17,Mobile,0,1,0
4433,Family,232,15,0.01,Mobile,0,1,0
4434,Student,13,78,0.43,Mobile,0,1,0
4435,Family,279,39,0.45,Web,0,1,0
4436,Family,45,47,0.53,Mobile,0,1,0
4437,Free,153,97,0.39,Desktop,48,0,0
4438,Free,203,56,0.04,Web,19,0,0
4439,Family,258,75,0.38,Desktop,0,1,0
4440,Premium,279,45,0.16,Web,0,1,0
4441,Free,106,47,0.4,Web,20,0,1
4442,Premium,101,72,0.19,Mobile,0,1,0
4443,Premium,23,76,0.55,Desktop,0,1,0
4444,Student,85,66,0.49,Web,0,1,0
4445,Free,150,20,0.34,Mobile,39,0,0
4446,Family,12,66,0.56,Web,0,1,1
4447,Family,38,85,0.23,Web,0,1,1
4448,Student,44,68,0.2,Web,0,1,0
4449,Family,75,20,0.05,Web,0,1,0
4450,Family,161,78,0.29,Desktop,0,1,1
4451,Student,66,52,0.52,Desktop,0,1,1
4452,Free,60,9,0.6,Desktop,39,0,0
4453,Free,179,44,0.3,Web,20,0,0
4454,Student,224,63,0.32,Web,0,1,1
4455,Premium,225,24,0.53,Desktop,0,1,0
4456,Family,74,79,0.26,Desktop,0,1,0
4457,Premium,226,71,0.02,Mobile,0,1,0
4458,Free,285,30,0.33,Mobile,27,0,0
4459,Family,275,19,0.17,Desktop,0,1,0
4460,Family,247,11,0.04,Web,0,1,1
4461,Student,153,82,0.47,Desktop,0,1,0
4462,Free,296,77,0.1,Web,22,0,0
4463,Student,129,97,0.21,Desktop,0,1,0
4464,Free,283,24,0.15,Web,28,0,0
4465,Family,79,67,0.22,Desktop,0,1,1
4466,Family,282,19,0.38,Desktop,0,1,1
4467,Free,159,57,0.46,Desktop,15,0,0
4468,Student,147,41,0.19,Mobile,0,1,0
4469,Free,92,96,0.08,Web,43,0,0
4470,Free,86,65,0.0,Desktop,32,0,0
4471,Free,209,81,0.26,Mobile,26,0,1
4472,Premium,157,64,0.4,Mobile,0,1,1
4473,Student,224,5,0.25,Web,0,1,0
4474,Student,278,28,0.25,Desktop,0,1,0
4475,Student,183,66,0.4,Web,0,1,0
4476,Free,135,28,0.32,Desktop,34,0,0
4477,Student,36,1,0.02,Mobile,0,1,0
4478,Free,209,34,0.44,Mobile,19,0,0
4479,Family,159,88,0.31,Mobile,0,1,0
4480,Free,204,97,0.31,Web,9,0,0
4481,Student,235,86,0.36,Desktop,0,1,0
4482,Premium,115,30,0.58,Desktop,0,1,1
4483,Free,201,37,0.19,Web,49,0,0
4484,Premium,46,75,0.07,Web,0,1,0
4485,Family,83,67,0.39,Web,0,1,1
4486,Student,98,70,0.07,Desktop,0,1,0
4487,Premium,251,21,0.02,Web,0,1,0
4488,Premium,241,20,0.03,Mobile,0,1,0
4489,Free,276,29,0.56,Web,47,0,0
4490,Premium,41,90,0.56,Desktop,0,1,0
4491,Student,57,42,0.37,Desktop,0,1,1
4492,Family,296,31,0.49,Mobile,0,1,0
4493,Student,223,55,0.42,Desktop,0,1,0
4494,Premium,273,66,0.05,Mobile,0,1,1
4495,Free,150,9,0.05,Web,40,0,0
4496,Free,20,84,0.52,Mobile,17,0,1
4497,Student,51,60,0.18,Mobile,0,1,0
4498,Premium,25,6,0.34,Web,0,1,0
4499,Free,297,18,0.15,Desktop,41,0,0
4500,Student,235,72,0.55,Mobile,0,1,0
4501,Family,117,9,0.56,Web,0,1,0
4502,Family,77,92,0.12,Mobile,0,1,0
4503,Free,296,52,0.33,Mobile,31,0,0
4504,Premium,65,51,0.19,Web,0,1,0
4505,Premium,133,11,0.43,Mobile,0,1,1
4506,Premium,107,85,0.1,Mobile,0,1,0
4507,Family,75,73,0.5,Web,0,1,1
4508,Free,225,18,0.0,Web,48,0,0
4509,Student,147,27,0.24,Desktop,0,1,0
4510,Free,34,24,0.35,Desktop,23,0,0
4511,Premium,267,54,0.02,Mobile,0,1,1
4512,Free,97,36,0.25,Desktop,10,0,0
4513,Free,254,81,0.59,Mobile,27,0,0
4514,Student,253,30,0.07,Mobile,0,1,0
4515,Premium,182,20,0.47,Desktop,0,1,0
4516,Free,27,95,0.4,Mobile,47,0,0
4517,Family,51,76,0.04,Desktop,0,1,0
4518,Premium,149,36,0.32,Mobile,0,1,0
4519,Free,271,7,0.12,Desktop,48,0,0
4520,Premium,289,42,0.15,Mobile,0,1,0
4521,Student,293,40,0.25,Mobile,0,1,0
4522,Free,257,56,0.25,Mobile,24,0,0
4523,Free,63,99,0.41,Desktop,15,0,0
4524,Free,22,74,0.25,Mobile,20,0,1
4525,Free,230,65,0.49,Desktop,15,0,1
4526,Premium,155,79,0.32,Mobile,0,1,0
4527,Family,193,24,0.56,Web,0,1,0
4528,Family,65,88,0.06,Web,0,1,0
4529,Family,29,20,0.57,Web,0,1,0
4530,Family,265,14,0.39,Mobile,0,1,0
4531,Premium,43,6,0.09,Desktop,0,1,1
4532,Student,98,33,0.13,Web,0,1,0
4533,Free,86,18,0.31,Mobile,48,0,0
4534,Student,34,91,0.11,Desktop,0,1,0
4535,Student,113,42,0.32,Desktop,0,1,0
4536,Free,255,68,0.1,Mobile,45,0,1
4537,Family,38,30,0.15,Web,0,1,0
4538,Premium,209,12,0.27,Desktop,0,1,0
4539,Free,35,43,0.12,Mobile,38,0,0
4540,Family,65,14,0.07,Mobile,0,1,0
4541,Free,219,55,0.52,Web,7,0,0
4542,Premium,103,82,0.37,Web,0,1,1
4543,Free,204,6,0.49,Web,44,0,0
4544,Free,42,31,0.51,Mobile,15,0,0
4545,Family,194,76,0.12,Desktop,0,1,0
4546,Family,32,35,0.31,Desktop,0,1,0
4547,Premium,22,91,0.3,Desktop,0,1,0
4548,Family,74,97,0.02,Desktop,0,1,0
4549,Free,233,69,0.42,Desktop,16,0,0
4550,Free,88,72,0.3,Web,41,0,0
4551,Premium,52,74,0.54,Desktop,0,1,1
4552,Student,232,30,0.52,Mobile,0,1,0
4553,Student,221,72,0.3,Desktop,0,1,0
4554,Premium,239,39,0.1,Mobile,0,1,0
4555,Family,105,99,0.01,Web,0,1,0
4556,Family,186,26,0.41,Desktop,0,1,0
4557,Premium,205,86,0.21,Mobile,0,1,0
4558,Premium,249,96,0.19,Desktop,0,1,1
4559,Family,242,2,0.34,Mobile,0,1,0
4560,Family,108,65,0.26,Web,0,1,0
4561,Student,179,61,0.19,Mobile,0,1,1
4562,Premium,106,94,0.07,Desktop,0,1,0
4563,Student,11,61,0.0,Web,0,1,0
4564,Family,116,77,0.57,Mobile,0,1,0
4565,Premium,42,51,0.6,Mobile,0,1,0
4566,Free,192,45,0.35,Web,37,0,1
4567,Family,96,10,0.39,Desktop,0,1,0
4568,Premium,279,13,0.22,Web,0,1,1
4569,Family,105,15,0.49,Desktop,0,1,1
4570,Family,204,10,0.12,Desktop,0,1,0
4571,Family,174,99,0.39,Web,0,1,0
4572,Premium,125,95,0.57,Desktop,0,1,1
4573,Free,241,42,0.19,Mobile,33,0,1
4574,Family,195,21,0.54,Desktop,0,1,0
4575,Free,68,43,0.1,Mobile,5,0,1
4576,Premium,187,79,0.31,Mobile,0,1,1
4577,Family,61,95,0.29,Web,0,1,1
4578,Student,112,53,0.27,Mobile,0,1,0
4579,Premium,103,44,0.52,Desktop,0,1,0
4580,Student,126,22,0.58,Mobile,0,1,0
4581,Premium,276,22,0.18,Mobile,0,1,0
4582,Premium,225,82,0.06,Desktop,0,1,0
4583,Free,227,82,0.59,Desktop,7,0,1
4584,Free,181,87,0.57,Mobile,40,0,0
4585,Student,255,74,0.43,Desktop,0,1,0
4586,Premium,112,45,0.55,Web,0,1,0
4587,Free,29,99,0.4,Desktop,20,0,0
4588,Premium,129,25,0.34,Mobile,0,1,0
4589,Free,107,6,0.06,Web,45,0,0
4590,Premium,281,72,0.11,Web,0,1,1
4591,Family,28,87,0.39,Desktop,0,1,0
4592,Student,132,39,0.09,Desktop,0,1,0
4593,Premium,274,17,0.24,Desktop,0,1,1
4594,Family,205,60,0.43,Mobile,0,1,0
4595,Student,190,94,0.44,Web,0,1,0
4596,Family,163,36,0.28,Desktop,0,1,0
4597,Student,143,93,0.59,Desktop,0,1,0
4598,Free,20,90,0.01,Web,44,0,1
4599,Premium,234,75,0.54,Web,0,1,0
4600,Family,59,6,0.57,Desktop,0,1,1
4601,Family,172,28,0.56,Mobile,0,1,0
4602,Student,206,61,0.1,Mobile,0,1,1
4603,Premium,226,24,0.08,Desktop,0,1,1
4604,Family,41,46,0.25,Mobile,0,1,0
4605,Student,215,71,0.56,Mobile,0,1,0
4606,Student,108,66,0.35,Web,0,1,0
4607,Free,108,68,0.0,Desktop,21,0,1
4608,Premium,283,39,0.12,Mobile,0,1,0
4609,Family,36,6,0.06,Web,0,1,1
4610,Student,276,23,0.45,Desktop,0,1,1
4611,Premium,73,59,0.42,Mobile,0,1,0
4612,Free,10,41,0.52,Desktop,20,0,1
4613,Family,110,38,0.57,Web,0,1,1
4614,Family,177,83,0.45,Desktop,0,1,0
4615,Free,155,88,0.34,Web,9,0,0
4616,Free,33,61,0.59,Mobile,29,0,1
4617,Free,121,19,0.24,Web,46,0,0
4618,Family,205,60,0.37,Desktop,0,1,0
4619,Free,114,32,0.1,Web,12,0,0
4620,Family,50,79,0.14,Desktop,0,1,1
4621,Premium,145,15,0.32,Web,0,1,0
4622,Student,137,70,0.1,Mobile,0,1,0
4623,Family,265,30,0.36,Mobile,0,1,0
4624,Free,106,30,0.47,Desktop,35,0,0
4625,Premium,176,16,0.18,Web,0,1,0
4626,Family,32,92,0.37,Mobile,0,1,1
4627,Student,161,95,0.53,Web,0,1,0
4628,Premium,85,90,0.33,Web,0,1,1
4629,Premium,216,55,0.5,Mobile,0,1,0
4630,Student,40,99,0.51,Desktop,0,1,1
4631,Student,270,7,0.41,Desktop,0,1,0
4632,Student,237,29,0.56,Mobile,0,1,0
4633,Free,61,63,0.11,Web,13,0,0
4634,Student,189,94,0.29,Mobile,0,1,0
4635,Free,287,80,0.43,Web,24,0,1
4636,Student,107,80,0.5,Desktop,0,1,0
4637,Free,121,15,0.01,Web,17,0,0
4638,Premium,264,61,0.51,Desktop,0,1,0
4639,Free,253,43,0.41,Desktop,43,0,0
4640,Free,159,52,0.0,Mobile,41,0,1
4641,Free,26,36,0.47,Desktop,35,0,0
4642,Family,40,61,0.06,Desktop,0,1,0
4643,Family,64,85,0.17,Mobile,0,1,0
4644,Student,241,40,0.31,Mobile,0,1,1
4645,Premium,289,16,0.31,Desktop,0,1,0
4646,Family,292,74,0.35,Desktop,0,1,0
4647,Premium,226,2,0.13,Mobile,0,1,1
4648,Free,238,29,0.45,Mobile,26,0,0
4649,Student,128,40,0.41,Desktop,0,1,0
4650,Free,184,30,0.01,Web,39,0,0
4651,Student,66,53,0.03,Web,0,1,0
4652,Student,53,8,0.53,Web,0,1,0
4653,Student,180,39,0.51,Mobile,0,1,1
4654,Premium,110,1,0.05,Desktop,0,1,0
4655,Family,212,24,0.44,Mobile,0,1,0
4656,Free,78,22,0.48,Mobile,48,0,1
4657,Free,278,77,0.47,Desktop,32,0,0
4658,Free,170,16,0.16,Mobile,45,0,1
4659,Student,210,29,0.29,Desktop,0,1,0
4660,Student,99,12,0.57,Desktop,0,1,0
4661,Premium,65,47,0.43,Desktop,0,1,0
4662,Student,138,38,0.59,Desktop,0,1,0
4663,Premium,47,71,0.43,Desktop,0,1,0
4664,Family,152,57,0.38,Web,0,1,0
4665,Family,96,86,0.32,Mobile,0,1,0
4666,Family,261,32,0.31,Web,0,1,0
4667,Student,156,63,0.45,Desktop,0,1,0
4668,Free,268,64,0.22,Mobile,44,0,0
4669,Premium,246,92,0.3,Web,0,1,0
4670,Student,243,79,0.36,Desktop,0,1,1
4671,Free,218,76,0.44,Desktop,46,0,1
4672,Family,68,27,0.54,Web,0,1,0
4673,Family,16,48,0.45,Desktop,0,1,0
4674,Student,89,86,0.12,Web,0,1,0
4675,Free,11,82,0.37,Mobile,36,0,1
4676,Family,169,93,0.15,Web,0,1,0
4677,Free,225,53,0.27,Desktop,47,0,0
4678,Student,21,67,0.37,Web,0,1,0
4679,Student,164,18,0.13,Mobile,0,1,0
4680,Free,240,28,0.22,Web,16,0,0
4681,Family,58,97,0.27,Mobile,0,1,1
4682,Family,243,64,0.1,Desktop,0,1,0
4683,Student,133,91,0.14,Desktop,0,1,1
4684,Family,201,43,0.11,Desktop,0,1,0
4685,Premium,291,11,0.51,Web,0,1,1
4686,Premium,291,18,0.55,Mobile,0,1,0
4687,Student,96,23,0.36,Mobile,0,1,0
4688,Family,34,93,0.37,Mobile,0,1,0
4689,Student,33,52,0.43,Web,0,1,1
4690,Student,166,59,0.56,Desktop,0,1,0
4691,Family,297,56,0.53,Desktop,0,1,1
4692,Premium,204,40,0.17,Mobile,0,1,0
4693,Premium,182,81,0.26,Desktop,0,1,0
4694,Family,102,18,0.09,Web,0,1,0
4695,Premium,119,25,0.52,Mobile,0,1,0
4696,Family,274,62,0.51,Mobile,0,1,1
4697,Family,177,11,0.34,Web,0,1,0
4698,Family,163,96,0.11,Mobile,0,1,0
4699,Premium,103,54,0.28,Mobile,0,1,1
4700,Student,136,16,0.22,Mobile,0,1,0
4701,Premium,266,45,0.39,Mobile,0,1,1
4702,Family,29,43,0.53,Web,0,1,0
4703,Free,266,36,0.46,Desktop,34,0,0
4704,Free,172,58,0.45,Desktop,12,0,0
4705,Family,33,28,0.18,Web,0,1,1
4706,Free,110,50,0.01,Mobile,13,0,0
4707,Premium,69,79,0.45,Web,0,1,0
4708,Free,191,48,0.03,Mobile,36,0,1
4709,Premium,229,96,0.35,Desktop,0,1,0
4710,Premium,286,5,0.31,Mobile,0,1,0
4711,Family,158,89,0.26,Desktop,0,1,0
4712,Student,136,64,0.28,Web,0,1,1
4713,Student,102,51,0.36,Web,0,1,0
4714,Student,227,41,0.47,Desktop,0,1,0
4715,Premium,40,37,0.52,Mobile,0,1,0
4716,Free,138,40,0.28,Web,27,0,0
4717,Student,251,11,0.24,Desktop,0,1,0
4718,Premium,174,70,0.32,Mobile,0,1,0
4719,Free,23,7,0.43,Mobile,40,0,0
4720,Student,280,10,0.32,Desktop,0,1,0
4721,Premium,242,23,0.15,Desktop,0,1,0
4722,Premium,28,33,0.23,Web,0,1,1
4723,Family,173,71,0.38,Desktop,0,1,0
4724,Family,108,57,0.35,Desktop,0,1,0
4725,Free,161,20,0.01,Desktop,16,0,1
4726,Student,204,88,0.13,Desktop,0,1,0
4727,Family,208,68,0.19,Desktop,0,1,1
4728,Student,157,43,0.26,Web,0,1,0
4729,Student,273,57,0.46,Desktop,0,1,1
4730,Free,251,3,0.27,Desktop,9,0,1
4731,Premium,215,38,0.55,Web,0,1,1
4732,Premium,206,47,0.35,Web,0,1,0
4733,Student,162,29,0.32,Web,0,1,1
4734,Free,254,30,0.4,Mobile,7,0,0
4735,Free,171,56,0.41,Web,20,0,0
4736,Premium,131,38,0.27,Mobile,0,1,0
4737,Student,250,21,0.48,Desktop,0,1,0
4738,Free,37,55,0.29,Web,36,0,0
4739,Premium,263,36,0.14,Mobile,0,1,0
4740,Family,123,20,0.2,Desktop,0,1,1
4741,Premium,294,99,0.01,Desktop,0,1,0
4742,Student,150,77,0.5,Mobile,0,1,0
4743,Family,248,23,0.35,Desktop,0,1,0
4744,Premium,221,99,0.15,Web,0,1,0
4745,Free,167,48,0.21,Web,32,0,0
4746,Free,242,85,0.1,Mobile,21,0,0
4747,Student,295,26,0.53,Mobile,0,1,0
4748,Premium,282,21,0.02,Web,0,1,0
4749,Free,31,46,0.08,Web,47,0,1
4750,Student,71,45,0.22,Web,0,1,0
4751,Student,10,90,0.09,Desktop,0,1,0
4752,Premium,269,9,0.44,Mobile,0,1,0
4753,Premium,105,80,0.4,Mobile,0,1,0
4754,Student,98,4,0.52,Mobile,0,1,0
4755,Free,97,62,0.33,Web,45,0,1
4756,Free,52,43,0.04,Desktop,48,0,0
4757,Free,242,23,0.56,Web,21,0,0
4758,Free,44,56,0.5,Desktop,26,0,0
4759,Free,180,23,0.0,Mobile,9,0,0
4760,Free,255,90,0.0,Mobile,8,0,0
4761,Family,65,25,0.02,Web,0,1,1
4762,Student,131,55,0.21,Web,0,1,0
4763,Family,98,25,0.59,Desktop,0,1,1
4764,Free,116,10,0.54,Mobile,20,0,1
4765,Student,256,4,0.42,Desktop,0,1,0
4766,Family,169,41,0.47,Mobile,0,1,0
4767,Student,99,12,0.51,Mobile,0,1,1
4768,Family,110,24,0.45,Mobile,0,1,0
4769,Student,178,86,0.24,Web,0,1,0
4770,Free,104,39,0.21,Desktop,13,0,0
4771,Student,79,57,0.47,Web,0,1,0
4772,Family,70,54,0.1,Mobile,0,1,1
4773,Family,199,90,0.53,Desktop,0,1,0
4774,Student,262,30,0.42,Desktop,0,1,0
4775,Student,294,27,0.37,Desktop,0,1,1
4776,Free,74,80,0.59,Desktop,25,0,0
4777,Family,45,95,0.43,Web,0,1,0
4778,Premium,131,27,0.57,Web,0,1,0
4779,Premium,165,14,0.06,Desktop,0,1,1
4780,Family,27,26,0.22,Desktop,0,1,0
4781,Premium,199,97,0.52,Desktop,0,1,0
4782,Student,107,59,0.4,Desktop,0,1,0
4783,Student,49,84,0.3,Web,0,1,0
4784,Premium,265,77,0.44,Mobile,0,1,0
4785,Student,106,76,0.07,Desktop,0,1,0
4786,Student,103,34,0.18,Web,0,1,0
4787,Free,224,92,0.36,Web,10,0,0
4788,Family,243,42,0.32,Desktop,0,1,0
4789,Free,17,82,0.48,Desktop,19,0,0
4790,Premium,173,61,0.35,Web,0,1,1
4791,Premium,97,56,0.26,Desktop,0,1,0
4792,Free,162,44,0.01,Mobile,15,0,0
4793,Free,147,9,0.11,Web,21,0,0
4794,Student,27,55,0.08,Mobile,0,1,0
4795,Free,88,52,0.1,Web,10,0,0
4796,Student,294,55,0.31,Desktop,0,1,0
4797,Family,235,46,0.3,Mobile,0,1,1
4798,Student,296,5,0.39,Mobile,0,1,1
4799,Premium,249,86,0.57,Web,0,1,0
4800,Family,197,85,0.03,Mobile,0,1,0
4801,Premium,221,67,0.58,Mobile,0,1,0
4802,Free,46,20,0.23,Desktop,32,0,0
4803,Student,18,95,0.46,Desktop,0,1,0
4804,Premium,105,24,0.58,Mobile,0,1,0
4805,Student,256,84,0.21,Mobile,0,1,0
4806,Free,253,55,0.09,Web,25,0,0
4807,Free,27,66,0.4,Desktop,28,0,1
4808,Student,224,88,0.01,Mobile,0,1,0
4809,Student,24,29,0.16,Web,0,1,0
4810,Free,102,2,0.04,Desktop,19,0,0
4811,Premium,231,41,0.15,Mobile,0,1,0
4812,Family,275,95,0.1,Web,0,1,0
4813,Free,70,7,0.5,Desktop,30,0,0
4814,Free,247,79,0.06,Web,13,0,0
4815,Free,290,49,0.14,Mobile,44,0,1
4816,Family,50,80,0.07,Desktop,0,1,0
4817,Family,50,39,0.2,Mobile,0,1,0
4818,Student,254,33,0.04,Web,0,1,1
4819,Student,166,53,0.32,Desktop,0,1,0
4820,Free,262,28,0.4,Desktop,9,0,0
4821,Premium,208,48,0.38,Mobile,0,1,1
4822,Family,36,47,0.08,Desktop,0,1,0
4823,Student,207,9,0.06,Mobile,0,1,0
4824,Free,281,84,0.34,Mobile,5,0,0
4825,Student,50,19,0.32,Desktop,0,1,0
4826,Student,80,71,0.34,Desktop,0,1,1
4827,Premium,17,88,0.0,Desktop,0,1,0
4828,Family,267,64,0.02,Desktop,0,1,1
4829,Family,126,41,0.2,Mobile,0,1,0
4830,Free,53,5,0.36,Mobile,11,0,1
4831,Free,113,70,0.07,Web,9,0,0
4832,Student,165,43,0.39,Web,0,1,1
4833,Premium,43,99,0.51,Web,0,1,0
4834,Family,243,65,0.23,Web,0,1,0
4835,Premium,192,79,0.22,Web,0,1,0
4836,Student,151,22,0.54,Mobile,0,1,1
4837,Family,23,55,0.12,Mobile,0,1,0
4838,Family,188,95,0.25,Desktop,0,1,0
4839,Premium,125,43,0.42,Mobile,0,1,1
4840,Premium,264,94,0.49,Mobile,0,1,1
4841,Free,253,67,0.54,Mobile,34,0,0
4842,Student,48,87,0.04,Web,0,1,0
4843,Family,17,95,0.23,Mobile,0,1,0
4844,Student,76,92,0.51,Mobile,0,1,0
4845,Free,239,37,0.27,Desktop,36,0,1
4846,Premium,98,36,0.29,Desktop,0,1,0
4847,Free,229,61,0.29,Desktop,15,0,0
4848,Family,296,80,0.02,Mobile,0,1,0
4849,Family,235,51,0.08,Mobile,0,1,0
4850,Premium,49,96,0.14,Desktop,0,1,1
4851,Student,221,82,0.59,Mobile,0,1,1
4852,Family,103,80,0.24,Desktop,0,1,0
4853,Premium,72,11,0.46,Web,0,1,1
4854,Free,256,3,0.38,Mobile,11,0,0
4855,Family,18,79,0.3,Mobile,0,1,0
4856,Student,204,98,0.09,Web,0,1,0
4857,Premium,22,59,0.22,Web,0,1,0
4858,Family,68,35,0.29,Web,0,1,0
4859,Student,23,58,0.5,Desktop,0,1,0
4860,Free,75,72,0.0,Desktop,38,0,0
4861,Family,131,45,0.29,Web,0,1,0
4862,Student,42,78,0.26,Web,0,1,0
4863,Premium,96,90,0.07,Desktop,0,1,0
4864,Free,114,88,0.35,Mobile,33,0,0
4865,Student,12,97,0.14,Web,0,1,1
4866,Premium,295,82,0.41,Web,0,1,1
4867,Family,79,25,0.39,Desktop,0,1,0
4868,Free,41,32,0.46,Desktop,44,0,0
4869,Family,273,10,0.53,Web,0,1,0
4870,Family,241,20,0.0,Mobile,0,1,0
4871,Family,242,18,0.37,Desktop,0,1,0
4872,Free,149,6,0.39,Web,47,0,0
4873,Family,232,88,0.22,Desktop,0,1,1
4874,Family,286,67,0.16,Desktop,0,1,0
4875,Family,12,98,0.22,Desktop,0,1,0
4876,Family,231,72,0.25,Desktop,0,1,0
4877,Free,49,30,0.34,Desktop,10,0,0
4878,Premium,237,33,0.16,Mobile,0,1,0
4879,Student,284,76,0.41,Mobile,0,1,1
4880,Premium,109,69,0.3,Mobile,0,1,0
4881,Premium,156,49,0.36,Web,0,1,0
4882,Student,123,62,0.05,Web,0,1,1
4883,Premium,87,48,0.07,Web,0,1,0
4884,Family,59,53,0.37,Web,0,1,0
4885,Student,170,97,0.31,Desktop,0,1,0
4886,Family,190,49,0.15,Desktop,0,1,0
4887,Free,170,10,0.19,Web,16,0,0
4888,Student,71,11,0.58,Web,0,1,0
4889,Premium,213,16,0.49,Mobile,0,1,0
4890,Premium,115,74,0.12,Desktop,0,1,0
4891,Premium,99,58,0.17,Desktop,0,1,1
4892,Premium,14,47,0.08,Desktop,0,1,0
4893,Student,211,19,0.24,Mobile,0,1,1
4894,Premium,17,17,0.21,Mobile,0,1,1
4895,Family,122,36,0.04,Web,0,1,1
4896,Student,263,20,0.3,Mobile,0,1,1
4897,Student,162,41,0.56,Mobile,0,1,0
4898,Free,81,90,0.29,Desktop,8,0,0
4899,Free,223,31,0.01,Desktop,40,0,0
4900,Family,209,37,0.02,Mobile,0,1,0
4901,Family,90,1,0.07,Desktop,0,1,0
4902,Student,162,61,0.13,Desktop,0,1,1
4903,Family,117,42,0.06,Desktop,0,1,0
4904,Premium,191,46,0.28,Web,0,1,0
4905,Family,215,98,0.21,Desktop,0,1,0
4906,Free,239,76,0.3,Web,11,0,0
4907,Free,37,87,0.44,Web,48,0,0
4908,Family,179,54,0.17,Desktop,0,1,0
4909,Student,215,48,0.07,Desktop,0,1,1
4910,Student,255,8,0.42,Mobile,0,1,0
4911,Premium,94,76,0.58,Web,0,1,0
4912,Premium,280,84,0.56,Mobile,0,1,1
4913,Free,186,30,0.03,Web,49,0,1
4914,Premium,66,39,0.15,Desktop,0,1,0
4915,Family,232,22,0.51,Desktop,0,1,1
4916,Free,246,25,0.29,Mobile,21,0,0
4917,Free,67,9,0.43,Mobile,10,0,1
4918,Premium,269,67,0.58,Web,0,1,0
4919,Free,235,9,0.3,Desktop,15,0,1
4920,Family,99,96,0.47,Mobile,0,1,1
4921,Family,281,69,0.08,Desktop,0,1,0
4922,Free,95,67,0.25,Mobile,17,0,0
4923,Premium,105,30,0.43,Desktop,0,1,1
4924,Family,241,69,0.34,Web,0,1,0
4925,Student,265,31,0.56,Desktop,0,1,0
4926,Free,30,4,0.16,Desktop,16,0,0
4927,Student,77,52,0.01,Desktop,0,1,0
4928,Student,115,22,0.48,Desktop,0,1,1
4929,Premium,205,51,0.19,Mobile,0,1,1
4930,Family,199,33,0.59,Mobile,0,1,0
4931,Family,200,48,0.34,Mobile,0,1,0
4932,Premium,210,4,0.41,Web,0,1,0
4933,Free,139,31,0.05,Mobile,44,0,1
4934,Family,248,4,0.5,Desktop,0,1,0
4935,Free,41,5,0.48,Desktop,25,0,0
4936,Student,201,39,0.12,Web,0,1,0
4937,Free,47,94,0.0,Web,27,0,0
4938,Free,39,37,0.17,Web,29,0,1
4939,Free,172,50,0.58,Mobile,10,0,0
4940,Student,233,85,0.02,Desktop,0,1,0
4941,Family,284,16,0.35,Web,0,1,0
4942,Premium,205,86,0.08,Mobile,0,1,0
4943,Family,260,31,0.49,Web,0,1,0
4944,Premium,14,20,0.16,Desktop,0,1,0
4945,Family,190,83,0.41,Desktop,0,1,1
4946,Student,189,39,0.07,Web,0,1,0
4947,Family,193,57,0.34,Mobile,0,1,0
4948,Free,145,62,0.04,Desktop,30,0,1
4949,Free,92,55,0.56,Mobile,8,0,1
4950,Family,248,45,0.02,Web,0,1,0
4951,Family,238,70,0.42,Mobile,0,1,0
4952,Family,74,33,0.09,Web,0,1,1
4953,Student,264,71,0.27,Desktop,0,1,0
4954,Premium,288,99,0.31,Desktop,0,1,1
4955,Family,83,40,0.51,Web,0,1,0
4956,Student,65,64,0.15,Desktop,0,1,0
4957,Free,194,68,0.57,Web,38,0,0
4958,Family,83,85,0.45,Desktop,0,1,0
4959,Premium,153,92,0.3,Mobile,0,1,1
4960,Premium,67,68,0.32,Mobile,0,1,0
4961,Free,142,46,0.35,Web,28,0,0
4962,Family,248,89,0.24,Desktop,0,1,1
4963,Family,139,39,0.01,Mobile,0,1,1
4964,Premium,29,21,0.18,Web,0,1,1
4965,Premium,144,70,0.35,Web,0,1,0
4966,Family,172,56,0.47,Web,0,1,0
4967,Student,65,4,0.35,Desktop,0,1,1
4968,Premium,31,34,0.29,Desktop,0,1,0
4969,Premium,293,98,0.35,Web,0,1,1
4970,Premium,77,56,0.29,Web,0,1,1
4971,Free,43,75,0.58,Desktop,16,0,0
4972,Student,147,81,0.1,Mobile,0,1,0
4973,Student,250,75,0.03,Mobile,0,1,0
4974,Family,105,49,0.0,Desktop,0,1,0
4975,Student,231,4,0.56,Web,0,1,0
4976,Premium,285,96,0.2,Mobile,0,1,0
4977,Student,108,61,0.44,Mobile,0,1,0
4978,Family,150,68,0.07,Mobile,0,1,1
4979,Student,105,78,0.11,Mobile,0,1,0
4980,Family,263,13,0.12,Web,0,1,0
4981,Free,78,2,0.32,Web,9,0,0
4982,Premium,200,52,0.46,Desktop,0,1,1
4983,Student,218,16,0.26,Web,0,1,0
4984,Student,22,58,0.33,Mobile,0,1,0
4985,Family,67,34,0.4,Web,0,1,1
4986,Family,12,93,0.19,Web,0,1,0
4987,Premium,37,72,0.3,Desktop,0,1,1
4988,Family,297,20,0.26,Mobile,0,1,1
4989,Free,231,33,0.2,Desktop,17,0,0
4990,Student,178,11,0.18,Desktop,0,1,0
4991,Family,280,30,0.14,Web,0,1,0
4992,Student,254,73,0.24,Web,0,1,0
4993,Free,54,73,0.51,Desktop,45,0,1
4994,Free,276,11,0.25,Desktop,34,0,1
4995,Premium,230,18,0.1,Web,0,1,0
4996,Free,252,94,0.07,Mobile,26,0,1
4997,Premium,136,36,0.24,Web,0,1,0
4998,Family,163,71,0.49,Desktop,0,1,0
4999,Premium,138,18,0.28,Mobile,0,1,0
5000,Student,179,25,0.31,Desktop,0,1,0
5001,Premium,230,82,0.26,Web,0,1,0
5002,Family,18,57,0.29,Mobile,0,1,1
5003,Student,110,23,0.34,Mobile,0,1,0
5004,Premium,44,93,0.54,Desktop,0,1,0
5005,Student,66,37,0.09,Desktop,0,1,0
5006,Family,56,36,0.35,Mobile,0,1,0
5007,Premium,74,98,0.23,Web,0,1,1
5008,Student,72,64,0.47,Desktop,0,1,0
5009,Family,210,70,0.34,Desktop,0,1,0
5010,Family,95,4,0.14,Web,0,1,0
5011,Student,46,27,0.47,Web,0,1,0
5012,Free,118,93,0.12,Mobile,46,0,0
5013,Student,218,12,0.41,Desktop,0,1,0
5014,Premium,269,45,0.53,Desktop,0,1,0
5015,Premium,276,13,0.41,Web,0,1,0
5016,Free,105,82,0.5,Desktop,13,0,1
5017,Student,160,56,0.11,Web,0,1,1
5018,Free,13,56,0.24,Mobile,29,0,0
5019,Premium,90,6,0.28,Desktop,0,1,1
5020,Family,150,66,0.3,Mobile,0,1,0
5021,Premium,117,12,0.36,Web,0,1,0
5022,Free,55,26,0.23,Desktop,45,0,1
5023,Student,105,83,0.01,Desktop,0,1,0
5024,Premium,229,68,0.05,Web,0,1,0
5025,Free,267,99,0.51,Web,35,0,0
5026,Premium,59,85,0.12,Desktop,0,1,0
5027,Free,90,7,0.22,Desktop,39,0,1
5028,Premium,269,11,0.06,Mobile,0,1,0
5029,Free,133,58,0.54,Mobile,36,0,1
5030,Premium,89,9,0.43,Mobile,0,1,0
5031,Premium,253,19,0.15,Mobile,0,1,0
5032,Free,14,82,0.04,Web,31,0,0
5033,Free,297,38,0.41,Web,18,0,0
5034,Free,263,10,0.55,Web,11,0,1
5035,Free,22,99,0.21,Mobile,10,0,0
5036,Premium,256,73,0.3,Web,0,1,0
5037,Premium,144,40,0.27,Desktop,0,1,0
5038,Student,89,18,0.48,Desktop,0,1,1
5039,Student,94,61,0.12,Desktop,0,1,0
5040,Free,205,25,0.41,Web,45,0,0
5041,Family,14,68,0.42,Desktop,0,1,0
5042,Student,220,96,0.23,Web,0,1,0
5043,Student,80,93,0.24,Mobile,0,1,1
5044,Student,55,79,0.19,Mobile,0,1,0
5045,Premium,47,56,0.02,Desktop,0,1,0
5046,Premium,126,95,0.38,Desktop,0,1,0
5047,Student,70,18,0.28,Web,0,1,0
5048,Family,132,80,0.35,Mobile,0,1,1
5049,Student,53,99,0.22,Mobile,0,1,1
5050,Student,162,70,0.51,Web,0,1,0
5051,Family,274,76,0.07,Web,0,1,0
5052,Student,290,88,0.43,Desktop,0,1,0
5053,Free,100,93,0.33,Desktop,27,0,0
5054,Premium,38,21,0.16,Desktop,0,1,0
5055,Family,204,48,0.36,Web,0,1,1
5056,Family,96,90,0.48,Desktop,0,1,0
5057,Free,125,18,0.35,Web,45,0,0
5058,Student,50,50,0.47,Mobile,0,1,1
5059,Free,188,79,0.22,Mobile,19,0,0
5060,Premium,32,44,0.19,Desktop,0,1,0
5061,Family,40,29,0.5,Desktop,0,1,0
5062,Family,169,76,0.49,Mobile,0,1,1
5063,Free,291,24,0.36,Desktop,30,0,0
5064,Free,203,57,0.0,Desktop,41,0,1
5065,Student,185,21,0.51,Mobile,0,1,1
5066,Family,101,56,0.21,Mobile,0,1,0
5067,Family,250,97,0.24,Mobile,0,1,0
5068,Free,224,68,0.44,Web,5,0,0
5069,Family,34,78,0.17,Mobile,0,1,0
5070,Premium,77,15,0.18,Mobile,0,1,0
5071,Student,81,51,0.24,Desktop,0,1,0
5072,Free,216,75,0.19,Web,19,0,0
5073,Family,154,13,0.33,Mobile,0,1,0
5074,Premium,137,5,0.58,Web,0,1,0
5075,Student,160,42,0.05,Desktop,0,1,0
5076,Free,13,48,0.52,Desktop,40,0,0
5077,Student,180,55,0.34,Desktop,0,1,0
5078,Premium,285,39,0.35,Mobile,0,1,0
5079,Premium,192,78,0.11,Desktop,0,1,0
5080,Family,113,8,0.56,Mobile,0,1,0
5081,Premium,158,90,0.3,Desktop,0,1,1
5082,Free,231,91,0.22,Web,29,0,0
5083,Premium,99,15,0.58,Mobile,0,1,0
5084,Student,117,38,0.53,Mobile,0,1,0
5085,Free,73,48,0.07,Mobile,40,0,1
5086,Free,21,20,0.18,Web,22,0,0
5087,Student,154,67,0.26,Mobile,0,1,0
5088,Premium,136,82,0.17,Desktop,0,1,0
5089,Family,107,55,0.37,Desktop,0,1,1
5090,Student,87,84,0.25,Mobile,0,1,0
5091,Premium,186,37,0.11,Mobile,0,1,0
5092,Premium,51,85,0.17,Web,0,1,0
5093,Student,285,30,0.46,Desktop,0,1,0
5094,Premium,207,86,0.06,Web,0,1,0
5095,Free,252,85,0.53,Mobile,47,0,0
5096,Student,40,89,0.21,Web,0,1,0
5097,Free,41,85,0.48,Mobile,30,0,0
5098,Premium,159,77,0.15,Mobile,0,1,1
5099,Premium,29,87,0.03,Desktop,0,1,0
5100,Family,234,31,0.41,Web,0,1,0
5101,Premium,283,32,0.06,Mobile,0,1,0
5102,Student,261,49,0.06,Mobile,0,1,0
5103,Premium,100,66,0.43,Desktop,0,1,0
5104,Premium,12,19,0.46,Mobile,0,1,0
5105,Premium,215,82,0.42,Desktop,0,1,1
5106,Student,163,48,0.56,Desktop,0,1,0
5107,Family,31,19,0.45,Web,0,1,0
5108,Premium,230,54,0.31,Web,0,1,1
5109,Free,136,62,0.39,Mobile,23,0,1
5110,Student,173,71,0.33,Mobile,0,1,0
5111,Student,149,54,0.17,Mobile,0,1,0
5112,Student,212,75,0.3,Web,0,1,0
5113,Family,276,59,0.27,Desktop,0,1,0
5114,Free,47,62,0.41,Mobile,39,0,0
5115,Student,200,80,0.28,Desktop,0,1,0
5116,Student,238,57,0.51,Web,0,1,0
5117,Premium,75,92,0.43,Mobile,0,1,0
5118,Student,60,45,0.27,Mobile,0,1,0
5119,Premium,140,37,0.6,Web,0,1,0
5120,Premium,222,39,0.17,Mobile,0,1,0
5121,Free,215,32,0.44,Web,22,0,0
5122,Premium,214,41,0.59,Desktop,0,1,1
5123,Family,16,64,0.36,Mobile,0,1,1
5124,Family,224,60,0.2,Mobile,0,1,0
5125,Family,89,34,0.46,Desktop,0,1,0
5126,Family,156,32,0.21,Mobile,0,1,0
5127,Premium,149,14,0.4,Mobile,0,1,0
5128,Student,20,93,0.32,Mobile,0,1,1
5129,Family,255,71,0.02,Web,0,1,1
5130,Free,152,7,0.44,Mobile,34,0,0
5131,Student,224,35,0.52,Web,0,1,1
5132,Student,214,99,0.46,Desktop,0,1,1
5133,Free,295,27,0.04,Web,34,0,1
5134,Family,149,46,0.53,Mobile,0,1,0
5135,Premium,167,29,0.09,Mobile,0,1,0
5136,Premium,182,3,0.24,Desktop,0,1,0
5137,Free,157,46,0.14,Mobile,32,0,0
5138,Premium,15,49,0.22,Web,0,1,0
5139,Premium,199,10,0.49,Desktop,0,1,0
5140,Free,201,48,0.22,Mobile,11,0,0
5141,Free,183,76,0.04,Web,29,0,0
5142,Family,240,78,0.41,Web,0,1,0
5143,Premium,114,12,0.23,Mobile,0,1,0
5144,Free,150,71,0.1,Mobile,48,0,1
5145,Free,61,92,0.55,Web,25,0,0
5146,Premium,51,59,0.14,Mobile,0,1,0
5147,Family,239,49,0.23,Desktop,0,1,0
5148,Family,113,26,0.31,Mobile,0,1,1
5149,Premium,237,33,0.03,Web,0,1,0
5150,Student,194,17,0.49,Desktop,0,1,0
5151,Student,212,50,0.51,Desktop,0,1,1
5152,Premium,62,3,0.07,Mobile,0,1,0
5153,Family,270,54,0.18,Desktop,0,1,0
5154,Student,71,46,0.25,Web,0,1,0
5155,Premium,209,2,0.11,Mobile,0,1,0
5156,Premium,120,42,0.16,Web,0,1,0
5157,Student,277,85,0.2,Mobile,0,1,1
5158,Free,248,92,0.18,Web,35,0,1
5159,Premium,163,3,0.46,Mobile,0,1,0
5160,Family,117,15,0.12,Web,0,1,0
5161,Free,235,61,0.48,Desktop,37,0,0
5162,Free,255,22,0.01,Desktop,25,0,0
5163,Family,191,16,0.31,Desktop,0,1,0
5164,Premium,113,90,0.48,Mobile,0,1,0
5165,Family,86,39,0.53,Web,0,1,1
5166,Family,97,94,0.3,Mobile,0,1,0
5167,Free,254,52,0.1,Mobile,24,0,0
5168,Family,290,54,0.28,Mobile,0,1,1
5169,Premium,241,64,0.28,Mobile,0,1,0
5170,Free,182,49,0.05,Desktop,49,0,0
5171,Family,172,45,0.51,Web,0,1,0
5172,Free,73,38,0.6,Mobile,15,0,1
5173,Free,152,51,0.29,Web,27,0,0
5174,Free,37,48,0.0,Mobile,10,0,0
5175,Premium,292,48,0.13,Web,0,1,1
5176,Free,62,31,0.36,Desktop,20,0,0
5177,Free,263,43,0.06,Web,23,0,1
5178,Family,58,48,0.35,Web,0,1,0
5179,Student,113,35,0.23,Desktop,0,1,0
5180,Premium,40,91,0.52,Web,0,1,1
5181,Premium,216,17,0.19,Web,0,1,1
5182,Premium,35,18,0.52,Mobile,0,1,0
5183,Free,289,85,0.57,Desktop,10,0,0
5184,Free,255,24,0.15,Desktop,6,0,0
5185,Student,277,8,0.18,Web,0,1,0
5186,Family,161,82,0.47,Desktop,0,1,0
5187,Premium,113,94,0.18,Web,0,1,0
5188,Free,277,21,0.41,Desktop,12,0,0
5189,Student,190,90,0.54,Mobile,0,1,1
5190,Free,256,46,0.42,Desktop,37,0,1
5191,Premium,294,88,0.12,Mobile,0,1,0
5192,Family,97,41,0.22,Mobile,0,1,0
5193,Family,39,26,0.22,Mobile,0,1,0
5194,Family,264,91,0.47,Mobile,0,1,0
5195,Premium,285,94,0.07,Desktop,0,1,0
5196,Premium,78,36,0.16,Web,0,1,0
5197,Free,144,77,0.05,Mobile,37,0,0
5198,Family,239,21,0.59,Desktop,0,1,1
5199,Family,122,54,0.11,Desktop,0,1,0
5200,Free,142,83,0.55,Desktop,25,0,0
5201,Premium,133,60,0.18,Web,0,1,0
5202,Free,259,90,0.39,Mobile,41,0,0
5203,Family,161,83,0.05,Mobile,0,1,0
5204,Premium,218,63,0.14,Mobile,0,1,1
5205,Student,51,78,0.29,Mobile,0,1,1
5206,Free,282,11,0.2,Mobile,29,0,1
5207,Premium,277,61,0.08,Web,0,1,0
5208,Premium,242,28,0.38,Desktop,0,1,1
5209,Free,11,50,0.32,Mobile,33,0,0
5210,Family,90,56,0.2,Web,0,1,0
5211,Premium,152,1,0.4,Desktop,0,1,0
5212,Premium,235,86,0.48,Web,0,1,0
5213,Student,256,47,0.58,Desktop,0,1,0
5214,Premium,232,21,0.16,Web,0,1,1
5215,Student,237,62,0.41,Desktop,0,1,0
5216,Free,207,62,0.2,Mobile,33,0,0
5217,Free,101,30,0.52,Desktop,45,0,1
5218,Student,291,51,0.42,Web,0,1,0
5219,Family,135,16,0.54,Desktop,0,1,0
5220,Family,238,75,0.33,Web,0,1,0
5221,Family,53,32,0.24,Desktop,0,1,1
5222,Premium,105,67,0.19,Web,0,1,0
5223,Family,211,48,0.17,Desktop,0,1,0
5224,Family,137,8,0.15,Mobile,0,1,0
5225,Premium,16,47,0.28,Web,0,1,1
5226,Free,120,14,0.03,Desktop,44,0,0
5227,Student,260,56,0.4,Desktop,0,1,1
5228,Family,100,41,0.25,Mobile,0,1,0
5229,Premium,249,69,0.16,Desktop,0,1,0
5230,Family,111,13,0.5,Mobile,0,1,0
5231,Student,196,25,0.58,Web,0,1,0
5232,Premium,164,79,0.42,Desktop,0,1,0
5233,Student,230,57,0.12,Mobile,0,1,0
5234,Free,128,4,0.49,Mobile,10,0,0
5235,Student,59,55,0.26,Mobile,0,1,0
5236,Family,87,99,0.31,Mobile,0,1,0
5237,Student,229,33,0.13,Mobile,0,1,0
5238,Family,220,63,0.1,Web,0,1,0
5239,Student,208,84,0.15,Web,0,1,0
5240,Student,108,14,0.38,Mobile,0,1,0
5241,Free,13,86,0.47,Mobile,34,0,0
5242,Free,118,52,0.3,Web,26,0,0
5243,Student,169,71,0.58,Mobile,0,1,0
5244,Family,267,66,0.29,Desktop,0,1,1
5245,Free,28,19,0.25,Desktop,19,0,1
5246,Premium,244,64,0.21,Desktop,0,1,0
5247,Premium,284,91,0.53,Desktop,0,1,0
5248,Free,226,64,0.46,Mobile,28,0,0
5249,Student,243,8,0.15,Desktop,0,1,0
5250,Student,253,83,0.09,Mobile,0,1,0
5251,Student,265,85,0.07,Desktop,0,1,0
5252,Student,165,96,0.29,Web,0,1,0
5253,Student,205,21,0.36,Mobile,0,1,0
5254,Free,97,5,0.28,Mobile,8,0,0
5255,Premium,25,85,0.07,Mobile,0,1,0
5256,Student,38,88,0.53,Desktop,0,1,0
5257,Free,152,88,0.21,Web,15,0,0
5258,Premium,100,32,0.13,Web,0,1,1
5259,Premium,225,4,0.37,Mobile,0,1,0
5260,Student,13,54,0.39,Mobile,0,1,1
5261,Free,27,63,0.1,Desktop,34,0,0
5262,Student,246,87,0.32,Mobile,0,1,1
5263,Free,27,92,0.08,Mobile,6,0,1
5264,Free,56,20,0.01,Web,16,0,0
5265,Premium,273,28,0.25,Mobile,0,1,0
5266,Premium,185,36,0.15,Web,0,1,1
5267,Premium,132,44,0.33,Mobile,0,1,0
5268,Free,108,89,0.09,Mobile,49,0,0
5269,Family,214,68,0.39,Mobile,0,1,0
5270,Family,159,60,0.04,Desktop,0,1,0
5271,Premium,91,22,0.03,Web,0,1,0
5272,Premium,56,51,0.31,Mobile,0,1,0
5273,Free,125,7,0.14,Mobile,49,0,0
5274,Premium,148,49,0.01,Web,0,1,0
5275,Family,99,62,0.22,Web,0,1,1
5276,Premium,248,78,0.27,Desktop,0,1,1
5277,Student,169,38,0.15,Web,0,1,0
5278,Student,126,57,0.02,Mobile,0,1,1
5279,Family,189,95,0.17,Desktop,0,1,1
5280,Student,81,36,0.43,Mobile,0,1,0
5281,Free,75,15,0.23,Desktop,41,0,0
5282,Free,98,29,0.34,Web,39,0,0
5283,Premium,24,7,0.32,Desktop,0,1,1
5284,Premium,75,76,0.28,Desktop,0,1,0
5285,Free,140,21,0.4,Desktop,33,0,0
5286,Student,210,89,0.57,Web,0,1,1
5287,Premium,54,53,0.1,Desktop,0,1,0
5288,Free,26,95,0.17,Web,47,0,1
5289,Premium,203,72,0.58,Mobile,0,1,0
5290,Free,268,98,0.59,Mobile,8,0,1
5291,Free,36,77,0.52,Web,13,0,0
5292,Student,268,20,0.12,Desktop,0,1,0
5293,Family,24,31,0.3,Mobile,0,1,1
5294,Family,54,43,0.0,Desktop,0,1,0
5295,Premium,190,41,0.38,Web,0,1,1
5296,Premium,285,72,0.34,Desktop,0,1,0
5297,Premium,271,82,0.11,Desktop,0,1,0
5298,Premium,58,54,0.13,Web,0,1,0
5299,Family,68,80,0.02,Mobile,0,1,0
5300,Free,245,50,0.07,Mobile,7,0,0
5301,Student,257,43,0.33,Desktop,0,1,1
5302,Premium,53,59,0.13,Web,0,1,0
5303,Premium,13,39,0.44,Mobile,0,1,0
5304,Family,58,96,0.43,Desktop,0,1,0
5305,Family,174,89,0.3,Mobile,0,1,1
5306,Free,29,54,0.04,Web,5,0,1
5307,Student,280,51,0.37,Desktop,0,1,0
5308,Student,277,91,0.11,Desktop,0,1,0
5309,Premium,296,1,0.02,Mobile,0,1,0
5310,Free,171,42,0.15,Desktop,32,0,0
5311,Premium,270,5,0.09,Web,0,1,0
5312,Family,29,55,0.27,Mobile,0,1,0
5313,Free,65,87,0.24,Desktop,23,0,0
5314,Free,232,70,0.55,Web,12,0,1
5315,Student,90,65,0.4,Web,0,1,0
5316,Premium,182,78,0.25,Mobile,0,1,1
5317,Family,47,96,0.35,Mobile,0,1,1
5318,Free,107,83,0.13,Mobile,17,0,0
5319,Free,12,87,0.42,Desktop,30,0,0
5320,Family,204,96,0.5,Desktop,0,1,0
5321,Premium,292,23,0.07,Desktop,0,1,0
5322,Family,213,56,0.06,Web,0,1,1
5323,Student,286,75,0.21,Web,0,1,0
5324,Family,116,49,0.45,Mobile,0,1,0
5325,Free,266,19,0.36,Web,35,0,0
5326,Free,74,96,0.42,Web,49,0,0
5327,Free,171,52,0.36,Web,11,0,0
5328,Free,164,66,0.1,Web,48,0,0
5329,Family,216,73,0.56,Mobile,0,1,0
5330,Free,26,24,0.01,Mobile,42,0,0
5331,Premium,129,77,0.55,Desktop,0,1,1
5332,Family,94,99,0.32,Web,0,1,0
5333,Family,117,12,0.48,Mobile,0,1,0
5334,Free,298,18,0.27,Web,35,0,0
5335,Family,151,69,0.51,Desktop,0,1,0
5336,Premium,111,65,0.28,Desktop,0,1,0
5337,Premium,135,34,0.22,Web,0,1,0
5338,Free,179,36,0.34,Web,32,0,0
5339,Premium,142,51,0.09,Desktop,0,1,1
5340,Premium,61,42,0.27,Mobile,0,1,1
5341,Family,123,62,0.04,Web,0,1,0
5342,Premium,89,22,0.13,Web,0,1,0
5343,Premium,56,87,0.44,Mobile,0,1,0
5344,Student,181,73,0.13,Desktop,0,1,0
5345,Free,170,2,0.17,Web,43,0,1
5346,Premium,249,5,0.36,Desktop,0,1,0
5347,Family,246,60,0.14,Web,0,1,0
5348,Premium,226,61,0.17,Web,0,1,1
5349,Student,274,32,0.03,Web,0,1,0
5350,Premium,293,95,0.45,Web,0,1,0
5351,Family,150,78,0.47,Mobile,0,1,0
5352,Student,44,43,0.03,Mobile,0,1,0
5353,Student,27,2,0.08,Desktop,0,1,0
5354,Free,233,93,0.3,Mobile,12,0,1
5355,Free,166,37,0.44,Web,20,0,0
5356,Premium,63,4,0.01,Desktop,0,1,0
5357,Premium,208,96,0.26,Web,0,1,0
5358,Family,276,25,0.49,Web,0,1,0
5359,Student,200,70,0.38,Mobile,0,1,1
5360,Premium,143,6,0.34,Mobile,0,1,1
5361,Student,206,66,0.55,Web,0,1,0
5362,Student,19,74,0.31,Desktop,0,1,0
5363,Free,230,72,0.05,Desktop,32,0,0
5364,Premium,130,69,0.43,Web,0,1,0
5365,Free,239,64,0.57,Web,40,0,0
5366,Premium,104,69,0.4,Desktop,0,1,0
5367,Family,76,97,0.09,Desktop,0,1,0
5368,Student,191,44,0.53,Mobile,0,1,0
5369,Premium,208,91,0.2,Desktop,0,1,1
5370,Student,111,55,0.3,Mobile,0,1,0
5371,Free,287,72,0.37,Mobile,26,0,0
5372,Family,38,32,0.04,Desktop,0,1,1
5373,Student,160,98,0.31,Desktop,0,1,0
5374,Family,150,85,0.04,Web,0,1,0
5375,Student,286,10,0.58,Mobile,0,1,0
5376,Premium,216,74,0.3,Mobile,0,1,0
5377,Premium,80,67,0.31,Desktop,0,1,0
5378,Premium,38,19,0.42,Mobile,0,1,0
5379,Free,184,77,0.21,Mobile,7,0,0
5380,Family,70,23,0.28,Web,0,1,0
5381,Family,267,17,0.14,Web,0,1,0
5382,Family,256,59,0.41,Web,0,1,0
5383,Student,166,91,0.04,Mobile,0,1,0
5384,Premium,49,12,0.34,Web,0,1,0
5385,Student,166,97,0.54,Web,0,1,0
5386,Free,131,78,0.13,Desktop,39,0,1
5387,Free,190,68,0.13,Mobile,31,0,1
5388,Family,211,57,0.15,Web,0,1,0
5389,Free,248,54,0.48,Desktop,7,0,0
5390,Premium,206,21,0.56,Desktop,0,1,0
5391,Student,293,9,0.35,Desktop,0,1,0
5392,Student,15,27,0.14,Mobile,0,1,1
5393,Premium,115,68,0.19,Mobile,0,1,0
5394,Family,189,5,0.54,Desktop,0,1,1
5395,Student,117,82,0.22,Web,0,1,0
5396,Free,72,57,0.52,Web,25,0,0
5397,Premium,180,15,0.13,Desktop,0,1,1
5398,Family,294,9,0.37,Mobile,0,1,0
5399,Student,177,47,0.41,Desktop,0,1,1
5400,Premium,85,25,0.14,Web,0,1,1
5401,Student,269,51,0.47,Desktop,0,1,1
5402,Student,27,19,0.03,Desktop,0,1,1
5403,Student,38,38,0.38,Desktop,0,1,0
5404,Free,216,57,0.12,Mobile,44,0,1
5405,Family,202,84,0.48,Desktop,0,1,1
5406,Student,103,82,0.25,Desktop,0,1,0
5407,Student,85,98,0.23,Mobile,0,1,0
5408,Premium,283,3,0.49,Desktop,0,1,0
5409,Student,203,69,0.2,Mobile,0,1,0
5410,Premium,77,5,0.49,Web,0,1,0
5411,Free,100,99,0.15,Mobile,26,0,0
5412,Family,113,43,0.37,Desktop,0,1,0
5413,Premium,175,23,0.59,Web,0,1,1
5414,Premium,90,47,0.59,Mobile,0,1,0
5415,Family,47,49,0.54,Desktop,0,1,0
5416,Free,94,13,0.23,Web,47,0,0
5417,Family,11,89,0.52,Desktop,0,1,0
5418,Free,299,3,0.23,Web,48,0,0
5419,Free,191,28,0.12,Mobile,11,0,0
5420,Family,250,40,0.13,Desktop,0,1,0
5421,Premium,298,34,0.15,Desktop,0,1,0
5422,Student,286,83,0.5,Web,0,1,0
5423,Premium,58,55,0.33,Mobile,0,1,0
5424,Free,172,66,0.54,Mobile,5,0,0
5425,Free,14,16,0.34,Desktop,18,0,0
5426,Free,93,58,0.45,Mobile,26,0,0
5427,Student,175,96,0.03,Mobile,0,1,0
5428,Free,272,65,0.17,Desktop,42,0,0
5429,Premium,242,99,0.03,Mobile,0,1,1
5430,Free,40,24,0.28,Web,23,0,0
5431,Free,273,15,0.45,Mobile,12,0,0
5432,Premium,280,76,0.03,Web,0,1,0
5433,Free,30,40,0.32,Mobile,37,0,0
5434,Student,215,29,0.02,Mobile,0,1,0
5435,Free,231,2,0.59,Desktop,49,0,0
5436,Student,26,17,0.12,Desktop,0,1,0
5437,Free,55,45,0.1,Desktop,38,0,0
5438,Student,171,13,0.49,Mobile,0,1,0
5439,Student,90,7,0.45,Desktop,0,1,0
5440,Family,39,94,0.53,Mobile,0,1,0
5441,Free,256,61,0.39,Web,19,0,0
5442,Free,33,88,0.11,Desktop,24,0,0
5443,Premium,281,16,0.33,Mobile,0,1,0
5444,Free,57,82,0.18,Desktop,30,0,0
5445,Premium,41,4,0.45,Desktop,0,1,0
5446,Free,58,14,0.32,Desktop,20,0,0
5447,Family,132,14,0.5,Web,0,1,1
5448,Student,169,45,0.04,Mobile,0,1,0
5449,Student,258,73,0.19,Web,0,1,0
5450,Student,197,26,0.48,Mobile,0,1,1
5451,Family,173,19,0.25,Desktop,0,1,0
5452,Student,63,19,0.57,Desktop,0,1,0
5453,Premium,44,78,0.16,Desktop,0,1,0
5454,Premium,257,63,0.09,Desktop,0,1,0
5455,Free,79,26,0.08,Web,9,0,1
5456,Family,189,1,0.42,Desktop,0,1,1
5457,Free,166,8,0.44,Web,34,0,0
5458,Premium,142,80,0.01,Web,0,1,0
5459,Premium,200,73,0.43,Web,0,1,0
5460,Premium,39,83,0.5,Mobile,0,1,0
5461,Free,51,67,0.41,Web,36,0,0
5462,Premium,278,37,0.52,Web,0,1,0
5463,Premium,166,18,0.01,Web,0,1,0
5464,Premium,282,51,0.05,Mobile,0,1,0
5465,Free,179,62,0.37,Web,46,0,0
5466,Premium,208,54,0.46,Web,0,1,1
5467,Student,63,54,0.31,Mobile,0,1,0
5468,Premium,163,55,0.2,Desktop,0,1,0
5469,Free,111,80,0.14,Mobile,16,0,0
5470,Free,60,12,0.5,Desktop,22,0,0
5471,Student,183,74,0.27,Web,0,1,0
5472,Student,175,6,0.54,Mobile,0,1,1
5473,Premium,197,29,0.21,Desktop,0,1,0
5474,Student,283,61,0.19,Desktop,0,1,0
5475,Premium,58,37,0.07,Desktop,0,1,0
5476,Premium,190,66,0.13,Desktop,0,1,1
5477,Premium,64,25,0.11,Web,0,1,0
5478,Student,29,57,0.21,Desktop,0,1,0
5479,Student,241,29,0.2,Desktop,0,1,1
5480,Student,40,84,0.08,Desktop,0,1,0
5481,Family,154,71,0.24,Desktop,0,1,0
5482,Premium,105,67,0.57,Mobile,0,1,1
5483,Free,197,12,0.37,Web,19,0,0
5484,Student,123,60,0.11,Desktop,0,1,1
5485,Student,169,43,0.07,Desktop,0,1,0
5486,Student,298,85,0.35,Desktop,0,1,0
5487,Student,96,35,0.03,Mobile,0,1,1
5488,Student,292,72,0.29,Desktop,0,1,1
5489,Free,159,73,0.47,Desktop,6,0,0
5490,Free,29,23,0.11,Web,30,0,0
5491,Premium,143,7,0.31,Desktop,0,1,1
5492,Student,154,37,0.03,Desktop,0,1,0
5493,Premium,107,76,0.02,Desktop,0,1,1
5494,Free,86,19,0.26,Mobile,9,0,0
5495,Student,52,23,0.27,Desktop,0,1,0
5496,Family,83,68,0.39,Web,0,1,1
5497,Student,247,26,0.4,Mobile,0,1,1
5498,Free,89,90,0.34,Desktop,22,0,1
5499,Student,290,28,0.39,Desktop,0,1,1
5500,Free,251,54,0.2,Desktop,37,0,0
5501,Family,242,36,0.13,Web,0,1,0
5502,Student,152,80,0.07,Web,0,1,1
5503,Family,260,41,0.45,Desktop,0,1,1
5504,Free,263,52,0.3,Web,41,0,0
5505,Family,37,92,0.47,Web,0,1,0
5506,Family,27,89,0.51,Desktop,0,1,0
5507,Free,198,41,0.53,Web,43,0,0
5508,Premium,269,92,0.59,Web,0,1,0
5509,Family,30,74,0.26,Desktop,0,1,1
5510,Student,112,73,0.11,Web,0,1,0
5511,Student,128,77,0.03,Web,0,1,1
5512,Student,185,76,0.3,Mobile,0,1,0
5513,Premium,296,16,0.54,Mobile,0,1,0
5514,Premium,65,92,0.21,Mobile,0,1,0
5515,Free,91,44,0.08,Web,43,0,0
5516,Premium,95,77,0.44,Desktop,0,1,0
5517,Premium,43,54,0.39,Desktop,0,1,0
5518,Family,232,65,0.44,Mobile,0,1,0
5519,Free,57,63,0.52,Web,27,0,0
5520,Family,130,4,0.52,Mobile,0,1,1
5521,Premium,225,9,0.03,Mobile,0,1,1
5522,Premium,180,62,0.24,Mobile,0,1,0
5523,Student,275,61,0.34,Desktop,0,1,0
5524,Free,262,39,0.34,Web,43,0,0
5525,Family,39,25,0.21,Desktop,0,1,0
5526,Student,191,54,0.58,Desktop,0,1,0
5527,Free,58,41,0.0,Mobile,27,0,0
5528,Family,283,45,0.42,Web,0,1,0
5529,Premium,24,1,0.34,Desktop,0,1,1
5530,Family,130,80,0.17,Desktop,0,1,0
5531,Free,119,9,0.5,Mobile,25,0,1
5532,Family,38,11,0.47,Web,0,1,0
5533,Student,292,13,0.26,Web,0,1,0
5534,Family,173,83,0.24,Desktop,0,1,1
5535,Family,120,70,0.08,Desktop,0,1,0
5536,Free,236,41,0.46,Desktop,32,0,1
5537,Premium,18,18,0.16,Web,0,1,0
5538,Free,62,61,0.5,Mobile,45,0,0
5539,Free,231,86,0.58,Mobile,35,0,0
5540,Free,79,24,0.13,Web,32,0,0
5541,Student,146,83,0.59,Web,0,1,0
5542,Premium,36,68,0.35,Mobile,0,1,1
5543,Premium,195,53,0.37,Desktop,0,1,1
5544,Premium,115,80,0.1,Web,0,1,0
5545,Free,109,20,0.04,Web,26,0,1
5546,Family,159,75,0.24,Web,0,1,0
5547,Premium,215,41,0.58,Web,0,1,0
5548,Premium,136,53,0.3,Desktop,0,1,0
5549,Family,52,2,0.17,Mobile,0,1,0
5550,Student,61,91,0.47,Mobile,0,1,0
5551,Student,117,84,0.48,Desktop,0,1,0
5552,Free,77,47,0.31,Web,38,0,0
5553,Family,154,74,0.49,Web,0,1,0
5554,Free,207,78,0.37,Web,7,0,0
5555,Premium,36,20,0.27,Web,0,1,1
5556,Free,179,35,0.02,Mobile,39,0,0
5557,Student,19,53,0.29,Desktop,0,1,1
5558,Premium,73,20,0.09,Mobile,0,1,0
5559,Free,230,84,0.43,Desktop,43,0,1
5560,Family,253,98,0.17,Web,0,1,0
5561,Premium,295,76,0.39,Mobile,0,1,1
5562,Family,120,43,0.15,Desktop,0,1,0
5563,Free,137,5,0.41,Web,26,0,0
5564,Free,157,91,0.59,Desktop,38,0,1
5565,Premium,144,49,0.27,Desktop,0,1,1
5566,Family,34,70,0.38,Mobile,0,1,0
5567,Free,56,96,0.47,Web,46,0,1
5568,Free,191,25,0.26,Mobile,11,0,0
5569,Student,291,4,0.02,Desktop,0,1,0
5570,Student,151,51,0.55,Web,0,1,0
5571,Premium,200,82,0.5,Desktop,0,1,1
5572,Family,224,76,0.16,Mobile,0,1,0
5573,Student,211,41,0.3,Desktop,0,1,0
5574,Student,45,59,0.12,Mobile,0,1,0
5575,Premium,95,71,0.38,Desktop,0,1,1
5576,Premium,33,1,0.49,Desktop,0,1,0
5577,Student,101,49,0.31,Mobile,0,1,0
5578,Family,52,94,0.05,Mobile,0,1,0
5579,Student,254,35,0.57,Mobile,0,1,0
5580,Free,31,85,0.13,Web,25,0,0
5581,Premium,114,35,0.04,Web,0,1,0
5582,Free,55,3,0.34,Mobile,34,0,0
5583,Free,50,99,0.32,Web,34,0,1
5584,Free,181,65,0.14,Web,36,0,1
5585,Student,176,26,0.16,Web,0,1,0
5586,Free,71,1,0.19,Desktop,24,0,0
5587,Family,119,92,0.14,Mobile,0,1,0
5588,Premium,266,9,0.07,Mobile,0,1,0
5589,Student,83,43,0.53,Web,0,1,1
5590,Student,240,94,0.09,Desktop,0,1,0
5591,Premium,118,25,0.16,Mobile,0,1,1
5592,Free,276,23,0.38,Web,9,0,0
5593,Family,112,34,0.53,Web,0,1,1
5594,Family,10,82,0.56,Web,0,1,1
5595,Premium,113,97,0.23,Mobile,0,1,0
5596,Student,262,42,0.41,Desktop,0,1,1
5597,Family,59,96,0.49,Mobile,0,1,0
5598,Premium,244,27,0.51,Mobile,0,1,1
5599,Student,182,91,0.27,Desktop,0,1,0
5600,Premium,265,38,0.08,Desktop,0,1,0
5601,Student,199,41,0.08,Desktop,0,1,0
5602,Student,295,81,0.54,Web,0,1,0
5603,Student,78,3,0.36,Desktop,0,1,0
5604,Student,126,98,0.13,Desktop,0,1,0
5605,Free,53,42,0.25,Mobile,12,0,0
5606,Premium,203,57,0.47,Desktop,0,1,1
5607,Student,88,1,0.47,Web,0,1,0
5608,Premium,294,23,0.21,Mobile,0,1,0
5609,Family,255,6,0.2,Mobile,0,1,1
5610,Free,113,60,0.21,Desktop,39,0,0
5611,Family,173,23,0.09,Web,0,1,0
5612,Premium,265,97,0.28,Web,0,1,0
5613,Premium,12,22,0.32,Web,0,1,1
5614,Family,165,22,0.16,Mobile,0,1,0
5615,Family,168,58,0.09,Desktop,0,1,0
5616,Family,185,18,0.22,Web,0,1,0
5617,Premium,136,52,0.37,Mobile,0,1,1
5618,Family,299,68,0.06,Desktop,0,1,0
5619,Premium,59,47,0.22,Mobile,0,1,1
5620,Family,220,66,0.06,Mobile,0,1,1
5621,Student,207,80,0.11,Mobile,0,1,0
5622,Student,80,15,0.47,Mobile,0,1,0
5623,Family,262,25,0.56,Mobile,0,1,0
5624,Student,299,93,0.29,Desktop,0,1,0
5625,Free,261,83,0.14,Web,23,0,1
5626,Family,178,75,0.22,Desktop,0,1,0
5627,Student,244,22,0.56,Mobile,0,1,0
5628,Premium,227,34,0.57,Web,0,1,0
5629,Student,134,37,0.13,Web,0,1,1
5630,Family,251,1,0.03,Desktop,0,1,1
5631,Student,262,35,0.2,Web,0,1,0
5632,Student,271,19,0.19,Web,0,1,0
5633,Student,245,22,0.24,Mobile,0,1,0
5634,Premium,32,35,0.54,Mobile,0,1,0
5635,Premium,75,32,0.1,Web,0,1,1
5636,Premium,49,92,0.51,Desktop,0,1,0
5637,Family,143,37,0.11,Web,0,1,1
5638,Student,28,74,0.22,Mobile,0,1,0
5639,Family,18,14,0.02,Web,0,1,0
5640,Premium,212,44,0.33,Mobile,0,1,0
5641,Premium,180,16,0.22,Web,0,1,1
5642,Premium,228,5,0.07,Desktop,0,1,0
5643,Free,150,59,0.53,Mobile,34,0,0
5644,Premium,233,81,0.42,Web,0,1,0
5645,Family,250,18,0.2,Desktop,0,1,0
5646,Family,101,39,0.5,Web,0,1,0
5647,Premium,226,64,0.41,Web,0,1,0
5648,Free,125,91,0.4,Web,34,0,1
5649,Student,273,96,0.39,Desktop,0,1,0
5650,Family,132,33,0.01,Web,0,1,0
5651,Family,250,15,0.48,Desktop,0,1,0
5652,Family,93,46,0.59,Mobile,0,1,0
5653,Family,163,65,0.49,Mobile,0,1,1
5654,Premium,296,16,0.17,Desktop,0,1,0
5655,Student,273,81,0.35,Desktop,0,1,0
5656,Premium,183,20,0.14,Mobile,0,1,1
5657,Student,274,34,0.01,Mobile,0,1,0
5658,Free,298,19,0.06,Mobile,11,0,1
5659,Premium,281,27,0.44,Web,0,1,0
5660,Free,283,63,0.51,Web,35,0,0
5661,Premium,210,9,0.05,Mobile,0,1,0
5662,Premium,233,44,0.46,Web,0,1,0
5663,Free,40,62,0.23,Desktop,18,0,0
5664,Premium,118,65,0.36,Web,0,1,0
5665,Student,95,92,0.26,Desktop,0,1,0
5666,Free,227,80,0.03,Web,38,0,0
5667,Student,15,35,0.28,Mobile,0,1,0
5668,Free,57,59,0.43,Web,24,0,0
5669,Free,169,57,0.46,Desktop,40,0,1
5670,Premium,26,87,0.44,Mobile,0,1,0
5671,Premium,269,97,0.34,Desktop,0,1,0
5672,Student,182,6,0.4,Mobile,0,1,0
5673,Student,78,15,0.08,Mobile,0,1,0
5674,Premium,53,14,0.09,Web,0,1,1
5675,Premium,288,63,0.34,Desktop,0,1,0
5676,Family,57,44,0.55,Desktop,0,1,0
5677,Free,74,1,0.02,Web,12,0,0
5678,Student,66,62,0.49,Mobile,0,1,0
5679,Premium,264,50,0.58,Web,0,1,0
5680,Family,213,86,0.29,Desktop,0,1,0
5681,Free,115,70,0.05,Web,22,0,1
5682,Student,23,18,0.27,Desktop,0,1,1
5683,Free,160,94,0.5,Mobile,16,0,0
5684,Student,291,9,0.44,Desktop,0,1,1
5685,Premium,98,41,0.03,Desktop,0,1,0
5686,Free,85,89,0.47,Mobile,16,0,1
5687,Student,206,12,0.36,Mobile,0,1,0
5688,Premium,51,9,0.41,Mobile,0,1,0
5689,Free,236,85,0.16,Mobile,18,0,0
5690,Premium,72,13,0.6,Web,0,1,0
5691,Free,268,68,0.59,Mobile,22,0,0
5692,Family,16,98,0.56,Mobile,0,1,1
5693,Free,65,63,0.34,Desktop,6,0,0
5694,Student,31,80,0.01,Desktop,0,1,0
5695,Premium,97,63,0.13,Web,0,1,0
5696,Free,36,47,0.31,Web,18,0,0
5697,Student,109,84,0.15,Desktop,0,1,0
5698,Free,168,87,0.22,Desktop,34,0,0
5699,Premium,33,28,0.21,Web,0,1,0
5700,Free,12,41,0.41,Mobile,38,0,0
5701,Family,217,36,0.03,Desktop,0,1,1
5702,Premium,258,79,0.53,Mobile,0,1,0
5703,Family,50,85,0.55,Mobile,0,1,1
5704,Family,112,16,0.54,Mobile,0,1,0
5705,Free,93,91,0.29,Mobile,29,0,0
5706,Family,126,42,0.46,Mobile,0,1,0
5707,Free,191,5,0.4,Desktop,25,0,0
5708,Free,258,48,0.15,Mobile,42,0,1
5709,Free,145,29,0.55,Web,36,0,0
5710,Free,91,27,0.38,Desktop,8,0,0
5711,Student,40,29,0.24,Web,0,1,0
5712,Premium,241,12,0.08,Web,0,1,1
5713,Free,285,5,0.36,Web,36,0,0
5714,Free,280,88,0.31,Web,14,0,1
5715,Family,15,43,0.26,Desktop,0,1,0
5716,Student,125,56,0.47,Web,0,1,0
5717,Student,35,67,0.37,Web,0,1,0
5718,Family,115,84,0.55,Desktop,0,1,0
5719,Student,36,40,0.27,Desktop,0,1,0
5720,Free,65,95,0.59,Desktop,11,0,0
5721,Family,122,1,0.47,Mobile,0,1,0
5722,Premium,82,72,0.27,Web,0,1,1
5723,Free,270,77,0.19,Mobile,48,0,0
5724,Family,123,49,0.17,Web,0,1,0
5725,Student,296,90,0.05,Web,0,1,1
5726,Family,164,32,0.21,Desktop,0,1,0
5727,Premium,88,24,0.51,Web,0,1,1
5728,Family,249,53,0.28,Mobile,0,1,1
5729,Student,51,91,0.31,Desktop,0,1,0
5730,Student,218,47,0.08,Mobile,0,1,0
5731,Family,104,66,0.45,Desktop,0,1,0
5732,Student,105,51,0.01,Mobile,0,1,1
5733,Student,299,26,0.16,Mobile,0,1,0
5734,Student,115,54,0.09,Desktop,0,1,0
5735,Free,68,13,0.51,Desktop,27,0,1
5736,Premium,86,87,0.08,Mobile,0,1,0
5737,Family,188,92,0.52,Web,0,1,0
5738,Student,238,3,0.44,Desktop,0,1,0
5739,Free,137,65,0.33,Desktop,46,0,1
5740,Premium,83,90,0.54,Mobile,0,1,0
5741,Free,281,80,0.57,Desktop,17,0,0
5742,Free,290,2,0.43,Desktop,35,0,0
5743,Free,76,54,0.5,Mobile,41,0,0
5744,Family,192,56,0.43,Web,0,1,0
5745,Free,82,12,0.56,Web,37,0,0
5746,Free,170,88,0.36,Desktop,10,0,0
5747,Premium,286,7,0.18,Desktop,0,1,0
5748,Premium,134,13,0.01,Desktop,0,1,0
5749,Family,51,44,0.46,Web,0,1,0
5750,Free,295,21,0.27,Web,17,0,1
5751,Premium,248,61,0.49,Mobile,0,1,0
5752,Student,26,56,0.52,Mobile,0,1,0
5753,Student,153,78,0.14,Desktop,0,1,0
5754,Student,270,71,0.14,Web,0,1,0
5755,Premium,226,85,0.36,Web,0,1,1
5756,Student,104,7,0.28,Desktop,0,1,0
5757,Free,113,10,0.56,Desktop,44,0,0
5758,Student,219,7,0.53,Mobile,0,1,0
5759,Family,224,59,0.55,Desktop,0,1,0
5760,Student,166,50,0.39,Web,0,1,1
5761,Free,125,17,0.34,Mobile,33,0,1
5762,Free,110,70,0.33,Web,19,0,0
5763,Family,272,5,0.39,Desktop,0,1,0
5764,Student,97,1,0.46,Desktop,0,1,1
5765,Family,207,92,0.14,Web,0,1,1
5766,Student,46,6,0.28,Desktop,0,1,0
5767,Free,189,85,0.37,Web,13,0,0
5768,Premium,297,34,0.38,Web,0,1,0
5769,Student,232,55,0.01,Web,0,1,1
5770,Premium,285,16,0.32,Desktop,0,1,0
5771,Premium,158,41,0.07,Mobile,0,1,1
5772,Student,298,92,0.51,Web,0,1,1
5773,Premium,90,45,0.13,Web,0,1,1
5774,Free,221,22,0.44,Desktop,32,0,1
5775,Free,52,17,0.2,Mobile,32,0,0
5776,Free,37,55,0.48,Web,35,0,0
5777,Family,219,94,0.19,Web,0,1,0
5778,Premium,213,18,0.26,Mobile,0,1,1
5779,Student,56,44,0.38,Web,0,1,0
5780,Student,258,47,0.16,Web,0,1,1
5781,Free,65,56,0.31,Desktop,44,0,0
5782,Student,10,85,0.33,Web,0,1,0
5783,Family,42,39,0.45,Web,0,1,0
5784,Family,107,30,0.1,Mobile,0,1,0
5785,Family,66,81,0.5,Web,0,1,0
5786,Student,261,60,0.32,Web,0,1,0
5787,Family,193,85,0.4,Desktop,0,1,0
5788,Family,40,38,0.57,Desktop,0,1,0
5789,Student,13,90,0.44,Web,0,1,1
5790,Free,23,76,0.01,Web,17,0,0
5791,Student,227,74,0.47,Web,0,1,1
5792,Premium,163,87,0.45,Mobile,0,1,0
5793,Student,195,60,0.33,Web,0,1,0
5794,Premium,270,35,0.32,Mobile,0,1,0
5795,Premium,99,38,0.56,Mobile,0,1,0
5796,Free,224,39,0.25,Desktop,8,0,0
5797,Premium,116,29,0.58,Desktop,0,1,0
5798,Family,278,3,0.25,Web,0,1,1
5799,Student,62,86,0.5,Web,0,1,1
5800,Premium,217,34,0.15,Desktop,0,1,0
5801,Student,126,66,0.59,Web,0,1,1
5802,Student,116,90,0.14,Mobile,0,1,0
5803,Premium,79,61,0.48,Mobile,0,1,0
5804,Student,206,30,0.38,Desktop,0,1,0
5805,Family,53,51,0.44,Mobile,0,1,0
5806,Premium,43,18,0.15,Web,0,1,1
5807,Student,145,90,0.28,Desktop,0,1,0
5808,Family,57,74,0.51,Web,0,1,0
5809,Student,149,92,0.33,Desktop,0,1,1
5810,Premium,85,19,0.34,Web,0,1,0
5811,Family,70,5,0.6,Mobile,0,1,0
5812,Free,135,31,0.2,Mobile,46,0,0
5813,Premium,204,16,0.53,Desktop,0,1,1
5814,Free,177,96,0.18,Web,17,0,1
5815,Student,238,1,0.05,Mobile,0,1,0
5816,Student,151,54,0.19,Desktop,0,1,0
5817,Free,136,50,0.4,Desktop,6,0,0
5818,Family,74,10,0.09,Mobile,0,1,1
5819,Free,232,63,0.01,Mobile,35,0,0
5820,Premium,138,41,0.04,Web,0,1,0
5821,Free,297,44,0.34,Desktop,26,0,1
5822,Family,19,81,0.52,Mobile,0,1,0
5823,Free,264,28,0.3,Mobile,8,0,0
5824,Family,203,92,0.35,Mobile,0,1,0
5825,Free,104,51,0.2,Desktop,28,0,0
5826,Premium,272,3,0.47,Desktop,0,1,0
5827,Student,299,56,0.59,Desktop,0,1,0
5828,Family,249,64,0.56,Web,0,1,0
5829,Student,201,60,0.51,Web,0,1,1
5830,Free,103,85,0.38,Mobile,33,0,1
5831,Free,226,98,0.1,Web,20,0,0
5832,Family,137,38,0.2,Desktop,0,1,0
5833,Premium,43,26,0.59,Mobile,0,1,1
5834,Family,81,38,0.33,Mobile,0,1,0
5835,Premium,137,75,0.05,Mobile,0,1,0
5836,Premium,248,79,0.07,Desktop,0,1,0
5837,Family,151,30,0.16,Mobile,0,1,1
5838,Family,32,29,0.19,Desktop,0,1,0
5839,Free,36,16,0.5,Mobile,11,0,0
5840,Free,262,17,0.18,Desktop,27,0,0
5841,Free,54,37,0.52,Mobile,27,0,0
5842,Student,52,41,0.28,Mobile,0,1,0
5843,Free,145,7,0.01,Web,41,0,0
5844,Premium,32,71,0.27,Desktop,0,1,0
5845,Family,295,12,0.49,Web,0,1,0
5846,Premium,139,55,0.44,Mobile,0,1,0
5847,Premium,125,60,0.26,Web,0,1,1
5848,Free,151,46,0.6,Desktop,18,0,0
5849,Student,275,38,0.59,Web,0,1,0
5850,Family,204,59,0.39,Mobile,0,1,1
5851,Family,234,56,0.15,Web,0,1,0
5852,Family,267,45,0.17,Mobile,0,1,1
5853,Free,263,83,0.03,Desktop,42,0,1
5854,Family,78,65,0.08,Desktop,0,1,1
5855,Student,199,55,0.28,Mobile,0,1,0
5856,Free,103,10,0.58,Mobile,38,0,0
5857,Premium,114,62,0.59,Desktop,0,1,1
5858,Premium,25,28,0.11,Mobile,0,1,0
5859,Student,148,84,0.02,Web,0,1,0
5860,Premium,244,13,0.31,Mobile,0,1,0
5861,Free,55,33,0.18,Mobile,49,0,0
5862,Premium,141,56,0.43,Desktop,0,1,0
5863,Premium,133,3,0.1,Web,0,1,0
5864,Family,166,38,0.17,Desktop,0,1,0
5865,Free,113,14,0.57,Desktop,26,0,0
5866,Student,113,5,0.27,Web,0,1,1
5867,Family,147,59,0.36,Desktop,0,1,1
5868,Premium,203,38,0.35,Web,0,1,0
5869,Student,188,45,0.31,Mobile,0,1,0
5870,Family,131,76,0.58,Web,0,1,0
5871,Family,78,48,0.43,Mobile,0,1,0
5872,Student,243,93,0.51,Mobile,0,1,0
5873,Family,230,60,0.09,Mobile,0,1,1
5874,Premium,127,60,0.07,Web,0,1,0
5875,Premium,210,29,0.35,Web,0,1,0
5876,Free,32,88,0.12,Web,17,0,0
5877,Premium,44,54,0.52,Mobile,0,1,0
5878,Family,238,91,0.2,Mobile,0,1,0
5879,Student,171,7,0.27,Mobile,0,1,1
5880,Free,79,12,0.08,Web,47,0,0
5881,Family,88,13,0.03,Desktop,0,1,0
5882,Premium,273,3,0.22,Mobile,0,1,0
5883,Family,35,50,0.06,Mobile,0,1,1
5884,Free,16,83,0.35,Mobile,24,0,0
5885,Premium,89,54,0.28,Mobile,0,1,0
5886,Family,220,64,0.57,Desktop,0,1,0
5887,Premium,129,85,0.27,Mobile,0,1,0
5888,Family,185,2,0.05,Mobile,0,1,0
5889,Family,286,39,0.01,Mobile,0,1,0
5890,Student,83,8,0.09,Desktop,0,1,0
5891,Family,242,1,0.0,Desktop,0,1,1
5892,Student,134,67,0.27,Web,0,1,0
5893,Family,180,45,0.54,Web,0,1,0
5894,Family,206,37,0.54,Web,0,1,0
5895,Student,97,25,0.39,Desktop,0,1,0
5896,Free,236,88,0.27,Mobile,27,0,0
5897,Premium,226,7,0.32,Web,0,1,0
5898,Free,60,93,0.47,Desktop,35,0,0
5899,Premium,270,73,0.42,Desktop,0,1,1
5900,Free,128,9,0.26,Desktop,35,0,0
5901,Free,171,49,0.21,Mobile,40,0,0
5902,Student,299,96,0.49,Desktop,0,1,1
5903,Free,227,14,0.28,Desktop,17,0,1
5904,Family,165,22,0.14,Mobile,0,1,0
5905,Premium,22,44,0.33,Mobile,0,1,0
5906,Family,118,94,0.53,Web,0,1,1
5907,Free,221,50,0.36,Mobile,5,0,0
5908,Free,94,64,0.49,Desktop,47,0,1
5909,Premium,165,60,0.58,Mobile,0,1,0
5910,Free,239,57,0.53,Mobile,29,0,0
5911,Premium,146,25,0.43,Desktop,0,1,0
5912,Premium,118,87,0.46,Desktop,0,1,0
5913,Student,128,22,0.6,Desktop,0,1,0
5914,Family,251,38,0.1,Mobile,0,1,0
5915,Family,228,33,0.07,Desktop,0,1,1
5916,Premium,222,62,0.31,Web,0,1,0
5917,Family,124,69,0.43,Desktop,0,1,1
5918,Family,203,12,0.24,Mobile,0,1,1
5919,Family,292,28,0.08,Desktop,0,1,0
5920,Student,235,10,0.1,Mobile,0,1,0
5921,Premium,69,32,0.29,Desktop,0,1,0
5922,Student,137,43,0.24,Web,0,1,1
5923,Family,59,65,0.28,Desktop,0,1,0
5924,Free,233,76,0.55,Desktop,33,0,1
5925,Premium,140,77,0.37,Desktop,0,1,0
5926,Family,213,36,0.46,Web,0,1,0
5927,Family,139,44,0.21,Mobile,0,1,0
5928,Free,53,18,0.38,Mobile,22,0,1
5929,Student,268,9,0.3,Desktop,0,1,0
5930,Free,74,10,0.27,Mobile,25,0,0
5931,Free,51,93,0.2,Mobile,45,0,0
5932,Premium,222,68,0.26,Desktop,0,1,1
5933,Student,144,59,0.16,Mobile,0,1,0
5934,Free,180,11,0.32,Web,9,0,0
5935,Premium,62,53,0.53,Desktop,0,1,1
5936,Student,70,61,0.29,Mobile,0,1,0
5937,Family,165,12,0.48,Desktop,0,1,0
5938,Premium,229,54,0.26,Mobile,0,1,0
5939,Student,180,77,0.1,Desktop,0,1,0
5940,Student,173,83,0.01,Web,0,1,0
5941,Premium,152,8,0.09,Web,0,1,1
5942,Free,214,80,0.21,Desktop,47,0,1
5943,Student,286,61,0.08,Mobile,0,1,1
5944,Premium,188,35,0.15,Desktop,0,1,0
5945,Student,29,5,0.25,Desktop,0,1,0
5946,Family,161,59,0.44,Mobile,0,1,0
5947,Student,123,6,0.53,Mobile,0,1,0
5948,Student,107,6,0.53,Desktop,0,1,0
5949,Student,99,60,0.19,Desktop,0,1,1
5950,Student,270,89,0.23,Desktop,0,1,1
5951,Premium,220,96,0.01,Desktop,0,1,0
5952,Family,129,54,0.26,Desktop,0,1,0
5953,Free,145,21,0.44,Desktop,26,0,0
5954,Free,248,66,0.02,Desktop,5,0,1
5955,Premium,168,15,0.48,Mobile,0,1,0
5956,Family,15,81,0.26,Desktop,0,1,0
5957,Student,208,70,0.09,Web,0,1,0
5958,Premium,188,45,0.28,Desktop,0,1,0
5959,Premium,13,93,0.02,Desktop,0,1,0
5960,Premium,49,33,0.28,Desktop,0,1,0
5961,Free,241,38,0.24,Desktop,15,0,0
5962,Free,287,23,0.51,Web,43,0,0
5963,Family,141,84,0.27,Desktop,0,1,0
5964,Free,287,52,0.27,Mobile,34,0,0
5965,Student,25,76,0.45,Web,0,1,0
5966,Premium,135,99,0.57,Desktop,0,1,1
5967,Family,146,88,0.35,Web,0,1,1
5968,Premium,94,97,0.04,Desktop,0,1,0
5969,Premium,227,37,0.13,Desktop,0,1,0
5970,Free,255,45,0.05,Mobile,40,0,0
5971,Family,191,88,0.12,Web,0,1,0
5972,Free,239,39,0.22,Mobile,46,0,1
5973,Student,205,13,0.12,Web,0,1,1
5974,Student,110,96,0.41,Web,0,1,1
5975,Premium,146,37,0.1,Web,0,1,1
5976,Free,86,59,0.52,Desktop,8,0,0
5977,Premium,110,94,0.33,Web,0,1,0
5978,Family,49,25,0.01,Web,0,1,1
5979,Student,75,68,0.44,Mobile,0,1,1
5980,Student,173,44,0.57,Web,0,1,0
5981,Premium,94,72,0.29,Desktop,0,1,0
5982,Student,279,24,0.23,Desktop,0,1,1
5983,Free,226,80,0.43,Web,37,0,0
5984,Free,210,11,0.07,Mobile,8,0,0
5985,Premium,256,11,0.3,Desktop,0,1,0
5986,Free,77,12,0.07,Desktop,8,0,1
5987,Free,249,33,0.07,Web,18,0,0
5988,Free,184,19,0.1,Desktop,27,0,0
5989,Premium,224,60,0.4,Desktop,0,1,0
5990,Premium,206,23,0.49,Desktop,0,1,0
5991,Student,118,74,0.48,Web,0,1,0
5992,Premium,63,46,0.53,Mobile,0,1,1
5993,Family,110,16,0.09,Web,0,1,0
5994,Free,209,49,0.51,Web,15,0,0
5995,Family,168,87,0.48,Web,0,1,0
5996,Premium,85,75,0.52,Web,0,1,1
5997,Premium,26,88,0.11,Desktop,0,1,0
5998,Free,213,85,0.05,Desktop,15,0,0
5999,Free,45,62,0.54,Web,24,0,1
6000,Family,93,31,0.37,Desktop,0,1,0
6001,Free,96,10,0.59,Mobile,15,0,1
6002,Student,233,57,0.51,Mobile,0,1,1
6003,Free,61,31,0.57,Mobile,48,0,1
6004,Student,206,58,0.29,Desktop,0,1,0
6005,Free,151,3,0.32,Mobile,10,0,0
6006,Premium,196,42,0.13,Desktop,0,1,0
6007,Family,242,1,0.35,Desktop,0,1,0
6008,Premium,215,30,0.36,Desktop,0,1,0
6009,Family,14,23,0.19,Desktop,0,1,0
6010,Free,221,71,0.16,Mobile,13,0,1
6011,Free,157,15,0.01,Web,18,0,0
6012,Free,224,19,0.58,Desktop,40,0,1
6013,Student,233,32,0.11,Mobile,0,1,0
6014,Family,19,47,0.43,Mobile,0,1,1
6015,Family,159,21,0.17,Mobile,0,1,0
6016,Family,167,60,0.37,Mobile,0,1,1
6017,Student,84,46,0.21,Web,0,1,0
6018,Family,264,89,0.23,Mobile,0,1,0
6019,Free,219,92,0.13,Web,6,0,0
6020,Student,206,85,0.19,Desktop,0,1,0
6021,Free,260,21,0.06,Desktop,45,0,1
6022,Premium,125,96,0.46,Mobile,0,1,1
6023,Free,83,80,0.05,Mobile,16,0,0
6024,Student,22,95,0.41,Desktop,0,1,1
6025,Premium,274,64,0.51,Web,0,1,0
6026,Premium,158,52,0.54,Mobile,0,1,0
6027,Student,28,51,0.09,Web,0,1,0
6028,Free,124,51,0.13,Web,16,0,0
6029,Student,166,69,0.14,Desktop,0,1,0
6030,Student,154,70,0.57,Mobile,0,1,0
6031,Premium,23,42,0.39,Web,0,1,0
6032,Premium,239,42,0.01,Desktop,0,1,0
6033,Free,133,47,0.08,Desktop,41,0,0
6034,Student,77,20,0.15,Desktop,0,1,0
6035,Student,75,42,0.28,Mobile,0,1,1
6036,Student,113,59,0.35,Desktop,0,1,0
6037,Student,56,24,0.46,Web,0,1,0
6038,Premium,141,99,0.07,Mobile,0,1,0
6039,Free,114,44,0.47,Mobile,16,0,0
6040,Free,131,40,0.34,Web,47,0,0
6041,Premium,49,46,0.16,Desktop,0,1,0
6042,Free,203,11,0.21,Mobile,45,0,1
6043,Premium,179,26,0.3,Web,0,1,0
6044,Family,126,21,0.05,Web,0,1,1
6045,Free,237,50,0.54,Mobile,11,0,0
6046,Premium,99,74,0.26,Mobile,0,1,0
6047,Free,205,64,0.47,Web,9,0,0
6048,Student,297,63,0.1,Mobile,0,1,0
6049,Family,242,96,0.32,Desktop,0,1,0
6050,Family,121,8,0.12,Desktop,0,1,0
6051,Premium,48,72,0.51,Desktop,0,1,0
6052,Premium,136,20,0.55,Web,0,1,1
6053,Premium,257,62,0.51,Web,0,1,0
6054,Premium,256,46,0.06,Mobile,0,1,0
6055,Premium,132,38,0.35,Web,0,1,0
6056,Premium,126,17,0.45,Web,0,1,0
6057,Free,67,78,0.15,Mobile,44,0,0
6058,Free,80,77,0.52,Desktop,26,0,0
6059,Free,26,42,0.35,Mobile,30,0,1
6060,Free,17,94,0.52,Desktop,45,0,0
6061,Premium,149,55,0.43,Mobile,0,1,0
6062,Premium,247,13,0.18,Desktop,0,1,0
6063,Premium,12,40,0.06,Mobile,0,1,0
6064,Free,244,73,0.32,Mobile,45,0,1
6065,Student,41,92,0.44,Web,0,1,0
6066,Student,32,90,0.53,Desktop,0,1,0
6067,Premium,263,73,0.45,Desktop,0,1,0
6068,Free,85,7,0.47,Mobile,49,0,1
6069,Premium,88,6,0.3,Desktop,0,1,1
6070,Family,264,67,0.27,Mobile,0,1,0
6071,Premium,151,86,0.34,Desktop,0,1,1
6072,Free,58,78,0.21,Desktop,42,0,0
6073,Free,128,5,0.29,Mobile,47,0,1
6074,Free,75,13,0.18,Desktop,36,0,0
6075,Family,80,46,0.39,Desktop,0,1,0
6076,Premium,298,23,0.29,Desktop,0,1,0
6077,Premium,101,26,0.25,Web,0,1,0
6078,Family,281,37,0.41,Mobile,0,1,0
6079,Premium,292,19,0.32,Mobile,0,1,1
6080,Student,50,89,0.02,Web,0,1,0
6081,Premium,287,70,0.37,Mobile,0,1,0
6082,Family,248,92,0.39,Desktop,0,1,0
6083,Family,273,37,0.32,Mobile,0,1,1
6084,Free,88,91,0.48,Web,9,0,0
6085,Student,70,98,0.21,Web,0,1,1
6086,Student,265,31,0.54,Web,0,1,0
6087,Student,188,92,0.1,Mobile,0,1,0
6088,Free,15,42,0.49,Desktop,6,0,1
6089,Free,199,44,0.19,Mobile,44,0,0
6090,Family,80,56,0.4,Web,0,1,1
6091,Premium,266,4,0.17,Desktop,0,1,0
6092,Premium,37,39,0.15,Web,0,1,0
6093,Student,69,77,0.1,Desktop,0,1,1
6094,Free,290,51,0.38,Mobile,33,0,1
6095,Student,25,52,0.33,Mobile,0,1,0
6096,Student,37,59,0.28,Desktop,0,1,1
6097,Family,180,74,0.2,Web,0,1,0
6098,Family,53,61,0.14,Mobile,0,1,1
6099,Family,91,85,0.02,Web,0,1,1
6100,Free,211,56,0.03,Web,34,0,1
6101,Free,139,65,0.57,Desktop,11,0,1
6102,Free,42,63,0.53,Mobile,48,0,0
6103,Student,200,31,0.49,Desktop,0,1,0
6104,Premium,261,5,0.52,Desktop,0,1,0
6105,Student,65,88,0.43,Mobile,0,1,0
6106,Student,103,15,0.39,Desktop,0,1,1
6107,Free,105,28,0.45,Desktop,40,0,0
6108,Premium,253,92,0.23,Web,0,1,0
6109,Premium,33,30,0.58,Mobile,0,1,0
6110,Free,239,36,0.17,Web,13,0,0
6111,Premium,179,85,0.13,Web,0,1,1
6112,Free,123,71,0.43,Web,31,0,0
6113,Free,287,60,0.15,Web,36,0,1
6114,Student,255,63,0.07,Web,0,1,0
6115,Student,230,3,0.41,Mobile,0,1,1
6116,Free,40,29,0.37,Desktop,44,0,1
6117,Family,130,81,0.31,Web,0,1,0
6118,Student,175,87,0.02,Desktop,0,1,0
6119,Student,10,23,0.57,Desktop,0,1,0
6120,Student,294,97,0.18,Web,0,1,0
6121,Family,132,62,0.44,Mobile,0,1,0
6122,Free,251,96,0.11,Desktop,40,0,1
6123,Student,168,64,0.19,Web,0,1,0
6124,Free,283,33,0.51,Desktop,18,0,1
6125,Family,194,57,0.41,Desktop,0,1,0
6126,Student,263,39,0.35,Mobile,0,1,0
6127,Family,184,20,0.47,Desktop,0,1,0
6128,Free,111,94,0.29,Desktop,20,0,0
6129,Free,230,78,0.06,Desktop,39,0,0
6130,Student,204,11,0.03,Mobile,0,1,0
6131,Student,284,71,0.05,Web,0,1,1
6132,Free,201,47,0.04,Web,49,0,0
6133,Student,67,7,0.02,Web,0,1,0
6134,Premium,293,33,0.35,Desktop,0,1,0
6135,Premium,98,37,0.39,Desktop,0,1,0
6136,Family,112,71,0.19,Desktop,0,1,0
6137,Premium,229,27,0.09,Web,0,1,1
6138,Student,67,41,0.53,Mobile,0,1,0
6139,Family,53,76,0.39,Web,0,1,0
6140,Premium,169,37,0.38,Desktop,0,1,1
6141,Student,55,79,0.24,Desktop,0,1,1
6142,Student,298,5,0.31,Web,0,1,0
6143,Student,127,17,0.1,Desktop,0,1,0
6144,Premium,208,55,0.29,Mobile,0,1,0
6145,Student,103,43,0.55,Desktop,0,1,0
6146,Student,133,54,0.3,Mobile,0,1,0
6147,Family,284,39,0.44,Mobile,0,1,1
6148,Family,156,89,0.59,Web,0,1,1
6149,Free,273,15,0.09,Web,20,0,0
6150,Free,48,10,0.24,Desktop,22,0,0
6151,Family,75,73,0.39,Mobile,0,1,1
6152,Student,187,88,0.3,Desktop,0,1,0
6153,Student,296,75,0.37,Web,0,1,1
6154,Family,40,69,0.38,Web,0,1,1
6155,Family,123,73,0.59,Mobile,0,1,0
6156,Family,247,49,0.46,Desktop,0,1,0
6157,Premium,174,42,0.16,Desktop,0,1,0
6158,Free,112,84,0.48,Mobile,23,0,1
6159,Premium,25,1,0.28,Mobile,0,1,0
6160,Family,193,89,0.55,Mobile,0,1,0
6161,Premium,183,30,0.3,Web,0,1,0
6162,Free,127,86,0.44,Desktop,20,0,0
6163,Student,289,93,0.39,Desktop,0,1,1
6164,Free,262,84,0.36,Web,40,0,1
6165,Free,192,77,0.45,Web,38,0,0
6166,Student,22,55,0.58,Web,0,1,1
6167,Premium,195,33,0.0,Mobile,0,1,0
6168,Student,238,3,0.15,Desktop,0,1,0
6169,Student,36,86,0.34,Desktop,0,1,0
6170,Free,255,61,0.09,Desktop,49,0,0
6171,Free,219,98,0.34,Mobile,27,0,0
6172,Premium,81,68,0.23,Web,0,1,1
6173,Student,76,34,0.18,Desktop,0,1,0
6174,Family,263,43,0.52,Desktop,0,1,0
6175,Student,73,15,0.04,Desktop,0,1,0
6176,Student,249,72,0.22,Mobile,0,1,1
6177,Premium,182,52,0.45,Desktop,0,1,0
6178,Student,193,74,0.46,Desktop,0,1,0
6179,Student,179,93,0.15,Mobile,0,1,0
6180,Premium,40,51,0.29,Desktop,0,1,0
6181,Student,82,45,0.15,Web,0,1,0
6182,Premium,278,86,0.55,Desktop,0,1,1
6183,Student,197,71,0.11,Desktop,0,1,1
6184,Premium,153,41,0.41,Desktop,0,1,1
6185,Free,127,33,0.09,Web,48,0,0
6186,Premium,12,96,0.47,Web,0,1,1
6187,Student,164,92,0.1,Mobile,0,1,0
6188,Premium,113,92,0.34,Mobile,0,1,1
6189,Family,72,62,0.32,Mobile,0,1,0
6190,Free,135,83,0.04,Mobile,33,0,0
6191,Premium,135,12,0.04,Web,0,1,0
6192,Family,189,20,0.09,Mobile,0,1,0
6193,Premium,57,24,0.31,Desktop,0,1,0
6194,Student,167,3,0.25,Desktop,0,1,0
6195,Family,13,28,0.26,Web,0,1,0
6196,Premium,172,11,0.32,Mobile,0,1,0
6197,Free,296,69,0.52,Mobile,12,0,1
6198,Student,73,16,0.2,Desktop,0,1,0
6199,Premium,231,49,0.56,Mobile,0,1,0
6200,Premium,161,7,0.46,Web,0,1,1
6201,Family,79,27,0.13,Web,0,1,0
6202,Student,66,89,0.14,Desktop,0,1,0
6203,Student,180,86,0.13,Web,0,1,0
6204,Student,214,9,0.18,Mobile,0,1,0
6205,Free,115,8,0.2,Mobile,42,0,0
6206,Student,204,58,0.11,Web,0,1,0
6207,Family,32,54,0.29,Desktop,0,1,0
6208,Family,173,5,0.39,Web,0,1,0
6209,Free,269,52,0.17,Web,8,0,0
6210,Student,281,40,0.31,Web,0,1,0
6211,Student,226,45,0.44,Web,0,1,0
6212,Free,165,71,0.22,Web,33,0,0
6213,Free,155,97,0.2,Mobile,34,0,0
6214,Student,161,66,0.52,Web,0,1,1
6215,Free,15,24,0.0,Mobile,38,0,0
6216,Free,288,1,0.19,Desktop,47,0,0
6217,Family,16,27,0.1,Desktop,0,1,1
6218,Free,101,64,0.35,Mobile,20,0,0
6219,Premium,100,46,0.56,Desktop,0,1,0
6220,Family,50,5,0.58,Web,0,1,0
6221,Free,97,74,0.32,Web,29,0,0
6222,Family,49,1,0.47,Web,0,1,1
6223,Student,211,44,0.54,Web,0,1,1
6224,Premium,60,15,0.49,Web,0,1,0
6225,Premium,23,39,0.22,Mobile,0,1,1
6226,Student,140,48,0.45,Web,0,1,0
6227,Family,211,60,0.46,Web,0,1,1
6228,Family,119,90,0.42,Desktop,0,1,0
6229,Premium,117,83,0.56,Web,0,1,1
6230,Premium,215,42,0.33,Web,0,1,0
6231,Student,66,3,0.55,Web,0,1,0
6232,Free,17,97,0.07,Web,30,0,0
6233,Family,219,79,0.28,Web,0,1,0
6234,Free,246,6,0.22,Web,45,0,1
6235,Free,30,64,0.04,Mobile,42,0,0
6236,Family,141,72,0.17,Mobile,0,1,0
6237,Free,42,22,0.43,Desktop,39,0,0
6238,Premium,188,32,0.48,Mobile,0,1,0
6239,Premium,56,96,0.58,Desktop,0,1,0
6240,Free,93,99,0.1,Desktop,22,0,0
6241,Student,89,74,0.33,Mobile,0,1,0
6242,Family,133,6,0.59,Mobile,0,1,0
6243,Free,201,54,0.55,Mobile,35,0,1
6244,Family,279,6,0.46,Web,0,1,0
6245,Family,101,13,0.08,Mobile,0,1,0
6246,Family,259,59,0.05,Desktop,0,1,0
6247,Student,181,28,0.28,Mobile,0,1,1
6248,Premium,158,36,0.53,Web,0,1,0
6249,Student,236,9,0.08,Desktop,0,1,1
6250,Family,235,3,0.55,Web,0,1,1
6251,Premium,32,68,0.44,Mobile,0,1,0
6252,Free,45,97,0.56,Mobile,13,0,0
6253,Student,20,55,0.38,Mobile,0,1,1
6254,Premium,11,41,0.05,Mobile,0,1,0
6255,Premium,33,48,0.48,Web,0,1,0
6256,Student,213,98,0.15,Web,0,1,0
6257,Premium,262,64,0.15,Mobile,0,1,1
6258,Student,80,85,0.34,Mobile,0,1,0
6259,Student,68,51,0.43,Web,0,1,0
6260,Student,102,56,0.12,Web,0,1,0
6261,Student,298,37,0.22,Desktop,0,1,1
6262,Premium,192,85,0.05,Desktop,0,1,0
6263,Family,174,18,0.53,Mobile,0,1,0
6264,Free,273,35,0.16,Web,36,0,0
6265,Family,277,90,0.26,Desktop,0,1,0
6266,Student,204,72,0.34,Web,0,1,0
6267,Student,23,14,0.47,Desktop,0,1,0
6268,Premium,273,61,0.49,Desktop,0,1,0
6269,Family,109,32,0.54,Web,0,1,0
6270,Student,57,56,0.06,Mobile,0,1,0
6271,Student,294,96,0.14,Web,0,1,0
6272,Free,88,83,0.55,Mobile,32,0,1
6273,Premium,274,70,0.44,Desktop,0,1,0
6274,Student,41,47,0.48,Web,0,1,1
6275,Family,108,69,0.04,Web,0,1,1
6276,Free,139,80,0.23,Web,39,0,0
6277,Free,123,81,0.34,Web,28,0,0
6278,Premium,164,69,0.19,Desktop,0,1,0
6279,Student,28,59,0.31,Mobile,0,1,0
6280,Family,289,10,0.39,Desktop,0,1,0
6281,Free,195,29,0.43,Mobile,40,0,0
6282,Free,170,64,0.01,Mobile,25,0,0
6283,Free,103,35,0.38,Web,33,0,1
6284,Free,87,14,0.38,Mobile,18,0,0
6285,Family,36,21,0.03,Web,0,1,1
6286,Family,172,70,0.19,Desktop,0,1,0
6287,Free,245,95,0.54,Mobile,17,0,0
6288,Premium,240,26,0.32,Desktop,0,1,1
6289,Family,32,25,0.49,Web,0,1,0
6290,Premium,294,54,0.58,Mobile,0,1,0
6291,Student,217,77,0.34,Web,0,1,0
6292,Family,82,46,0.45,Web,0,1,0
6293,Family,196,77,0.51,Mobile,0,1,0
6294,Student,177,25,0.42,Web,0,1,1
6295,Premium,223,39,0.17,Web,0,1,0
6296,Premium,272,46,0.27,Desktop,0,1,0
6297,Premium,11,4,0.5,Mobile,0,1,0
6298,Student,10,76,0.49,Desktop,0,1,0
6299,Free,154,88,0.23,Mobile,44,0,0
6300,Free,145,82,0.13,Web,42,0,0
6301,Student,239,66,0.1,Web,0,1,0
6302,Student,217,93,0.52,Desktop,0,1,1
6303,Family,297,2,0.3,Desktop,0,1,0
6304,Premium,257,87,0.28,Mobile,0,1,0
6305,Student,203,58,0.32,Web,0,1,1
6306,Student,143,9,0.23,Web,0,1,0
6307,Free,256,60,0.06,Desktop,35,0,1
6308,Free,294,43,0.51,Web,27,0,0
6309,Family,270,77,0.25,Web,0,1,0
6310,Family,194,4,0.5,Mobile,0,1,1
6311,Premium,195,76,0.15,Desktop,0,1,0
6312,Family,113,62,0.11,Desktop,0,1,0
6313,Free,230,42,0.26,Mobile,28,0,0
6314,Family,238,25,0.13,Web,0,1,0
6315,Free,181,2,0.12,Web,20,0,0
6316,Free,65,69,0.47,Desktop,49,0,1
6317,Premium,149,52,0.48,Web,0,1,0
6318,Family,197,86,0.35,Desktop,0,1,0
6319,Free,214,78,0.58,Desktop,43,0,0
6320,Premium,207,33,0.29,Web,0,1,1
6321,Family,245,16,0.5,Desktop,0,1,0
6322,Premium,111,11,0.28,Desktop,0,1,1
6323,Free,269,97,0.08,Desktop,15,0,0
6324,Premium,299,56,0.56,Web,0,1,0
6325,Premium,65,54,0.23,Desktop,0,1,0
6326,Free,219,76,0.32,Mobile,44,0,0
6327,Free,103,83,0.17,Mobile,21,0,1
6328,Premium,285,65,0.49,Mobile,0,1,0
6329,Free,19,62,0.34,Desktop,39,0,0
6330,Premium,160,10,0.31,Desktop,0,1,0
6331,Student,228,53,0.54,Desktop,0,1,0
6332,Family,48,43,0.46,Desktop,0,1,0
6333,Student,155,74,0.53,Web,0,1,0
6334,Free,294,63,0.21,Mobile,35,0,0
6335,Family,69,40,0.29,Mobile,0,1,0
6336,Student,175,51,0.15,Web,0,1,1
6337,Family,154,98,0.56,Mobile,0,1,0
6338,Premium,89,51,0.58,Mobile,0,1,0
6339,Student,176,81,0.41,Web,0,1,0
6340,Free,106,38,0.58,Web,7,0,0
6341,Family,45,42,0.17,Web,0,1,0
6342,Student,241,75,0.25,Web,0,1,1
6343,Premium,134,86,0.25,Web,0,1,0
6344,Premium,146,31,0.46,Desktop,0,1,1
6345,Premium,74,63,0.4,Web,0,1,0
6346,Family,123,52,0.13,Mobile,0,1,0
6347,Student,267,40,0.45,Mobile,0,1,0
6348,Premium,196,77,0.27,Mobile,0,1,0
6349,Free,95,37,0.24,Mobile,7,0,1
6350,Free,33,24,0.44,Mobile,33,0,1
6351,Free,281,5,0.5,Desktop,39,0,1
6352,Premium,34,44,0.15,Mobile,0,1,1
6353,Premium,104,27,0.34,Web,0,1,0
6354,Family,238,35,0.12,Desktop,0,1,0
6355,Premium,246,24,0.28,Desktop,0,1,1
6356,Free,229,41,0.13,Web,34,0,0
6357,Premium,272,96,0.24,Desktop,0,1,0
6358,Student,107,76,0.22,Mobile,0,1,0
6359,Family,57,97,0.09,Web,0,1,0
6360,Premium,81,52,0.5,Mobile,0,1,0
6361,Family,24,35,0.3,Mobile,0,1,0
6362,Free,195,95,0.06,Desktop,6,0,0
6363,Family,21,71,0.3,Mobile,0,1,0
6364,Family,155,58,0.27,Desktop,0,1,0
6365,Premium,180,78,0.28,Mobile,0,1,0
6366,Family,55,86,0.19,Web,0,1,1
6367,Family,31,12,0.54,Web,0,1,0
6368,Family,63,63,0.34,Web,0,1,1
6369,Family,292,90,0.1,Mobile,0,1,0
6370,Free,159,71,0.44,Mobile,25,0,1
6371,Family,128,50,0.56,Desktop,0,1,1
6372,Premium,246,4,0.57,Desktop,0,1,0
6373,Free,20,98,0.37,Mobile,42,0,0
6374,Premium,110,53,0.48,Web,0,1,0
6375,Family,295,7,0.44,Desktop,0,1,0
6376,Premium,27,50,0.56,Mobile,0,1,0
6377,Free,101,47,0.06,Mobile,39,0,1
6378,Free,96,60,0.5,Web,25,0,0
6379,Family,270,37,0.18,Web,0,1,0
6380,Premium,60,14,0.13,Desktop,0,1,0
6381,Free,110,34,0.06,Desktop,49,0,0
6382,Family,129,50,0.59,Mobile,0,1,0
6383,Student,112,17,0.15,Web,0,1,0
6384,Student,102,63,0.24,Mobile,0,1,0
6385,Premium,192,73,0.31,Mobile,0,1,1
6386,Premium,299,97,0.06,Desktop,0,1,0
6387,Free,80,73,0.4,Mobile,5,0,0
6388,Premium,213,89,0.12,Mobile,0,1,1
6389,Premium,189,93,0.46,Web,0,1,1
6390,Premium,167,26,0.06,Mobile,0,1,1
6391,Student,18,41,0.33,Desktop,0,1,0
6392,Free,255,33,0.55,Web,45,0,0
6393,Free,88,87,0.56,Web,24,0,0
6394,Student,68,78,0.59,Web,0,1,0
6395,Premium,46,54,0.2,Desktop,0,1,1
6396,Free,284,70,0.52,Web,33,0,0
6397,Student,118,3,0.25,Desktop,0,1,0
6398,Premium,72,26,0.55,Web,0,1,1
6399,Free,278,34,0.09,Mobile,13,0,1
6400,Family,173,98,0.19,Mobile,0,1,1
6401,Family,295,60,0.12,Web,0,1,0
6402,Family,251,82,0.18,Desktop,0,1,0
6403,Family,138,6,0.44,Web,0,1,0
6404,Free,119,24,0.47,Desktop,14,0,0
6405,Premium,43,82,0.48,Mobile,0,1,1
6406,Free,152,22,0.04,Web,14,0,0
6407,Student,75,29,0.26,Mobile,0,1,0
6408,Premium,108,93,0.24,Web,0,1,0
6409,Family,126,96,0.02,Mobile,0,1,0
6410,Family,160,81,0.42,Mobile,0,1,1
6411,Free,26,15,0.59,Mobile,27,0,0
6412,Student,64,88,0.33,Web,0,1,1
6413,Student,299,52,0.21,Desktop,0,1,0
6414,Free,94,34,0.12,Web,15,0,1
6415,Family,191,24,0.02,Web,0,1,0
6416,Family,133,38,0.33,Desktop,0,1,0
6417,Family,92,58,0.0,Desktop,0,1,0
6418,Free,28,11,0.19,Mobile,41,0,0
6419,Premium,22,2,0.18,Web,0,1,0
6420,Premium,146,70,0.58,Desktop,0,1,0
6421,Family,201,19,0.15,Web,0,1,0
6422,Student,211,7,0.6,Web,0,1,0
6423,Free,185,20,0.02,Web,24,0,0
6424,Student,61,13,0.6,Desktop,0,1,0
6425,Premium,56,19,0.47,Web,0,1,1
6426,Family,225,73,0.35,Mobile,0,1,1
6427,Free,126,98,0.03,Web,9,0,0
6428,Free,203,32,0.35,Desktop,48,0,0
6429,Free,114,86,0.16,Mobile,20,0,0
6430,Free,279,83,0.55,Mobile,18,0,0
6431,Premium,83,40,0.52,Web,0,1,0
6432,Family,55,12,0.21,Web,0,1,0
6433,Free,205,12,0.08,Web,26,0,1
6434,Student,93,96,0.5,Mobile,0,1,0
6435,Free,247,32,0.32,Desktop,36,0,1
6436,Free,23,75,0.16,Mobile,46,0,0
6437,Free,68,92,0.43,Desktop,34,0,1
6438,Premium,137,33,0.0,Mobile,0,1,0
6439,Family,31,32,0.09,Web,0,1,0
6440,Free,30,46,0.34,Web,28,0,0
6441,Free,62,43,0.01,Desktop,47,0,0
6442,Student,143,6,0.36,Web,0,1,0
6443,Free,112,35,0.56,Mobile,16,0,0
6444,Family,98,35,0.23,Mobile,0,1,0
6445,Family,81,99,0.39,Mobile,0,1,0
6446,Student,165,87,0.57,Desktop,0,1,0
6447,Family,151,93,0.08,Web,0,1,0
6448,Family,123,97,0.02,Mobile,0,1,0
6449,Free,216,86,0.53,Web,28,0,1
6450,Student,293,17,0.2,Web,0,1,1
6451,Premium,262,90,0.39,Desktop,0,1,1
6452,Free,196,83,0.03,Desktop,31,0,0
6453,Family,190,24,0.5,Mobile,0,1,0
6454,Student,266,49,0.35,Desktop,0,1,0
6455,Premium,200,34,0.14,Web,0,1,1
6456,Free,60,46,0.52,Desktop,25,0,1
6457,Free,154,38,0.25,Web,6,0,0
6458,Family,91,47,0.33,Mobile,0,1,0
6459,Free,104,99,0.11,Mobile,11,0,0
6460,Family,217,16,0.39,Mobile,0,1,0
6461,Student,187,99,0.48,Web,0,1,0
6462,Family,98,7,0.55,Desktop,0,1,1
6463,Family,188,85,0.22,Web,0,1,1
6464,Free,244,57,0.42,Desktop,28,0,1
6465,Free,164,84,0.05,Mobile,7,0,0
6466,Family,295,61,0.1,Desktop,0,1,0
6467,Free,220,13,0.26,Mobile,21,0,1
6468,Free,46,58,0.57,Web,21,0,1
6469,Family,127,59,0.21,Web,0,1,0
6470,Family,270,72,0.21,Web,0,1,1
6471,Free,151,88,0.44,Web,31,0,0
6472,Free,122,17,0.4,Web,24,0,0
6473,Student,170,17,0.14,Desktop,0,1,0
6474,Student,294,79,0.45,Mobile,0,1,0
6475,Free,29,72,0.34,Desktop,41,0,0
6476,Student,77,56,0.34,Web,0,1,0
6477,Family,10,1,0.56,Mobile,0,1,0
6478,Free,34,14,0.44,Desktop,34,0,0
6479,Premium,172,25,0.42,Web,0,1,1
6480,Student,78,8,0.05,Mobile,0,1,1
6481,Family,297,53,0.34,Web,0,1,1
6482,Free,18,22,0.59,Mobile,43,0,0
6483,Family,75,81,0.57,Mobile,0,1,1
6484,Free,75,21,0.17,Mobile,19,0,0
6485,Premium,82,73,0.26,Mobile,0,1,1
6486,Family,89,80,0.32,Web,0,1,0
6487,Family,242,93,0.29,Mobile,0,1,0
6488,Student,50,29,0.16,Mobile,0,1,0
6489,Free,168,25,0.19,Web,38,0,0
6490,Family,217,38,0.34,Desktop,0,1,0
6491,Student,254,16,0.45,Mobile,0,1,0
6492,Student,190,36,0.27,Web,0,1,0
6493,Family,123,19,0.13,Web,0,1,1
6494,Family,47,58,0.59,Web,0,1,1
6495,Premium,194,82,0.17,Web,0,1,0
6496,Family,67,66,0.53,Mobile,0,1,0
6497,Free,296,41,0.23,Desktop,13,0,0
6498,Premium,118,80,0.23,Web,0,1,0
6499,Family,284,97,0.15,Desktop,0,1,0
6500,Student,245,10,0.5,Web,0,1,0
6501,Premium,149,37,0.26,Desktop,0,1,1
6502,Family,281,31,0.19,Mobile,0,1,0
6503,Family,265,69,0.16,Desktop,0,1,0
6504,Student,56,31,0.16,Desktop,0,1,0
6505,Student,43,89,0.53,Desktop,0,1,0
6506,Student,220,93,0.34,Mobile,0,1,0
6507,Family,53,39,0.01,Web,0,1,0
6508,Family,146,32,0.41,Mobile,0,1,0
6509,Free,12,90,0.09,Mobile,39,0,0
6510,Family,256,17,0.1,Desktop,0,1,1
6511,Free,290,44,0.05,Web,20,0,0
6512,Free,123,80,0.33,Web,22,0,0
6513,Free,174,12,0.2,Desktop,15,0,1
6514,Family,64,41,0.54,Desktop,0,1,0
6515,Premium,185,65,0.19,Web,0,1,0
6516,Premium,85,92,0.18,Desktop,0,1,0
6517,Premium,255,75,0.57,Mobile,0,1,0
6518,Family,162,24,0.15,Desktop,0,1,0
6519,Family,262,53,0.55,Desktop,0,1,0
6520,Premium,230,46,0.44,Mobile,0,1,0
6521,Family,294,33,0.07,Desktop,0,1,0
6522,Free,146,85,0.51,Desktop,19,0,0
6523,Free,105,66,0.48,Desktop,36,0,0
6524,Premium,147,77,0.09,Web,0,1,0
6525,Family,275,18,0.12,Desktop,0,1,0
6526,Student,299,39,0.12,Desktop,0,1,0
6527,Family,220,81,0.16,Mobile,0,1,0
6528,Student,272,98,0.58,Web,0,1,0
6529,Student,264,80,0.3,Web,0,1,1
6530,Free,54,38,0.56,Mobile,30,0,0
6531,Free,23,87,0.11,Mobile,27,0,0
6532,Student,43,43,0.08,Web,0,1,0
6533,Premium,169,28,0.4,Mobile,0,1,1
6534,Free,52,21,0.52,Mobile,5,0,0
6535,Family,189,92,0.23,Web,0,1,0
6536,Premium,14,92,0.31,Desktop,0,1,0
6537,Premium,51,63,0.15,Web,0,1,0
6538,Student,41,22,0.55,Desktop,0,1,1
6539,Family,98,19,0.42,Mobile,0,1,0
6540,Premium,94,33,0.54,Mobile,0,1,1
6541,Student,261,60,0.4,Desktop,0,1,0
6542,Premium,180,40,0.32,Web,0,1,0
6543,Family,178,53,0.52,Mobile,0,1,0
6544,Student,31,39,0.58,Mobile,0,1,1
6545,Family,299,99,0.3,Desktop,0,1,0
6546,Premium,240,58,0.14,Desktop,0,1,1
6547,Family,233,45,0.02,Desktop,0,1,0
6548,Free,95,88,0.31,Mobile,13,0,0
6549,Student,155,21,0.35,Mobile,0,1,1
6550,Family,65,68,0.05,Web,0,1,1
6551,Free,160,35,0.52,Desktop,8,0,0
6552,Student,129,29,0.12,Web,0,1,0
6553,Student,290,46,0.4,Desktop,0,1,0
6554,Free,49,70,0.11,Desktop,24,0,0
6555,Family,51,86,0.03,Web,0,1,0
6556,Free,81,30,0.35,Web,42,0,0
6557,Premium,124,5,0.18,Desktop,0,1,1
6558,Family,200,75,0.26,Web,0,1,1
6559,Family,70,70,0.06,Desktop,0,1,0
6560,Student,99,41,0.49,Web,0,1,1
6561,Family,202,44,0.1,Web,0,1,0
6562,Premium,105,82,0.37,Desktop,0,1,0
6563,Student,57,93,0.1,Desktop,0,1,0
6564,Student,248,67,0.09,Desktop,0,1,0
6565,Free,164,32,0.2,Mobile,25,0,0
6566,Premium,85,69,0.39,Web,0,1,0
6567,Student,26,81,0.54,Desktop,0,1,0
6568,Family,208,56,0.15,Web,0,1,0
6569,Family,28,25,0.5,Web,0,1,0
6570,Premium,10,24,0.47,Web,0,1,0
6571,Student,290,31,0.45,Desktop,0,1,0
6572,Student,153,62,0.42,Desktop,0,1,0
6573,Premium,200,88,0.41,Desktop,0,1,0
6574,Free,273,61,0.15,Mobile,9,0,0
6575,Premium,254,96,0.38,Desktop,0,1,0
6576,Premium,298,39,0.09,Mobile,0,1,1
6577,Premium,146,97,0.05,Desktop,0,1,0
6578,Premium,84,68,0.04,Mobile,0,1,0
6579,Family,134,81,0.24,Mobile,0,1,0
6580,Student,125,11,0.21,Desktop,0,1,0
6581,Premium,72,65,0.11,Desktop,0,1,1
6582,Premium,264,85,0.58,Web,0,1,0
6583,Premium,67,38,0.19,Desktop,0,1,0
6584,Family,187,81,0.44,Desktop,0,1,0
6585,Student,24,6,0.59,Desktop,0,1,0
6586,Family,29,79,0.45,Web,0,1,0
6587,Student,125,49,0.12,Desktop,0,1,0
6588,Student,201,57,0.42,Desktop,0,1,0
6589,Student,186,92,0.12,Mobile,0,1,1
6590,Student,54,84,0.14,Mobile,0,1,0
6591,Free,236,48,0.25,Web,8,0,0
6592,Premium,114,88,0.55,Mobile,0,1,0
6593,Family,176,67,0.46,Web,0,1,0
6594,Premium,251,69,0.59,Desktop,0,1,0
6595,Premium,129,25,0.48,Web,0,1,0
6596,Family,201,95,0.24,Web,0,1,1
6597,Premium,49,42,0.3,Mobile,0,1,0
6598,Student,239,73,0.03,Desktop,0,1,0
6599,Premium,30,63,0.41,Desktop,0,1,0
6600,Premium,237,72,0.1,Mobile,0,1,0
6601,Free,97,5,0.6,Mobile,32,0,0
6602,Family,178,59,0.27,Mobile,0,1,0
6603,Free,133,88,0.5,Desktop,49,0,0
6604,Family,169,50,0.2,Mobile,0,1,0
6605,Student,291,52,0.41,Web,0,1,0
6606,Student,276,69,0.07,Web,0,1,0
6607,Premium,46,69,0.04,Web,0,1,0
6608,Family,53,50,0.45,Desktop,0,1,0
6609,Premium,201,74,0.39,Desktop,0,1,0
6610,Family,164,82,0.29,Desktop,0,1,1
6611,Premium,259,15,0.44,Web,0,1,0
6612,Student,128,11,0.03,Mobile,0,1,0
6613,Premium,42,45,0.21,Mobile,0,1,0
6614,Family,258,59,0.48,Desktop,0,1,0
6615,Family,263,8,0.38,Mobile,0,1,0
6616,Family,45,15,0.34,Web,0,1,1
6617,Free,24,60,0.1,Mobile,26,0,0
6618,Free,241,20,0.57,Mobile,26,0,0
6619,Student,41,8,0.17,Web,0,1,1
6620,Premium,252,85,0.55,Mobile,0,1,0
6621,Student,236,60,0.15,Web,0,1,0
6622,Student,173,68,0.51,Web,0,1,0
6623,Student,279,60,0.24,Mobile,0,1,1
6624,Family,286,47,0.25,Web,0,1,0
6625,Premium,170,38,0.6,Web,0,1,0
6626,Student,98,20,0.5,Web,0,1,1
6627,Student,150,37,0.23,Desktop,0,1,0
6628,Premium,139,8,0.48,Mobile,0,1,1
6629,Family,39,81,0.16,Desktop,0,1,0
6630,Family,164,90,0.26,Mobile,0,1,0
6631,Family,282,7,0.25,Desktop,0,1,0
6632,Premium,175,52,0.48,Mobile,0,1,1
6633,Premium,271,14,0.41,Web,0,1,0
6634,Student,268,11,0.19,Mobile,0,1,0
6635,Free,146,93,0.33,Web,28,0,0
6636,Family,134,73,0.55,Desktop,0,1,0
6637,Premium,283,57,0.11,Web,0,1,0
6638,Student,181,91,0.57,Mobile,0,1,0
6639,Family,213,29,0.34,Desktop,0,1,0
6640,Free,206,11,0.56,Desktop,8,0,0
6641,Free,127,81,0.0,Mobile,47,0,0
6642,Family,169,31,0.08,Mobile,0,1,0
6643,Premium,60,65,0.01,Mobile,0,1,0
6644,Family,95,51,0.31,Desktop,0,1,0
6645,Premium,33,91,0.16,Mobile,0,1,0
6646,Student,241,99,0.53,Desktop,0,1,0
6647,Student,105,52,0.2,Mobile,0,1,1
6648,Free,210,81,0.53,Web,14,0,0
6649,Premium,277,33,0.31,Web,0,1,0
6650,Premium,168,76,0.38,Desktop,0,1,0
6651,Student,54,44,0.03,Web,0,1,0
6652,Free,268,48,0.07,Desktop,43,0,0
6653,Student,190,44,0.48,Desktop,0,1,0
6654,Family,291,13,0.2,Web,0,1,1
6655,Student,249,6,0.31,Web,0,1,0
6656,Student,53,72,0.56,Web,0,1,0
6657,Student,88,86,0.19,Web,0,1,0
6658,Student,158,8,0.29,Web,0,1,0
6659,Premium,23,94,0.47,Web,0,1,0
6660,Premium,163,30,0.36,Mobile,0,1,0
6661,Free,100,37,0.04,Desktop,21,0,1
6662,Premium,104,72,0.34,Desktop,0,1,0
6663,Student,58,22,0.15,Mobile,0,1,0
6664,Family,88,2,0.33,Mobile,0,1,0
6665,Free,25,94,0.08,Desktop,42,0,0
6666,Free,296,34,0.01,Desktop,46,0,1
6667,Premium,262,88,0.02,Web,0,1,0
6668,Family,264,85,0.27,Web,0,1,0
6669,Premium,58,88,0.53,Web,0,1,0
6670,Family,249,66,0.0,Desktop,0,1,0
6671,Free,208,29,0.4,Desktop,9,0,0
6672,Free,278,16,0.01,Mobile,28,0,0
6673,Free,15,27,0.46,Mobile,43,0,1
6674,Premium,165,54,0.22,Desktop,0,1,1
6675,Free,144,88,0.55,Mobile,23,0,0
6676,Student,163,13,0.26,Web,0,1,0
6677,Premium,28,48,0.09,Mobile,0,1,1
6678,Student,77,13,0.21,Desktop,0,1,0
6679,Premium,243,80,0.48,Web,0,1,0
6680,Student,119,72,0.35,Web,0,1,0
6681,Premium,197,97,0.01,Desktop,0,1,1
6682,Premium,39,5,0.37,Web,0,1,0
6683,Free,14,98,0.42,Desktop,16,0,1
6684,Student,193,17,0.55,Web,0,1,0
6685,Premium,60,41,0.38,Desktop,0,1,0
6686,Free,270,55,0.51,Web,43,0,0
6687,Family,227,6,0.13,Desktop,0,1,0
6688,Free,69,94,0.16,Desktop,18,0,0
6689,Premium,62,13,0.43,Mobile,0,1,0
6690,Free,67,38,0.53,Web,36,0,0
6691,Premium,208,21,0.04,Mobile,0,1,1
6692,Free,63,64,0.56,Desktop,46,0,0
6693,Free,169,69,0.49,Web,48,0,0
6694,Free,206,88,0.22,Web,39,0,0
6695,Family,110,71,0.16,Mobile,0,1,0
6696,Family,60,9,0.15,Desktop,0,1,0
6697,Premium,247,27,0.18,Web,0,1,0
6698,Premium,98,17,0.17,Mobile,0,1,0
6699,Student,214,68,0.48,Desktop,0,1,0
6700,Premium,69,76,0.06,Web,0,1,0
6701,Premium,163,77,0.05,Web,0,1,0
6702,Family,106,52,0.13,Desktop,0,1,1
6703,Premium,119,77,0.25,Mobile,0,1,0
6704,Premium,180,83,0.54,Web,0,1,0
6705,Free,93,71,0.43,Web,21,0,0
6706,Premium,58,83,0.27,Mobile,0,1,0
6707,Family,219,90,0.32,Desktop,0,1,0
6708,Free,92,66,0.49,Desktop,30,0,0
6709,Free,25,88,0.36,Mobile,37,0,0
6710,Free,37,18,0.42,Web,10,0,0
6711,Free,298,12,0.18,Desktop,47,0,1
6712,Student,267,47,0.49,Desktop,0,1,0
6713,Free,80,82,0.43,Mobile,27,0,0
6714,Family,87,24,0.3,Mobile,0,1,1
6715,Free,186,43,0.54,Desktop,8,0,0
6716,Premium,245,61,0.48,Desktop,0,1,0
6717,Free,28,74,0.03,Web,20,0,0
6718,Premium,80,52,0.53,Mobile,0,1,0
6719,Free,119,99,0.38,Mobile,36,0,0
6720,Student,126,68,0.49,Web,0,1,0
6721,Free,28,18,0.01,Desktop,22,0,1
6722,Family,96,91,0.37,Desktop,0,1,1
6723,Premium,14,96,0.14,Web,0,1,1
6724,Student,155,17,0.58,Mobile,0,1,0
6725,Family,213,71,0.45,Mobile,0,1,0
6726,Student,173,92,0.38,Web,0,1,0
6727,Student,294,44,0.2,Desktop,0,1,0
6728,Premium,83,14,0.15,Mobile,0,1,1
6729,Premium,156,52,0.44,Mobile,0,1,0
6730,Family,214,11,0.1,Web,0,1,0
6731,Free,229,7,0.6,Web,37,0,0
6732,Student,170,55,0.28,Desktop,0,1,0
6733,Free,270,75,0.13,Mobile,18,0,0
6734,Family,158,57,0.46,Web,0,1,0
6735,Family,10,5,0.33,Web,0,1,0
6736,Student,252,34,0.43,Mobile,0,1,1
6737,Family,139,5,0.5,Mobile,0,1,1
6738,Premium,227,88,0.27,Web,0,1,0
6739,Student,155,39,0.34,Mobile,0,1,1
6740,Premium,201,46,0.13,Mobile,0,1,0
6741,Student,146,73,0.34,Web,0,1,1
6742,Family,81,41,0.29,Mobile,0,1,0
6743,Free,252,63,0.34,Web,29,0,0
6744,Premium,167,59,0.45,Web,0,1,0
6745,Family,261,63,0.17,Mobile,0,1,0
6746,Premium,43,28,0.45,Mobile,0,1,0
6747,Student,232,94,0.12,Mobile,0,1,1
6748,Student,204,41,0.07,Desktop,0,1,1
6749,Family,274,48,0.59,Desktop,0,1,1
6750,Free,296,74,0.22,Desktop,10,0,0
6751,Free,223,97,0.08,Mobile,27,0,0
6752,Premium,292,78,0.37,Desktop,0,1,1
6753,Premium,18,95,0.47,Web,0,1,0
6754,Free,250,58,0.44,Web,6,0,0
6755,Family,158,78,0.2,Desktop,0,1,0
6756,Free,256,62,0.56,Mobile,49,0,0
6757,Family,54,68,0.01,Mobile,0,1,0
6758,Student,156,29,0.52,Mobile,0,1,0
6759,Premium,126,59,0.26,Web,0,1,0
6760,Student,240,31,0.56,Mobile,0,1,0
6761,Family,82,11,0.49,Desktop,0,1,0
6762,Premium,251,21,0.34,Desktop,0,1,0
6763,Student,43,59,0.51,Desktop,0,1,0
6764,Student,270,86,0.43,Mobile,0,1,1
6765,Premium,160,2,0.24,Mobile,0,1,0
6766,Premium,266,60,0.0,Web,0,1,0
6767,Free,171,50,0.33,Web,24,0,0
6768,Family,154,8,0.35,Web,0,1,0
6769,Free,164,42,0.49,Desktop,6,0,1
6770,Free,294,20,0.1,Web,7,0,1
6771,Premium,18,60,0.1,Mobile,0,1,0
6772,Free,190,45,0.36,Mobile,24,0,0
6773,Premium,74,86,0.08,Mobile,0,1,1
6774,Free,93,6,0.47,Desktop,39,0,0
6775,Family,205,5,0.42,Desktop,0,1,0
6776,Family,170,39,0.26,Mobile,0,1,0
6777,Family,33,29,0.16,Desktop,0,1,0
6778,Free,188,86,0.54,Desktop,29,0,0
6779,Free,72,95,0.17,Web,43,0,0
6780,Free,167,80,0.13,Mobile,40,0,0
6781,Student,126,59,0.45,Web,0,1,1
6782,Family,75,8,0.52,Desktop,0,1,1
6783,Free,167,31,0.32,Mobile,41,0,0
6784,Student,158,77,0.55,Mobile,0,1,0
6785,Family,225,23,0.25,Mobile,0,1,0
6786,Student,196,21,0.54,Mobile,0,1,0
6787,Free,163,92,0.21,Desktop,8,0,0
6788,Premium,125,20,0.1,Web,0,1,0
6789,Free,240,74,0.18,Desktop,46,0,0
6790,Free,166,72,0.45,Mobile,20,0,0
6791,Student,119,35,0.11,Desktop,0,1,0
6792,Free,183,61,0.32,Desktop,36,0,0
6793,Free,55,51,0.16,Mobile,12,0,0
6794,Premium,280,4,0.14,Desktop,0,1,0
6795,Family,283,33,0.4,Desktop,0,1,0
6796,Family,261,74,0.09,Desktop,0,1,0
6797,Family,205,53,0.13,Web,0,1,1
6798,Premium,84,78,0.04,Mobile,0,1,0
6799,Student,167,81,0.53,Mobile,0,1,0
6800,Free,35,18,0.23,Web,41,0,0
6801,Student,73,32,0.25,Desktop,0,1,1
6802,Premium,54,44,0.5,Web,0,1,0
6803,Premium,106,37,0.53,Mobile,0,1,0
6804,Family,140,82,0.43,Mobile,0,1,1
6805,Family,200,24,0.15,Desktop,0,1,0
6806,Family,274,36,0.13,Desktop,0,1,0
6807,Premium,75,43,0.57,Desktop,0,1,1
6808,Premium,166,77,0.29,Web,0,1,0
6809,Premium,203,88,0.33,Mobile,0,1,0
6810,Family,18,35,0.19,Desktop,0,1,0
6811,Family,127,75,0.09,Mobile,0,1,1
6812,Student,198,5,0.21,Mobile,0,1,0
6813,Premium,265,68,0.57,Desktop,0,1,0
6814,Student,119,57,0.1,Web,0,1,0
6815,Student,55,93,0.58,Mobile,0,1,0
6816,Free,298,74,0.41,Web,12,0,0
6817,Premium,189,30,0.53,Mobile,0,1,1
6818,Free,139,65,0.56,Mobile,9,0,0
6819,Student,167,91,0.22,Mobile,0,1,1
6820,Free,19,27,0.53,Mobile,16,0,0
6821,Student,298,82,0.36,Desktop,0,1,0
6822,Premium,54,36,0.3,Desktop,0,1,0
6823,Free,89,15,0.19,Mobile,40,0,1
6824,Premium,57,16,0.08,Web,0,1,0
6825,Family,105,17,0.17,Web,0,1,0
6826,Premium,85,65,0.01,Desktop,0,1,0
6827,Premium,144,6,0.46,Mobile,0,1,1
6828,Free,24,95,0.15,Mobile,7,0,0
6829,Student,287,53,0.02,Mobile,0,1,0
6830,Student,32,36,0.48,Desktop,0,1,0
6831,Premium,286,26,0.08,Desktop,0,1,0
6832,Family,54,53,0.19,Desktop,0,1,0
6833,Student,14,51,0.04,Mobile,0,1,1
6834,Premium,195,67,0.57,Desktop,0,1,0
6835,Family,274,49,0.43,Desktop,0,1,0
6836,Student,232,94,0.16,Desktop,0,1,0
6837,Free,102,34,0.36,Desktop,43,0,0
6838,Premium,123,42,0.54,Mobile,0,1,1
6839,Free,171,94,0.03,Web,24,0,0
6840,Family,223,19,0.46,Mobile,0,1,0
6841,Student,158,21,0.1,Mobile,0,1,1
6842,Free,161,62,0.2,Desktop,26,0,0
6843,Premium,43,32,0.02,Web,0,1,1
6844,Premium,35,4,0.25,Mobile,0,1,0
6845,Premium,66,30,0.08,Mobile,0,1,0
6846,Premium,115,13,0.16,Mobile,0,1,0
6847,Premium,152,88,0.02,Desktop,0,1,0
6848,Family,44,86,0.56,Mobile,0,1,1
6849,Family,63,11,0.24,Desktop,0,1,1
6850,Student,220,35,0.31,Desktop,0,1,0
6851,Free,32,52,0.33,Desktop,48,0,0
6852,Free,170,23,0.37,Desktop,23,0,0
6853,Family,10,10,0.56,Web,0,1,0
6854,Free,172,63,0.41,Mobile,33,0,0
6855,Free,192,11,0.42,Mobile,44,0,0
6856,Premium,13,68,0.58,Web,0,1,0
6857,Free,234,79,0.44,Desktop,9,0,0
6858,Free,222,92,0.57,Web,16,0,1
6859,Family,223,47,0.18,Desktop,0,1,0
6860,Free,40,44,0.39,Web,43,0,0
6861,Family,242,14,0.24,Mobile,0,1,0
6862,Premium,265,36,0.21,Mobile,0,1,0
6863,Family,225,48,0.19,Web,0,1,0
6864,Family,67,22,0.09,Mobile,0,1,1
6865,Family,30,84,0.41,Mobile,0,1,1
6866,Premium,100,3,0.53,Desktop,0,1,0
6867,Family,148,49,0.04,Web,0,1,0
6868,Student,138,45,0.59,Desktop,0,1,0
6869,Student,297,40,0.23,Web,0,1,0
6870,Student,177,53,0.22,Desktop,0,1,0
6871,Premium,202,63,0.54,Desktop,0,1,0
6872,Premium,134,91,0.14,Desktop,0,1,0
6873,Student,240,73,0.39,Web,0,1,0
6874,Student,71,73,0.21,Desktop,0,1,0
6875,Premium,152,76,0.55,Web,0,1,0
6876,Student,107,89,0.06,Web,0,1,0
6877,Student,102,36,0.45,Mobile,0,1,0
6878,Free,14,45,0.31,Desktop,29,0,1
6879,Free,213,87,0.6,Web,20,0,0
6880,Free,141,4,0.27,Desktop,37,0,1
6881,Student,132,92,0.19,Web,0,1,0
6882,Free,227,83,0.44,Web,7,0,0
6883,Family,284,52,0.35,Web,0,1,0
6884,Student,48,10,0.36,Mobile,0,1,0
6885,Free,271,33,0.58,Desktop,8,0,0
6886,Student,53,82,0.28,Desktop,0,1,0
6887,Premium,16,16,0.09,Desktop,0,1,0
6888,Student,283,90,0.15,Web,0,1,0
6889,Free,94,10,0.18,Mobile,9,0,0
6890,Student,279,93,0.32,Desktop,0,1,0
6891,Free,120,78,0.54,Mobile,41,0,1
6892,Student,55,1,0.09,Web,0,1,0
6893,Premium,244,36,0.26,Desktop,0,1,0
6894,Student,199,71,0.25,Desktop,0,1,1
6895,Free,67,80,0.07,Desktop,35,0,0
6896,Family,288,37,0.01,Mobile,0,1,0
6897,Premium,92,13,0.09,Mobile,0,1,0
6898,Premium,160,50,0.2,Web,0,1,0
6899,Student,138,11,0.24,Web,0,1,0
6900,Family,16,14,0.59,Mobile,0,1,0
6901,Free,39,38,0.25,Desktop,41,0,1
6902,Free,214,26,0.24,Web,47,0,0
6903,Free,138,36,0.32,Desktop,9,0,0
6904,Student,30,38,0.18,Web,0,1,0
6905,Premium,187,56,0.31,Mobile,0,1,0
6906,Student,214,30,0.17,Desktop,0,1,1
6907,Premium,238,95,0.12,Desktop,0,1,1
6908,Student,177,15,0.3,Desktop,0,1,1
6909,Student,124,4,0.46,Web,0,1,1
6910,Free,126,31,0.46,Desktop,15,0,1
6911,Premium,115,46,0.56,Desktop,0,1,0
6912,Free,191,39,0.19,Web,7,0,0
6913,Premium,264,84,0.4,Web,0,1,0
6914,Family,83,68,0.21,Web,0,1,1
6915,Free,151,96,0.42,Web,18,0,0
6916,Student,147,72,0.05,Desktop,0,1,1
6917,Premium,131,10,0.12,Mobile,0,1,0
6918,Student,91,31,0.32,Web,0,1,0
6919,Student,62,14,0.04,Web,0,1,0
6920,Student,287,69,0.22,Desktop,0,1,0
6921,Student,44,30,0.58,Web,0,1,1
6922,Free,239,59,0.05,Web,8,0,0
6923,Premium,132,4,0.35,Mobile,0,1,0
6924,Student,211,43,0.17,Mobile,0,1,1
6925,Free,44,30,0.59,Desktop,18,0,0
6926,Student,207,40,0.37,Desktop,0,1,0
6927,Premium,99,5,0.19,Desktop,0,1,0
6928,Premium,292,15,0.48,Mobile,0,1,0
6929,Student,156,55,0.34,Desktop,0,1,0
6930,Free,26,81,0.45,Desktop,7,0,1
6931,Free,139,49,0.5,Desktop,14,0,0
6932,Premium,267,30,0.59,Desktop,0,1,0
6933,Premium,174,58,0.15,Web,0,1,0
6934,Student,135,10,0.47,Desktop,0,1,1
6935,Student,195,99,0.3,Desktop,0,1,1
6936,Student,242,9,0.43,Mobile,0,1,0
6937,Free,149,6,0.48,Web,39,0,0
6938,Family,220,4,0.6,Desktop,0,1,1
6939,Premium,55,75,0.12,Web,0,1,0
6940,Student,179,67,0.49,Web,0,1,1
6941,Free,142,95,0.6,Web,29,0,1
6942,Free,119,91,0.14,Mobile,41,0,1
6943,Student,77,8,0.44,Mobile,0,1,0
6944,Family,241,54,0.35,Desktop,0,1,0
6945,Family,112,29,0.29,Mobile,0,1,1
6946,Free,140,43,0.35,Web,18,0,1
6947,Student,187,16,0.21,Web,0,1,0
6948,Free,118,65,0.52,Desktop,22,0,0
6949,Student,33,63,0.18,Desktop,0,1,0
6950,Family,279,25,0.35,Web,0,1,1
6951,Student,11,57,0.52,Mobile,0,1,0
6952,Student,241,27,0.08,Web,0,1,0
6953,Free,28,86,0.26,Desktop,42,0,1
6954,Family,86,85,0.46,Web,0,1,0
6955,Family,170,5,0.48,Desktop,0,1,0
6956,Free,270,35,0.2,Mobile,22,0,0
6957,Free,234,32,0.14,Web,44,0,0
6958,Student,266,52,0.41,Desktop,0,1,0
6959,Student,75,72,0.57,Mobile,0,1,0
6960,Family,259,50,0.07,Web,0,1,0
6961,Family,270,14,0.05,Mobile,0,1,1
6962,Family,173,36,0.52,Web,0,1,0
6963,Family,240,59,0.22,Desktop,0,1,0
6964,Free,36,9,0.58,Desktop,25,0,0
6965,Premium,26,68,0.09,Mobile,0,1,0
6966,Premium,247,13,0.34,Desktop,0,1,0
6967,Student,214,83,0.45,Desktop,0,1,1
6968,Family,11,40,0.52,Web,0,1,0
6969,Free,254,60,0.25,Mobile,41,0,0
6970,Free,292,87,0.04,Web,44,0,0
6971,Premium,213,78,0.14,Web,0,1,0
6972,Student,137,75,0.5,Desktop,0,1,1
6973,Family,238,63,0.57,Mobile,0,1,0
6974,Premium,174,59,0.37,Desktop,0,1,1
6975,Free,278,67,0.46,Desktop,22,0,0
6976,Family,162,28,0.23,Web,0,1,0
6977,Family,217,95,0.34,Web,0,1,0
6978,Student,264,21,0.14,Mobile,0,1,1
6979,Free,79,16,0.55,Desktop,32,0,0
6980,Premium,23,7,0.49,Mobile,0,1,0
6981,Premium,262,43,0.31,Desktop,0,1,0
6982,Family,191,43,0.11,Desktop,0,1,0
6983,Student,88,31,0.05,Desktop,0,1,0
6984,Premium,204,65,0.44,Desktop,0,1,0
6985,Family,92,37,0.39,Web,0,1,0
6986,Free,61,86,0.52,Web,19,0,0
6987,Free,269,4,0.39,Web,29,0,0
6988,Free,298,51,0.57,Web,39,0,1
6989,Premium,291,96,0.06,Mobile,0,1,0
6990,Family,59,20,0.12,Desktop,0,1,1
6991,Family,288,25,0.2,Mobile,0,1,0
6992,Free,255,39,0.23,Mobile,49,0,0
6993,Free,80,76,0.39,Mobile,47,0,1
6994,Student,199,17,0.37,Web,0,1,0
6995,Student,11,92,0.49,Web,0,1,0
6996,Premium,93,19,0.26,Desktop,0,1,0
6997,Premium,122,61,0.2,Mobile,0,1,1
6998,Free,220,70,0.34,Web,44,0,0
6999,Student,49,47,0.38,Web,0,1,0
7000,Free,100,89,0.11,Web,13,0,0
7001,Student,57,47,0.15,Desktop,0,1,0
7002,Free,148,93,0.55,Desktop,8,0,0
7003,Family,244,54,0.43,Web,0,1,0
7004,Premium,116,65,0.3,Mobile,0,1,0
7005,Premium,186,18,0.27,Web,0,1,0
7006,Premium,222,47,0.21,Desktop,0,1,1
7007,Student,174,41,0.46,Web,0,1,0
7008,Family,276,90,0.17,Mobile,0,1,1
7009,Free,110,61,0.51,Mobile,38,0,1
7010,Premium,282,3,0.57,Desktop,0,1,0
7011,Family,251,77,0.53,Mobile,0,1,0
7012,Student,128,90,0.3,Mobile,0,1,0
7013,Family,95,96,0.01,Web,0,1,0
7014,Premium,210,26,0.01,Web,0,1,1
7015,Free,252,13,0.01,Web,17,0,0
7016,Free,169,6,0.32,Web,26,0,0
7017,Premium,55,85,0.53,Mobile,0,1,0
7018,Premium,62,31,0.59,Mobile,0,1,1
7019,Student,52,1,0.36,Desktop,0,1,0
7020,Premium,77,73,0.03,Mobile,0,1,0
7021,Family,285,32,0.57,Web,0,1,0
7022,Premium,295,27,0.39,Mobile,0,1,0
7023,Family,268,46,0.01,Web,0,1,1
7024,Free,154,21,0.1,Mobile,41,0,1
7025,Free,72,69,0.49,Mobile,27,0,0
7026,Premium,25,53,0.4,Desktop,0,1,0
7027,Family,59,10,0.2,Web,0,1,0
7028,Family,262,74,0.16,Mobile,0,1,0
7029,Family,59,10,0.31,Mobile,0,1,0
7030,Family,27,76,0.15,Mobile,0,1,0
7031,Student,207,69,0.08,Desktop,0,1,0
7032,Family,235,51,0.31,Desktop,0,1,1
7033,Family,11,78,0.08,Web,0,1,1
7034,Family,220,78,0.22,Mobile,0,1,0
7035,Premium,85,31,0.38,Desktop,0,1,0
7036,Premium,180,86,0.17,Web,0,1,0
7037,Premium,46,60,0.03,Web,0,1,0
7038,Free,127,90,0.19,Web,42,0,0
7039,Premium,74,7,0.17,Desktop,0,1,1
7040,Family,250,50,0.31,Desktop,0,1,0
7041,Student,108,4,0.36,Desktop,0,1,0
7042,Student,36,50,0.41,Mobile,0,1,0
7043,Premium,95,24,0.43,Web,0,1,0
7044,Free,248,13,0.23,Mobile,44,0,0
7045,Family,284,23,0.43,Web,0,1,0
7046,Student,90,59,0.07,Desktop,0,1,0
7047,Student,51,49,0.12,Mobile,0,1,1
7048,Student,264,91,0.28,Web,0,1,0
7049,Premium,136,41,0.04,Mobile,0,1,1
7050,Family,239,65,0.37,Web,0,1,1
7051,Premium,12,60,0.29,Mobile,0,1,1
7052,Student,155,93,0.38,Mobile,0,1,0
7053,Free,234,3,0.53,Mobile,31,0,0
7054,Free,287,82,0.32,Web,35,0,0
7055,Family,41,94,0.3,Desktop,0,1,0
7056,Premium,201,37,0.34,Mobile,0,1,0
7057,Premium,261,92,0.44,Desktop,0,1,1
7058,Student,205,29,0.47,Web,0,1,0
7059,Premium,280,45,0.05,Web,0,1,1
7060,Premium,178,97,0.28,Desktop,0,1,1
7061,Free,44,12,0.36,Web,35,0,0
7062,Family,234,22,0.17,Web,0,1,0
7063,Premium,283,65,0.33,Desktop,0,1,1
7064,Free,273,69,0.24,Desktop,16,0,0
7065,Premium,269,23,0.05,Web,0,1,0
7066,Premium,202,48,0.57,Desktop,0,1,0
7067,Premium,159,73,0.11,Mobile,0,1,1
7068,Free,69,95,0.26,Web,41,0,1
7069,Student,283,95,0.12,Desktop,0,1,0
7070,Free,100,20,0.46,Web,6,0,1
7071,Premium,170,70,0.05,Mobile,0,1,0
7072,Family,293,94,0.54,Web,0,1,0
7073,Family,282,90,0.2,Desktop,0,1,0
7074,Free,62,81,0.22,Desktop,18,0,0
7075,Premium,64,82,0.33,Web,0,1,0
7076,Student,108,88,0.19,Desktop,0,1,0
7077,Free,202,34,0.19,Web,37,0,0
7078,Premium,137,67,0.35,Desktop,0,1,0
7079,Student,199,48,0.24,Mobile,0,1,0
7080,Student,109,20,0.5,Mobile,0,1,0
7081,Student,180,42,0.45,Desktop,0,1,1
7082,Student,139,26,0.49,Web,0,1,0
7083,Student,215,5,0.12,Desktop,0,1,0
7084,Student,250,1,0.35,Mobile,0,1,1
7085,Free,186,7,0.41,Desktop,27,0,0
7086,Premium,80,30,0.39,Desktop,0,1,0
7087,Family,56,90,0.06,Mobile,0,1,1
7088,Free,193,99,0.54,Web,48,0,0
7089,Student,208,25,0.31,Desktop,0,1,1
7090,Family,74,36,0.26,Desktop,0,1,0
7091,Free,232,98,0.13,Desktop,30,0,1
7092,Family,137,48,0.34,Desktop,0,1,0
7093,Premium,140,70,0.59,Mobile,0,1,0
7094,Free,19,8,0.08,Web,22,0,0
7095,Premium,205,94,0.09,Web,0,1,0
7096,Student,181,9,0.59,Mobile,0,1,0
7097,Student,261,14,0.47,Web,0,1,1
7098,Free,224,71,0.16,Web,33,0,1
7099,Free,73,85,0.22,Desktop,27,0,1
7100,Premium,18,69,0.23,Web,0,1,1
7101,Family,68,21,0.44,Mobile,0,1,1
7102,Family,97,97,0.23,Web,0,1,1
7103,Family,177,69,0.44,Desktop,0,1,0
7104,Premium,246,52,0.47,Desktop,0,1,0
7105,Premium,170,47,0.36,Web,0,1,1
7106,Family,197,69,0.4,Web,0,1,0
7107,Premium,47,79,0.5,Desktop,0,1,0
7108,Student,277,58,0.6,Desktop,0,1,0
7109,Premium,33,64,0.05,Web,0,1,0
7110,Family,129,94,0.46,Web,0,1,0
7111,Free,217,83,0.5,Desktop,49,0,0
7112,Family,219,28,0.34,Web,0,1,1
7113,Student,14,52,0.47,Web,0,1,1
7114,Family,31,33,0.2,Web,0,1,0
7115,Family,105,35,0.32,Desktop,0,1,1
7116,Free,114,92,0.03,Web,19,0,0
7117,Student,55,98,0.13,Mobile,0,1,0
7118,Student,280,78,0.25,Mobile,0,1,0
7119,Free,238,88,0.22,Mobile,42,0,0
7120,Premium,36,8,0.35,Web,0,1,0
7121,Student,78,50,0.15,Mobile,0,1,1
7122,Family,245,79,0.29,Desktop,0,1,0
7123,Premium,85,96,0.12,Mobile,0,1,0
7124,Free,90,75,0.52,Web,16,0,0
7125,Family,215,6,0.13,Web,0,1,0
7126,Student,63,83,0.47,Web,0,1,0
7127,Student,185,68,0.58,Web,0,1,0
7128,Student,160,47,0.27,Mobile,0,1,1
7129,Premium,151,36,0.59,Web,0,1,0
7130,Free,275,95,0.31,Web,47,0,0
7131,Student,31,45,0.18,Mobile,0,1,0
7132,Family,170,18,0.55,Web,0,1,0
7133,Student,72,33,0.48,Mobile,0,1,1
7134,Premium,277,13,0.49,Desktop,0,1,0
7135,Student,194,98,0.24,Web,0,1,0
7136,Family,276,71,0.02,Desktop,0,1,1
7137,Family,233,11,0.13,Web,0,1,0
7138,Student,75,43,0.41,Desktop,0,1,0
7139,Family,75,62,0.3,Web,0,1,0
7140,Student,21,62,0.09,Mobile,0,1,0
7141,Student,171,77,0.5,Mobile,0,1,0
7142,Free,204,36,0.07,Web,35,0,0
7143,Student,136,36,0.21,Desktop,0,1,1
7144,Free,42,28,0.6,Web,5,0,0
7145,Free,294,35,0.22,Web,17,0,0
7146,Family,125,56,0.05,Web,0,1,0
7147,Free,184,45,0.38,Mobile,39,0,0
7148,Premium,210,34,0.04,Web,0,1,0
7149,Student,239,93,0.05,Desktop,0,1,1
7150,Student,220,86,0.42,Web,0,1,1
7151,Premium,57,62,0.01,Web,0,1,0
7152,Free,79,40,0.18,Web,23,0,1
7153,Premium,41,62,0.35,Desktop,0,1,0
7154,Student,127,36,0.4,Desktop,0,1,0
7155,Student,64,64,0.37,Desktop,0,1,1
7156,Family,34,50,0.54,Mobile,0,1,0
7157,Family,235,68,0.07,Web,0,1,0
7158,Family,297,88,0.14,Mobile,0,1,0
7159,Free,20,40,0.1,Desktop,45,0,0
7160,Free,54,64,0.01,Mobile,37,0,0
7161,Free,222,48,0.58,Mobile,42,0,0
7162,Family,297,33,0.4,Web,0,1,0
7163,Family,115,72,0.5,Desktop,0,1,1
7164,Free,284,99,0.0,Desktop,7,0,0
7165,Premium,255,99,0.25,Web,0,1,1
7166,Family,112,53,0.6,Desktop,0,1,0
7167,Family,228,82,0.43,Mobile,0,1,0
7168,Premium,175,87,0.0,Mobile,0,1,0
7169,Student,176,59,0.44,Desktop,0,1,0
7170,Premium,39,30,0.56,Mobile,0,1,0
7171,Free,30,54,0.38,Mobile,41,0,0
7172,Family,110,96,0.31,Desktop,0,1,0
7173,Free,212,3,0.23,Desktop,16,0,0
7174,Family,137,30,0.29,Web,0,1,1
7175,Family,270,80,0.59,Desktop,0,1,0
7176,Free,24,37,0.11,Web,12,0,0
7177,Premium,26,37,0.27,Desktop,0,1,1
7178,Premium,137,36,0.43,Mobile,0,1,0
7179,Free,28,15,0.17,Web,18,0,0
7180,Family,21,72,0.55,Mobile,0,1,0
7181,Student,145,70,0.37,Desktop,0,1,1
7182,Family,283,74,0.13,Desktop,0,1,1
7183,Family,107,21,0.47,Mobile,0,1,1
7184,Free,277,49,0.39,Mobile,29,0,0
7185,Premium,43,24,0.48,Mobile,0,1,0
7186,Student,233,78,0.15,Web,0,1,1
7187,Student,11,66,0.5,Mobile,0,1,0
7188,Student,193,70,0.11,Desktop,0,1,0
7189,Premium,204,60,0.56,Desktop,0,1,0
7190,Free,96,56,0.08,Mobile,45,0,1
7191,Premium,79,70,0.34,Web,0,1,0
7192,Student,253,74,0.07,Desktop,0,1,0
7193,Student,194,75,0.42,Mobile,0,1,0
7194,Premium,50,89,0.55,Desktop,0,1,1
7195,Student,112,91,0.28,Mobile,0,1,0
7196,Family,33,53,0.53,Desktop,0,1,0
7197,Free,105,84,0.36,Desktop,30,0,0
7198,Family,143,87,0.23,Web,0,1,1
7199,Free,167,59,0.31,Web,12,0,1
7200,Family,238,28,0.31,Web,0,1,1
7201,Free,255,9,0.56,Mobile,12,0,1
7202,Student,282,97,0.03,Desktop,0,1,0
7203,Family,275,58,0.44,Web,0,1,1
7204,Premium,217,44,0.06,Mobile,0,1,0
7205,Family,228,99,0.55,Desktop,0,1,1
7206,Student,143,99,0.43,Web,0,1,0
7207,Student,259,80,0.35,Web,0,1,0
7208,Family,224,81,0.21,Mobile,0,1,0
7209,Premium,101,88,0.06,Mobile,0,1,0
7210,Premium,85,46,0.09,Mobile,0,1,0
7211,Premium,207,67,0.09,Mobile,0,1,1
7212,Premium,279,45,0.4,Mobile,0,1,0
7213,Free,133,99,0.17,Desktop,24,0,0
7214,Premium,66,47,0.04,Desktop,0,1,0
7215,Family,104,45,0.31,Web,0,1,0
7216,Student,208,62,0.51,Desktop,0,1,0
7217,Free,111,78,0.24,Mobile,12,0,0
7218,Free,273,46,0.31,Web,38,0,0
7219,Free,254,10,0.37,Mobile,31,0,0
7220,Student,243,67,0.02,Mobile,0,1,0
7221,Premium,197,28,0.32,Web,0,1,0
7222,Family,107,81,0.51,Desktop,0,1,0
7223,Student,41,65,0.01,Mobile,0,1,0
7224,Student,209,73,0.38,Desktop,0,1,0
7225,Premium,105,9,0.41,Mobile,0,1,0
7226,Student,65,26,0.33,Mobile,0,1,0
7227,Family,246,25,0.24,Web,0,1,1
7228,Family,184,50,0.09,Mobile,0,1,0
7229,Premium,94,2,0.56,Web,0,1,1
7230,Family,152,17,0.55,Desktop,0,1,1
7231,Free,59,44,0.33,Mobile,33,0,1
7232,Student,118,68,0.44,Web,0,1,0
7233,Family,125,29,0.08,Web,0,1,0
7234,Family,214,58,0.55,Web,0,1,0
7235,Free,106,62,0.52,Web,41,0,1
7236,Free,163,68,0.24,Desktop,47,0,1
7237,Student,244,46,0.1,Desktop,0,1,0
7238,Family,107,32,0.14,Desktop,0,1,1
7239,Free,95,6,0.34,Web,14,0,0
7240,Student,258,49,0.51,Mobile,0,1,0
7241,Student,268,21,0.36,Web,0,1,1
7242,Premium,138,3,0.42,Mobile,0,1,0
7243,Premium,216,36,0.43,Web,0,1,0
7244,Student,56,30,0.53,Web,0,1,0
7245,Student,244,68,0.6,Desktop,0,1,1
7246,Family,214,15,0.57,Desktop,0,1,0
7247,Family,134,35,0.58,Web,0,1,0
7248,Family,226,11,0.06,Web,0,1,0
7249,Premium,15,38,0.13,Desktop,0,1,0
7250,Free,20,87,0.59,Web,25,0,0
7251,Premium,266,60,0.16,Web,0,1,0
7252,Family,42,41,0.19,Desktop,0,1,0
7253,Free,23,64,0.01,Web,26,0,0
7254,Premium,223,52,0.28,Mobile,0,1,0
7255,Student,35,20,0.36,Web,0,1,0
7256,Family,84,96,0.08,Mobile,0,1,1
7257,Family,212,74,0.12,Desktop,0,1,1
7258,Student,289,99,0.38,Desktop,0,1,1
7259,Premium,88,75,0.54,Mobile,0,1,1
7260,Premium,14,27,0.11,Web,0,1,0
7261,Premium,57,13,0.34,Desktop,0,1,0
7262,Free,21,24,0.17,Desktop,35,0,0
7263,Student,241,65,0.59,Desktop,0,1,0
7264,Premium,199,62,0.56,Desktop,0,1,0
7265,Student,272,62,0.58,Desktop,0,1,0
7266,Family,82,93,0.13,Web,0,1,0
7267,Student,131,64,0.41,Mobile,0,1,1
7268,Family,146,20,0.08,Mobile,0,1,1
7269,Student,77,20,0.25,Mobile,0,1,0
7270,Free,226,8,0.2,Desktop,15,0,0
7271,Student,10,5,0.05,Mobile,0,1,0
7272,Free,90,19,0.19,Mobile,45,0,1
7273,Family,269,17,0.35,Mobile,0,1,0
7274,Family,165,56,0.5,Desktop,0,1,0
7275,Student,22,44,0.56,Web,0,1,0
7276,Premium,107,36,0.3,Desktop,0,1,0
7277,Premium,175,73,0.01,Desktop,0,1,0
7278,Family,45,11,0.15,Web,0,1,0
7279,Free,55,24,0.41,Web,39,0,0
7280,Family,167,30,0.55,Desktop,0,1,0
7281,Family,40,65,0.42,Mobile,0,1,0
7282,Free,136,37,0.31,Web,42,0,0
7283,Premium,255,11,0.06,Mobile,0,1,0
7284,Free,173,96,0.32,Desktop,28,0,0
7285,Free,182,70,0.26,Mobile,21,0,0
7286,Premium,80,53,0.05,Mobile,0,1,0
7287,Premium,279,35,0.08,Mobile,0,1,0
7288,Premium,59,73,0.27,Desktop,0,1,0
7289,Family,235,28,0.13,Desktop,0,1,0
7290,Family,96,85,0.34,Desktop,0,1,0
7291,Free,251,60,0.1,Mobile,8,0,0
7292,Premium,122,35,0.24,Desktop,0,1,1
7293,Family,32,13,0.51,Web,0,1,0
7294,Free,63,26,0.17,Mobile,9,0,0
7295,Free,127,70,0.51,Mobile,12,0,0
7296,Premium,218,70,0.35,Mobile,0,1,0
7297,Free,13,42,0.23,Mobile,42,0,0
7298,Premium,169,56,0.17,Desktop,0,1,0
7299,Family,276,97,0.23,Mobile,0,1,1
7300,Premium,203,81,0.45,Mobile,0,1,0
7301,Family,88,57,0.52,Desktop,0,1,0
7302,Premium,123,2,0.5,Web,0,1,0
7303,Free,48,52,0.45,Mobile,14,0,0
7304,Family,79,78,0.07,Desktop,0,1,0
7305,Student,166,71,0.58,Web,0,1,0
7306,Free,212,73,0.57,Web,19,0,1
7307,Student,10,34,0.22,Mobile,0,1,1
7308,Premium,29,38,0.17,Web,0,1,0
7309,Student,166,69,0.25,Desktop,0,1,0
7310,Premium,33,76,0.29,Mobile,0,1,0
7311,Student,108,52,0.26,Mobile,0,1,0
7312,Family,51,10,0.3,Mobile,0,1,0
7313,Free,259,15,0.29,Web,9,0,0
7314,Premium,74,32,0.04,Web,0,1,0
7315,Free,272,53,0.26,Web,32,0,1
7316,Free,126,23,0.42,Desktop,43,0,0
7317,Free,184,38,0.55,Web,10,0,0
7318,Free,225,30,0.24,Desktop,47,0,0
7319,Student,165,49,0.42,Desktop,0,1,1
7320,Free,120,21,0.57,Mobile,9,0,0
7321,Free,135,80,0.03,Desktop,38,0,0
7322,Family,170,51,0.07,Desktop,0,1,0
7323,Family,201,75,0.15,Mobile,0,1,0
7324,Premium,38,22,0.13,Desktop,0,1,0
7325,Student,123,33,0.28,Desktop,0,1,0
7326,Student,148,90,0.53,Web,0,1,0
7327,Family,41,65,0.31,Mobile,0,1,1
7328,Free,266,81,0.45,Desktop,34,0,0
7329,Premium,122,46,0.31,Web,0,1,0
7330,Student,44,62,0.37,Web,0,1,1
7331,Family,204,35,0.41,Web,0,1,0
7332,Family,49,40,0.5,Mobile,0,1,0
7333,Student,82,55,0.25,Desktop,0,1,0
7334,Premium,271,54,0.55,Desktop,0,1,1
7335,Family,186,51,0.58,Mobile,0,1,0
7336,Family,74,45,0.12,Mobile,0,1,0
7337,Free,244,84,0.24,Web,9,0,0
7338,Student,118,59,0.36,Desktop,0,1,0
7339,Free,211,89,0.23,Mobile,12,0,1
7340,Premium,246,37,0.53,Mobile,0,1,0
7341,Free,71,91,0.05,Desktop,35,0,0
7342,Family,155,32,0.46,Mobile,0,1,0
7343,Student,191,75,0.41,Web,0,1,0
7344,Student,224,77,0.06,Desktop,0,1,0
7345,Student,208,14,0.41,Mobile,0,1,0
7346,Premium,234,69,0.44,Mobile,0,1,0
7347,Family,280,28,0.2,Desktop,0,1,1
7348,Free,106,91,0.49,Mobile,12,0,0
7349,Premium,281,87,0.46,Desktop,0,1,1
7350,Free,259,21,0.19,Mobile,43,0,0
7351,Premium,262,12,0.17,Web,0,1,0
7352,Free,274,94,0.26,Desktop,36,0,0
7353,Family,172,28,0.56,Desktop,0,1,0
7354,Premium,238,73,0.07,Web,0,1,0
7355,Premium,145,48,0.59,Desktop,0,1,0
7356,Free,244,51,0.07,Web,18,0,0
7357,Premium,299,57,0.56,Desktop,0,1,1
7358,Student,125,85,0.44,Mobile,0,1,1
7359,Student,218,50,0.56,Desktop,0,1,0
7360,Student,144,3,0.58,Web,0,1,1
7361,Student,269,41,0.12,Desktop,0,1,0
7362,Premium,149,18,0.02,Web,0,1,0
7363,Premium,210,89,0.06,Mobile,0,1,0
7364,Student,100,14,0.34,Desktop,0,1,1
7365,Student,166,29,0.51,Mobile,0,1,0
7366,Free,156,2,0.33,Mobile,41,0,0
7367,Family,162,81,0.06,Mobile,0,1,1
7368,Student,294,5,0.05,Mobile,0,1,1
7369,Free,142,96,0.02,Web,41,0,0
7370,Student,76,77,0.23,Mobile,0,1,1
7371,Premium,292,44,0.09,Mobile,0,1,0
7372,Family,262,65,0.04,Mobile,0,1,0
7373,Premium,73,80,0.15,Mobile,0,1,1
7374,Family,153,76,0.14,Web,0,1,0
7375,Free,32,65,0.28,Desktop,5,0,0
7376,Student,274,30,0.3,Desktop,0,1,0
7377,Family,143,41,0.48,Mobile,0,1,1
7378,Family,47,59,0.08,Desktop,0,1,1
7379,Student,107,1,0.6,Mobile,0,1,0
7380,Premium,167,6,0.33,Web,0,1,0
7381,Premium,269,57,0.52,Desktop,0,1,0
7382,Free,218,31,0.41,Desktop,40,0,0
7383,Student,99,6,0.18,Mobile,0,1,0
7384,Student,128,60,0.59,Desktop,0,1,0
7385,Premium,172,43,0.3,Mobile,0,1,0
7386,Free,202,68,0.43,Web,30,0,1
7387,Student,108,56,0.51,Desktop,0,1,0
7388,Premium,229,28,0.22,Web,0,1,1
7389,Family,229,98,0.33,Mobile,0,1,0
7390,Premium,35,25,0.33,Desktop,0,1,0
7391,Free,48,34,0.48,Mobile,44,0,0
7392,Family,172,83,0.07,Mobile,0,1,0
7393,Premium,31,20,0.48,Web,0,1,0
7394,Family,137,26,0.39,Web,0,1,0
7395,Family,45,39,0.08,Mobile,0,1,0
7396,Family,14,56,0.04,Mobile,0,1,0
7397,Free,212,17,0.35,Mobile,45,0,1
7398,Student,25,33,0.38,Web,0,1,0
7399,Student,243,35,0.28,Mobile,0,1,0
7400,Premium,29,5,0.57,Web,0,1,1
7401,Premium,291,64,0.09,Web,0,1,0
7402,Student,95,14,0.56,Web,0,1,0
7403,Premium,276,25,0.05,Desktop,0,1,1
7404,Premium,235,12,0.46,Web,0,1,0
7405,Student,255,66,0.05,Desktop,0,1,0
7406,Student,220,39,0.3,Mobile,0,1,0
7407,Premium,37,55,0.44,Desktop,0,1,0
7408,Student,177,85,0.28,Web,0,1,0
7409,Premium,190,36,0.21,Mobile,0,1,0
7410,Premium,242,14,0.4,Mobile,0,1,0
7411,Free,55,42,0.27,Web,42,0,0
7412,Family,69,47,0.22,Desktop,0,1,0
7413,Family,12,25,0.03,Desktop,0,1,0
7414,Family,174,94,0.3,Web,0,1,0
7415,Premium,75,93,0.59,Mobile,0,1,1
7416,Student,293,25,0.59,Web,0,1,1
7417,Free,97,30,0.02,Desktop,36,0,1
7418,Student,272,31,0.37,Desktop,0,1,0
7419,Family,50,51,0.25,Desktop,0,1,0
7420,Family,132,25,0.27,Desktop,0,1,0
7421,Premium,68,54,0.16,Web,0,1,0
7422,Family,27,12,0.04,Web,0,1,1
7423,Free,22,97,0.49,Mobile,18,0,1
7424,Free,64,96,0.08,Desktop,8,0,0
7425,Student,98,48,0.27,Web,0,1,0
7426,Premium,187,41,0.59,Mobile,0,1,0
7427,Premium,153,56,0.03,Web,0,1,1
7428,Free,237,40,0.46,Web,13,0,0
7429,Family,52,72,0.5,Web,0,1,0
7430,Family,84,13,0.44,Web,0,1,0
7431,Free,209,41,0.59,Web,45,0,1
7432,Student,264,40,0.35,Mobile,0,1,1
7433,Family,185,45,0.3,Web,0,1,0
7434,Premium,171,97,0.03,Web,0,1,0
7435,Student,174,1,0.3,Web,0,1,0
7436,Free,164,82,0.57,Desktop,21,0,0
7437,Premium,240,77,0.25,Mobile,0,1,0
7438,Free,162,68,0.39,Desktop,44,0,0
7439,Premium,154,96,0.25,Mobile,0,1,0
7440,Free,32,58,0.01,Web,42,0,0
7441,Family,283,75,0.11,Desktop,0,1,1
7442,Family,252,91,0.26,Mobile,0,1,0
7443,Student,75,7,0.21,Mobile,0,1,0
7444,Family,59,54,0.03,Desktop,0,1,0
7445,Premium,221,41,0.3,Desktop,0,1,0
7446,Family,238,1,0.09,Desktop,0,1,0
7447,Student,249,52,0.31,Web,0,1,0
7448,Student,66,91,0.38,Desktop,0,1,0
7449,Free,112,17,0.37,Web,42,0,0
7450,Free,115,54,0.49,Web,8,0,1
7451,Student,67,79,0.14,Mobile,0,1,0
7452,Premium,143,3,0.54,Mobile,0,1,0
7453,Premium,131,46,0.32,Mobile,0,1,0
7454,Student,112,44,0.03,Web,0,1,0
7455,Student,167,87,0.55,Web,0,1,0
7456,Student,265,4,0.47,Web,0,1,1
7457,Family,154,13,0.21,Web,0,1,0
7458,Student,57,73,0.5,Desktop,0,1,0
7459,Student,285,83,0.39,Desktop,0,1,1
7460,Free,123,60,0.17,Web,17,0,0
7461,Free,140,20,0.37,Desktop,35,0,0
7462,Free,178,31,0.59,Web,36,0,0
7463,Family,27,68,0.25,Mobile,0,1,0
7464,Family,120,83,0.39,Mobile,0,1,0
7465,Free,20,67,0.12,Web,16,0,1
7466,Student,127,54,0.52,Web,0,1,0
7467,Student,190,19,0.45,Mobile,0,1,0
7468,Family,162,13,0.49,Web,0,1,1
7469,Family,142,68,0.23,Web,0,1,0
7470,Free,152,54,0.19,Desktop,20,0,0
7471,Free,203,4,0.31,Mobile,10,0,0
7472,Family,64,22,0.38,Mobile,0,1,0
7473,Family,36,95,0.04,Desktop,0,1,0
7474,Free,62,78,0.52,Desktop,41,0,0
7475,Premium,112,18,0.42,Desktop,0,1,0
7476,Premium,165,76,0.48,Web,0,1,0
7477,Student,188,83,0.15,Mobile,0,1,0
7478,Family,224,16,0.52,Desktop,0,1,1
7479,Premium,275,47,0.11,Desktop,0,1,0
7480,Free,150,66,0.1,Mobile,14,0,0
7481,Free,78,93,0.27,Desktop,37,0,1
7482,Free,89,99,0.21,Web,15,0,0
7483,Premium,75,5,0.02,Web,0,1,1
7484,Free,54,24,0.31,Mobile,33,0,0
7485,Free,27,14,0.2,Mobile,21,0,0
7486,Family,260,54,0.55,Web,0,1,0
7487,Student,123,70,0.41,Mobile,0,1,1
7488,Premium,86,48,0.43,Desktop,0,1,0
7489,Family,286,57,0.57,Web,0,1,0
7490,Free,38,54,0.24,Web,26,0,0
7491,Free,15,65,0.18,Desktop,45,0,0
7492,Premium,139,69,0.56,Desktop,0,1,0
7493,Family,186,57,0.38,Mobile,0,1,1
7494,Free,26,63,0.21,Web,14,0,0
7495,Premium,89,49,0.05,Mobile,0,1,0
7496,Premium,250,47,0.31,Desktop,0,1,1
7497,Premium,152,13,0.01,Mobile,0,1,0
7498,Student,221,21,0.29,Mobile,0,1,1
7499,Family,120,6,0.19,Desktop,0,1,0
7500,Premium,216,4,0.02,Web,0,1,0
7501,Family,292,21,0.43,Mobile,0,1,0
7502,Free,99,79,0.37,Desktop,7,0,0
7503,Student,52,35,0.11,Mobile,0,1,0
7504,Student,233,78,0.31,Mobile,0,1,1
7505,Free,91,91,0.22,Mobile,23,0,0
7506,Free,64,4,0.1,Desktop,32,0,0
7507,Free,224,6,0.21,Web,44,0,0
7508,Student,48,11,0.15,Mobile,0,1,0
7509,Premium,253,34,0.41,Mobile,0,1,0
7510,Free,235,69,0.48,Desktop,30,0,1
7511,Free,258,60,0.12,Mobile,5,0,0
7512,Student,27,35,0.33,Mobile,0,1,0
7513,Premium,174,95,0.19,Desktop,0,1,0
7514,Free,158,54,0.44,Desktop,5,0,0
7515,Free,227,3,0.58,Desktop,31,0,0
7516,Student,40,61,0.17,Web,0,1,0
7517,Free,154,91,0.57,Web,20,0,1
7518,Premium,269,21,0.53,Desktop,0,1,0
7519,Student,69,52,0.19,Mobile,0,1,1
7520,Free,64,20,0.35,Web,44,0,0
7521,Student,74,51,0.27,Mobile,0,1,0
7522,Student,62,19,0.35,Mobile,0,1,1
7523,Student,246,96,0.24,Mobile,0,1,0
7524,Premium,18,9,0.05,Desktop,0,1,1
7525,Premium,60,12,0.1,Web,0,1,0
7526,Student,26,2,0.57,Mobile,0,1,1
7527,Student,57,68,0.53,Desktop,0,1,0
7528,Student,93,83,0.02,Mobile,0,1,0
7529,Student,293,60,0.4,Mobile,0,1,0
7530,Student,176,95,0.03,Web,0,1,0
7531,Free,133,19,0.27,Desktop,35,0,0
7532,Student,292,27,0.58,Desktop,0,1,0
7533,Premium,202,39,0.09,Web,0,1,0
7534,Family,174,92,0.2,Mobile,0,1,0
7535,Premium,184,10,0.14,Desktop,0,1,1
7536,Family,273,38,0.39,Web,0,1,1
7537,Family,207,32,0.13,Desktop,0,1,1
7538,Free,120,35,0.46,Web,26,0,0
7539,Family,52,65,0.47,Desktop,0,1,0
7540,Premium,31,36,0.38,Desktop,0,1,0
7541,Family,297,3,0.21,Mobile,0,1,0
7542,Family,64,78,0.56,Mobile,0,1,0
7543,Free,256,79,0.22,Mobile,25,0,0
7544,Family,288,88,0.17,Web,0,1,1
7545,Student,23,33,0.41,Desktop,0,1,0
7546,Student,71,64,0.01,Web,0,1,1
7547,Family,286,97,0.24,Desktop,0,1,0
7548,Premium,133,1,0.03,Mobile,0,1,0
7549,Student,268,1,0.41,Desktop,0,1,0
7550,Free,92,59,0.11,Web,23,0,0
7551,Family,124,41,0.59,Web,0,1,0
7552,Premium,102,43,0.36,Web,0,1,0
7553,Family,172,22,0.23,Mobile,0,1,0
7554,Premium,32,94,0.06,Web,0,1,0
7555,Family,279,49,0.15,Mobile,0,1,0
7556,Premium,266,72,0.08,Web,0,1,0
7557,Free,254,69,0.32,Web,20,0,1
7558,Family,18,51,0.12,Mobile,0,1,0
7559,Student,70,90,0.21,Web,0,1,0
7560,Student,25,69,0.25,Web,0,1,0
7561,Student,209,10,0.07,Desktop,0,1,0
7562,Free,288,29,0.13,Web,41,0,0
7563,Free,197,62,0.03,Web,29,0,1
7564,Premium,293,96,0.55,Web,0,1,0
7565,Student,122,80,0.56,Web,0,1,0
7566,Premium,194,6,0.09,Mobile,0,1,1
7567,Family,235,39,0.28,Web,0,1,0
7568,Free,27,8,0.48,Desktop,38,0,0
7569,Free,60,75,0.57,Web,42,0,0
7570,Premium,131,63,0.01,Desktop,0,1,0
7571,Premium,146,77,0.4,Desktop,0,1,1
7572,Student,65,95,0.1,Desktop,0,1,0
7573,Student,125,27,0.1,Desktop,0,1,0
7574,Premium,108,97,0.21,Mobile,0,1,0
7575,Free,212,64,0.48,Desktop,10,0,0
7576,Student,260,97,0.23,Desktop,0,1,0
7577,Premium,185,93,0.46,Mobile,0,1,0
7578,Family,155,57,0.6,Mobile,0,1,0
7579,Premium,241,33,0.04,Desktop,0,1,0
7580,Premium,227,82,0.42,Desktop,0,1,1
7581,Free,182,30,0.47,Desktop,25,0,1
7582,Premium,274,55,0.5,Web,0,1,0
7583,Premium,107,95,0.27,Mobile,0,1,0
7584,Premium,250,44,0.31,Mobile,0,1,0
7585,Premium,237,28,0.03,Mobile,0,1,1
7586,Free,182,81,0.6,Web,32,0,0
7587,Free,134,93,0.12,Mobile,47,0,1
7588,Premium,48,80,0.57,Mobile,0,1,1
7589,Family,249,97,0.41,Desktop,0,1,0
7590,Free,184,10,0.27,Web,11,0,0
7591,Free,227,92,0.07,Mobile,43,0,1
7592,Free,240,34,0.5,Desktop,30,0,0
7593,Premium,82,81,0.41,Web,0,1,0
7594,Premium,179,10,0.14,Desktop,0,1,0
7595,Free,234,98,0.4,Mobile,25,0,0
7596,Premium,254,11,0.04,Web,0,1,0
7597,Family,59,96,0.41,Mobile,0,1,0
7598,Student,10,81,0.55,Mobile,0,1,0
7599,Family,288,8,0.37,Desktop,0,1,0
7600,Family,148,90,0.1,Mobile,0,1,0
7601,Family,55,30,0.23,Desktop,0,1,1
7602,Student,287,15,0.34,Desktop,0,1,0
7603,Premium,150,88,0.16,Desktop,0,1,0
7604,Family,136,58,0.51,Web,0,1,0
7605,Premium,89,58,0.4,Desktop,0,1,0
7606,Student,11,16,0.58,Mobile,0,1,0
7607,Family,163,54,0.57,Desktop,0,1,0
7608,Student,129,54,0.12,Desktop,0,1,0
7609,Student,144,62,0.19,Desktop,0,1,1
7610,Free,119,69,0.21,Mobile,38,0,1
7611,Family,106,90,0.32,Mobile,0,1,0
7612,Premium,46,23,0.09,Desktop,0,1,0
7613,Premium,243,65,0.55,Mobile,0,1,0
7614,Free,268,45,0.19,Mobile,6,0,0
7615,Premium,210,2,0.52,Desktop,0,1,0
7616,Free,179,92,0.53,Web,6,0,0
7617,Student,173,31,0.43,Desktop,0,1,0
7618,Premium,292,36,0.32,Desktop,0,1,0
7619,Premium,147,74,0.57,Web,0,1,1
7620,Premium,194,38,0.47,Web,0,1,0
7621,Free,287,44,0.07,Web,10,0,0
7622,Student,112,25,0.36,Mobile,0,1,0
7623,Free,40,64,0.38,Desktop,12,0,1
7624,Premium,199,26,0.29,Desktop,0,1,0
7625,Family,198,31,0.44,Desktop,0,1,0
7626,Family,77,78,0.21,Mobile,0,1,1
7627,Family,133,77,0.17,Web,0,1,0
7628,Free,65,7,0.32,Desktop,9,0,0
7629,Student,115,70,0.25,Desktop,0,1,0
7630,Student,62,28,0.56,Mobile,0,1,0
7631,Free,281,5,0.21,Mobile,24,0,0
7632,Student,65,3,0.28,Mobile,0,1,0
7633,Free,281,22,0.24,Desktop,8,0,0
7634,Family,249,95,0.35,Web,0,1,1
7635,Premium,117,62,0.05,Desktop,0,1,0
7636,Student,244,7,0.22,Mobile,0,1,1
7637,Premium,119,3,0.42,Web,0,1,0
7638,Family,32,12,0.58,Mobile,0,1,0
7639,Premium,183,11,0.32,Desktop,0,1,0
7640,Free,57,78,0.57,Mobile,21,0,0
7641,Student,268,67,0.22,Mobile,0,1,1
7642,Free,257,32,0.1,Desktop,44,0,0
7643,Free,146,46,0.25,Web,32,0,0
7644,Premium,88,47,0.14,Mobile,0,1,1
7645,Premium,30,86,0.05,Web,0,1,1
7646,Student,99,58,0.59,Mobile,0,1,0
7647,Premium,58,11,0.55,Web,0,1,0
7648,Free,53,13,0.38,Mobile,30,0,0
7649,Family,204,77,0.08,Web,0,1,0
7650,Family,165,16,0.33,Mobile,0,1,1
7651,Free,149,66,0.52,Mobile,35,0,1
7652,Family,140,62,0.14,Web,0,1,0
7653,Free,224,34,0.08,Mobile,19,0,1
7654,Student,255,21,0.5,Mobile,0,1,0
7655,Student,195,85,0.16,Web,0,1,0
7656,Family,63,41,0.25,Web,0,1,1
7657,Student,193,53,0.38,Web,0,1,0
7658,Premium,234,13,0.04,Web,0,1,1
7659,Student,49,15,0.23,Web,0,1,1
7660,Student,125,24,0.6,Desktop,0,1,0
7661,Premium,15,95,0.52,Mobile,0,1,0
7662,Family,92,54,0.08,Web,0,1,1
7663,Student,143,30,0.41,Desktop,0,1,0
7664,Student,127,52,0.3,Desktop,0,1,0
7665,Premium,295,55,0.54,Mobile,0,1,0
7666,Premium,19,97,0.3,Desktop,0,1,1
7667,Student,204,3,0.15,Web,0,1,0
7668,Family,231,84,0.46,Desktop,0,1,0
7669,Student,28,87,0.24,Mobile,0,1,0
7670,Student,79,76,0.42,Web,0,1,0
7671,Free,57,33,0.48,Web,12,0,0
7672,Premium,292,57,0.29,Desktop,0,1,0
7673,Premium,241,13,0.13,Web,0,1,1
7674,Family,195,69,0.55,Web,0,1,1
7675,Free,127,14,0.08,Web,16,0,0
7676,Premium,182,35,0.35,Mobile,0,1,0
7677,Student,129,40,0.27,Desktop,0,1,0
7678,Family,29,6,0.31,Web,0,1,0
7679,Student,52,18,0.53,Mobile,0,1,0
7680,Student,93,3,0.22,Web,0,1,0
7681,Student,71,76,0.6,Desktop,0,1,1
7682,Student,155,22,0.49,Mobile,0,1,0
7683,Premium,264,80,0.28,Desktop,0,1,0
7684,Family,189,73,0.14,Desktop,0,1,0
7685,Student,105,17,0.32,Desktop,0,1,0
7686,Family,106,44,0.17,Mobile,0,1,0
7687,Free,47,71,0.23,Desktop,25,0,1
7688,Family,193,70,0.22,Mobile,0,1,0
7689,Family,249,78,0.05,Web,0,1,0
7690,Premium,23,77,0.02,Desktop,0,1,0
7691,Free,56,58,0.31,Mobile,20,0,1
7692,Student,135,35,0.47,Desktop,0,1,0
7693,Free,51,33,0.17,Web,35,0,1
7694,Premium,117,57,0.22,Mobile,0,1,1
7695,Premium,187,2,0.11,Mobile,0,1,0
7696,Premium,296,60,0.23,Web,0,1,0
7697,Premium,171,12,0.28,Desktop,0,1,0
7698,Family,180,84,0.05,Desktop,0,1,0
7699,Free,268,51,0.04,Web,13,0,0
7700,Student,57,50,0.29,Desktop,0,1,0
7701,Family,73,18,0.54,Mobile,0,1,1
7702,Premium,278,38,0.22,Mobile,0,1,0
7703,Free,150,5,0.42,Mobile,22,0,0
7704,Free,204,23,0.35,Desktop,10,0,0
7705,Family,63,44,0.14,Desktop,0,1,0
7706,Premium,154,33,0.45,Web,0,1,0
7707,Student,293,37,0.31,Desktop,0,1,0
7708,Student,144,12,0.27,Web,0,1,0
7709,Premium,210,65,0.02,Web,0,1,0
7710,Family,295,4,0.04,Web,0,1,0
7711,Student,172,18,0.34,Desktop,0,1,0
7712,Student,230,20,0.31,Mobile,0,1,0
7713,Free,159,44,0.47,Web,20,0,0
7714,Family,76,26,0.02,Desktop,0,1,1
7715,Premium,183,28,0.34,Desktop,0,1,0
7716,Premium,198,59,0.05,Web,0,1,1
7717,Student,128,34,0.06,Mobile,0,1,1
7718,Free,55,12,0.2,Desktop,17,0,0
7719,Free,147,58,0.21,Web,22,0,0
7720,Student,11,57,0.58,Mobile,0,1,0
7721,Premium,17,26,0.25,Mobile,0,1,0
7722,Premium,26,28,0.41,Mobile,0,1,0
7723,Family,202,13,0.45,Desktop,0,1,0
7724,Family,196,81,0.16,Mobile,0,1,0
7725,Free,142,29,0.05,Desktop,11,0,0
7726,Premium,226,38,0.28,Mobile,0,1,0
7727,Student,255,98,0.5,Mobile,0,1,0
7728,Free,228,44,0.02,Mobile,31,0,0
7729,Free,100,84,0.02,Mobile,26,0,0
7730,Student,298,50,0.11,Desktop,0,1,0
7731,Family,167,82,0.14,Web,0,1,0
7732,Family,51,24,0.08,Web,0,1,0
7733,Free,265,40,0.56,Mobile,11,0,0
7734,Student,127,65,0.06,Desktop,0,1,1
7735,Family,211,73,0.45,Desktop,0,1,0
7736,Student,46,65,0.33,Mobile,0,1,1
7737,Family,99,9,0.35,Web,0,1,0
7738,Family,181,42,0.58,Web,0,1,0
7739,Premium,170,12,0.52,Mobile,0,1,0
7740,Student,221,22,0.57,Mobile,0,1,0
7741,Family,49,62,0.37,Mobile,0,1,0
7742,Student,217,92,0.34,Web,0,1,0
7743,Premium,138,99,0.46,Mobile,0,1,0
7744,Free,267,75,0.43,Desktop,15,0,0
7745,Free,83,50,0.12,Web,8,0,0
7746,Student,142,80,0.35,Desktop,0,1,0
7747,Premium,50,63,0.28,Web,0,1,1
7748,Free,12,1,0.42,Desktop,29,0,1
7749,Free,118,21,0.33,Mobile,49,0,1
7750,Premium,74,4,0.05,Mobile,0,1,0
7751,Family,176,66,0.38,Mobile,0,1,0
7752,Student,156,61,0.23,Web,0,1,1
7753,Family,61,91,0.6,Desktop,0,1,0
7754,Premium,90,86,0.42,Web,0,1,0
7755,Free,61,8,0.16,Desktop,26,0,0
7756,Free,251,96,0.11,Web,48,0,0
7757,Free,277,85,0.15,Web,9,0,0
7758,Student,216,99,0.1,Web,0,1,0
7759,Premium,116,43,0.21,Desktop,0,1,1
7760,Student,272,95,0.38,Mobile,0,1,0
7761,Family,245,29,0.48,Web,0,1,0
7762,Premium,116,7,0.04,Desktop,0,1,1
7763,Premium,151,93,0.31,Desktop,0,1,0
7764,Student,12,98,0.29,Web,0,1,0
7765,Family,67,91,0.14,Mobile,0,1,0
7766,Free,120,43,0.15,Web,11,0,0
7767,Premium,135,88,0.2,Desktop,0,1,0
7768,Free,113,7,0.22,Desktop,15,0,0
7769,Free,119,39,0.52,Mobile,6,0,0
7770,Premium,218,13,0.23,Desktop,0,1,0
7771,Free,207,56,0.2,Mobile,6,0,1
7772,Free,260,50,0.1,Mobile,47,0,0
7773,Premium,254,21,0.3,Desktop,0,1,0
7774,Family,15,6,0.06,Desktop,0,1,0
7775,Family,15,60,0.55,Web,0,1,0
7776,Free,114,90,0.37,Mobile,30,0,0
7777,Free,241,91,0.53,Web,10,0,0
7778,Premium,250,39,0.51,Web,0,1,0
7779,Free,177,89,0.35,Mobile,22,0,0
7780,Student,293,18,0.23,Mobile,0,1,0
7781,Family,106,59,0.48,Web,0,1,0
7782,Family,150,51,0.55,Mobile,0,1,1
7783,Free,94,13,0.58,Web,45,0,1
7784,Premium,264,16,0.52,Web,0,1,0
7785,Student,253,92,0.29,Web,0,1,0
7786,Student,44,14,0.2,Desktop,0,1,1
7787,Free,298,67,0.42,Mobile,11,0,0
7788,Free,139,81,0.09,Mobile,30,0,0
7789,Free,169,32,0.52,Web,28,0,0
7790,Premium,210,34,0.27,Mobile,0,1,0
7791,Premium,161,93,0.01,Web,0,1,0
7792,Premium,147,31,0.07,Mobile,0,1,0
7793,Student,254,79,0.09,Mobile,0,1,1
7794,Premium,141,55,0.46,Mobile,0,1,1
7795,Premium,281,4,0.38,Web,0,1,0
7796,Premium,209,12,0.51,Web,0,1,1
7797,Student,141,15,0.56,Mobile,0,1,1
7798,Free,200,82,0.03,Mobile,37,0,0
7799,Student,31,91,0.46,Mobile,0,1,0
7800,Student,201,23,0.32,Web,0,1,0
7801,Premium,101,65,0.54,Desktop,0,1,1
7802,Premium,212,45,0.34,Desktop,0,1,0
7803,Student,249,75,0.31,Mobile,0,1,1
7804,Student,28,98,0.33,Mobile,0,1,0
7805,Family,235,49,0.29,Desktop,0,1,1
7806,Student,213,84,0.0,Web,0,1,0
7807,Premium,129,24,0.19,Mobile,0,1,1
7808,Student,157,68,0.01,Desktop,0,1,0
7809,Premium,161,27,0.58,Web,0,1,0
7810,Family,84,31,0.5,Desktop,0,1,1
7811,Free,95,74,0.24,Web,23,0,0
7812,Free,110,11,0.43,Desktop,6,0,0
7813,Free,285,95,0.12,Desktop,9,0,1
7814,Free,77,92,0.52,Desktop,19,0,1
7815,Family,298,65,0.38,Mobile,0,1,0
7816,Premium,109,70,0.27,Web,0,1,0
7817,Family,264,45,0.38,Desktop,0,1,0
7818,Premium,42,73,0.55,Web,0,1,0
7819,Student,110,4,0.37,Mobile,0,1,0
7820,Family,44,83,0.05,Desktop,0,1,1
7821,Free,96,5,0.08,Mobile,21,0,0
7822,Family,214,45,0.33,Desktop,0,1,0
7823,Premium,23,60,0.36,Desktop,0,1,1
7824,Student,116,99,0.4,Web,0,1,0
7825,Student,111,64,0.38,Web,0,1,1
7826,Free,17,73,0.04,Web,34,0,0
7827,Family,266,34,0.1,Web,0,1,0
7828,Student,24,88,0.54,Web,0,1,1
7829,Free,209,59,0.06,Desktop,28,0,0
7830,Student,109,62,0.43,Web,0,1,1
7831,Premium,279,45,0.15,Desktop,0,1,1
7832,Free,222,1,0.58,Web,45,0,0
7833,Free,147,2,0.23,Desktop,47,0,0
7834,Free,246,2,0.4,Mobile,14,0,1
7835,Premium,61,62,0.57,Desktop,0,1,0
7836,Free,117,2,0.08,Desktop,29,0,0
7837,Student,245,79,0.08,Mobile,0,1,0
7838,Family,124,15,0.27,Desktop,0,1,0
7839,Student,106,50,0.33,Web,0,1,0
7840,Family,73,71,0.04,Desktop,0,1,0
7841,Student,42,72,0.24,Mobile,0,1,0
7842,Family,274,64,0.43,Web,0,1,0
7843,Premium,62,11,0.31,Desktop,0,1,0
7844,Student,220,31,0.54,Desktop,0,1,0
7845,Premium,275,1,0.29,Web,0,1,0
7846,Free,70,25,0.12,Desktop,38,0,1
7847,Free,48,74,0.48,Mobile,10,0,0
7848,Family,106,32,0.37,Desktop,0,1,0
7849,Family,14,24,0.35,Web,0,1,1
7850,Family,150,24,0.04,Mobile,0,1,1
7851,Free,59,78,0.58,Mobile,45,0,0
7852,Free,194,27,0.52,Mobile,43,0,1
7853,Premium,242,47,0.12,Mobile,0,1,0
7854,Free,223,88,0.59,Desktop,21,0,0
7855,Premium,99,20,0.22,Web,0,1,0
7856,Free,104,29,0.55,Mobile,32,0,1
7857,Free,41,77,0.04,Desktop,24,0,1
7858,Premium,14,67,0.39,Mobile,0,1,0
7859,Premium,199,46,0.21,Web,0,1,0
7860,Student,263,40,0.27,Web,0,1,0
7861,Premium,180,88,0.28,Mobile,0,1,1
7862,Student,54,61,0.5,Mobile,0,1,1
7863,Free,211,36,0.4,Desktop,34,0,0
7864,Family,192,23,0.06,Mobile,0,1,0
7865,Student,52,97,0.11,Mobile,0,1,0
7866,Premium,151,35,0.32,Desktop,0,1,0
7867,Family,248,46,0.27,Web,0,1,0
7868,Family,133,74,0.5,Web,0,1,0
7869,Premium,164,40,0.54,Mobile,0,1,0
7870,Free,269,43,0.09,Mobile,37,0,0
7871,Free,135,79,0.53,Mobile,25,0,0
7872,Student,200,14,0.51,Desktop,0,1,0
7873,Student,75,95,0.31,Web,0,1,0
7874,Student,132,71,0.43,Web,0,1,0
7875,Premium,296,95,0.56,Mobile,0,1,0
7876,Student,96,22,0.28,Desktop,0,1,0
7877,Premium,117,68,0.3,Mobile,0,1,0
7878,Premium,193,45,0.52,Web,0,1,1
7879,Premium,264,65,0.29,Mobile,0,1,1
7880,Family,87,13,0.11,Desktop,0,1,1
7881,Premium,235,13,0.58,Desktop,0,1,1
7882,Free,216,6,0.39,Web,8,0,0
7883,Student,287,47,0.37,Web,0,1,0
7884,Student,215,5,0.25,Desktop,0,1,0
7885,Student,180,6,0.28,Desktop,0,1,0
7886,Premium,44,26,0.08,Web,0,1,0
7887,Free,220,91,0.56,Mobile,47,0,1
7888,Family,134,25,0.21,Mobile,0,1,0
7889,Free,105,21,0.32,Desktop,11,0,0
7890,Student,28,60,0.58,Mobile,0,1,0
7891,Free,22,48,0.05,Mobile,17,0,0
7892,Student,174,46,0.11,Mobile,0,1,1
7893,Free,277,79,0.25,Mobile,14,0,0
7894,Student,292,51,0.17,Mobile,0,1,0
7895,Free,56,51,0.21,Web,37,0,0
7896,Free,229,28,0.58,Mobile,11,0,0
7897,Student,115,76,0.16,Mobile,0,1,1
7898,Premium,248,57,0.06,Web,0,1,0
7899,Student,84,52,0.03,Desktop,0,1,1
7900,Family,53,97,0.07,Web,0,1,0
7901,Premium,52,60,0.11,Desktop,0,1,1
7902,Free,86,23,0.28,Desktop,28,0,1
7903,Student,67,52,0.29,Mobile,0,1,0
7904,Family,199,5,0.08,Desktop,0,1,0
7905,Premium,248,93,0.32,Desktop,0,1,0
7906,Student,198,50,0.57,Desktop,0,1,0
7907,Student,154,89,0.22,Desktop,0,1,0
7908,Free,228,94,0.35,Desktop,12,0,0
7909,Free,288,60,0.38,Web,17,0,0
7910,Student,100,8,0.59,Desktop,0,1,0
7911,Family,60,35,0.26,Web,0,1,0
7912,Premium,159,75,0.42,Desktop,0,1,0
7913,Premium,152,3,0.22,Desktop,0,1,0
7914,Family,30,85,0.59,Mobile,0,1,0
7915,Premium,108,82,0.43,Mobile,0,1,1
7916,Premium,26,45,0.56,Web,0,1,0
7917,Premium,109,17,0.2,Web,0,1,1
7918,Student,178,23,0.39,Mobile,0,1,0
7919,Student,137,11,0.3,Mobile,0,1,0
7920,Family,298,65,0.2,Mobile,0,1,0
7921,Student,281,30,0.31,Web,0,1,0
7922,Family,62,90,0.34,Web,0,1,0
7923,Premium,150,6,0.25,Web,0,1,0
7924,Free,29,25,0.3,Desktop,38,0,0
7925,Student,209,5,0.16,Desktop,0,1,0
7926,Family,96,19,0.37,Mobile,0,1,0
7927,Free,85,44,0.31,Mobile,38,0,0
7928,Family,189,67,0.45,Mobile,0,1,0
7929,Student,266,48,0.16,Mobile,0,1,0
7930,Student,262,83,0.32,Web,0,1,1
7931,Family,106,32,0.33,Desktop,0,1,0
7932,Premium,31,4,0.28,Mobile,0,1,0
7933,Premium,117,41,0.18,Mobile,0,1,0
7934,Premium,37,50,0.16,Mobile,0,1,0
7935,Family,178,66,0.18,Mobile,0,1,0
7936,Family,106,95,0.4,Web,0,1,0
7937,Free,18,69,0.11,Mobile,26,0,1
7938,Student,180,16,0.3,Desktop,0,1,0
7939,Free,257,11,0.47,Desktop,10,0,1
7940,Premium,97,33,0.24,Desktop,0,1,0
7941,Premium,237,57,0.59,Mobile,0,1,0
7942,Student,106,87,0.47,Web,0,1,0
7943,Premium,117,56,0.58,Mobile,0,1,0
7944,Student,279,66,0.13,Web,0,1,0
7945,Student,17,64,0.32,Web,0,1,1
7946,Premium,153,1,0.23,Mobile,0,1,0
7947,Student,258,7,0.16,Web,0,1,0
7948,Premium,174,20,0.5,Desktop,0,1,0
7949,Premium,180,21,0.36,Desktop,0,1,0
7950,Premium,98,84,0.22,Desktop,0,1,0
7951,Family,187,73,0.21,Web,0,1,0
7952,Premium,72,25,0.29,Mobile,0,1,0
7953,Family,86,16,0.41,Web,0,1,0
7954,Family,151,37,0.43,Mobile,0,1,0
7955,Premium,159,25,0.28,Desktop,0,1,1
7956,Student,106,46,0.49,Web,0,1,0
7957,Student,101,68,0.11,Web,0,1,0
7958,Premium,219,23,0.14,Mobile,0,1,0
7959,Family,174,80,0.33,Web,0,1,0
7960,Free,197,21,0.09,Mobile,45,0,0
7961,Student,145,95,0.41,Web,0,1,0
7962,Student,59,76,0.05,Mobile,0,1,0
7963,Premium,152,1,0.29,Web,0,1,0
7964,Premium,151,70,0.1,Web,0,1,0
7965,Premium,145,85,0.3,Desktop,0,1,0
7966,Family,215,56,0.4,Mobile,0,1,0
7967,Premium,221,93,0.22,Desktop,0,1,0
7968,Premium,266,38,0.31,Desktop,0,1,0
7969,Family,170,16,0.51,Web,0,1,0
7970,Free,297,79,0.14,Mobile,46,0,0
7971,Family,277,80,0.37,Web,0,1,0
7972,Premium,238,3,0.07,Web,0,1,0
7973,Student,161,79,0.46,Mobile,0,1,0
7974,Premium,120,11,0.2,Mobile,0,1,0
7975,Premium,179,1,0.21,Web,0,1,0
7976,Free,177,61,0.28,Mobile,5,0,1
7977,Family,280,21,0.06,Web,0,1,0
7978,Free,179,33,0.35,Desktop,8,0,0
7979,Family,14,30,0.03,Web,0,1,0
7980,Free,250,49,0.2,Mobile,44,0,1
7981,Student,79,21,0.12,Mobile,0,1,1
7982,Family,253,41,0.33,Desktop,0,1,1
7983,Premium,176,77,0.43,Web,0,1,1
7984,Premium,140,28,0.43,Web,0,1,0
7985,Premium,277,76,0.02,Desktop,0,1,1
7986,Premium,64,92,0.12,Desktop,0,1,0
7987,Student,211,58,0.04,Desktop,0,1,0
7988,Student,23,77,0.5,Mobile,0,1,0
7989,Student,137,74,0.53,Desktop,0,1,1
7990,Free,94,59,0.04,Desktop,29,0,0
7991,Premium,71,21,0.04,Desktop,0,1,0
7992,Family,131,71,0.6,Mobile,0,1,0
7993,Free,114,69,0.29,Desktop,49,0,0
7994,Free,206,19,0.45,Web,40,0,0
7995,Family,21,77,0.56,Desktop,0,1,0
7996,Student,237,36,0.3,Mobile,0,1,1
7997,Premium,61,64,0.59,Mobile,0,1,0
7998,Free,81,62,0.33,Desktop,5,0,0
7999,Student,245,94,0.27,Desktop,0,1,0
8000,Free,210,68,0.46,Desktop,6,0,0
